[0.181s] DEBUG:colcon:Command line arguments: ['/usr/bin/colcon', 'build']
[0.181s] DEBUG:colcon:Parsed command line arguments: Namespace(log_base=None, log_level=None, verb_name='build', build_base='build', install_base='install', merge_install=False, symlink_install=False, test_result_base=None, continue_on_error=False, executor='parallel', parallel_workers=12, event_handlers=None, ignore_user_meta=False, metas=['./colcon.meta'], base_paths=['.'], packages_ignore=None, packages_ignore_regex=None, paths=None, packages_up_to=None, packages_up_to_regex=None, packages_above=None, packages_above_and_dependencies=None, packages_above_depth=None, packages_select_by_dep=None, packages_skip_by_dep=None, packages_skip_up_to=None, packages_select_build_failed=False, packages_skip_build_finished=False, packages_select_test_failures=False, packages_skip_test_passed=False, packages_select=None, packages_skip=None, packages_select_regex=None, packages_skip_regex=None, packages_start=None, packages_end=None, allow_overriding=[], cmake_args=['-DCMAKE_EXPORT_COMPILE_COMMANDS=ON'], cmake_target=None, cmake_target_skip_unavailable=False, cmake_clean_cache=False, cmake_clean_first=False, cmake_force_configure=False, ament_cmake_args=None, catkin_cmake_args=None, catkin_skip_building_tests=False, mixin_files=None, mixin=None, verb_parser=<colcon_mixin.mixin.mixin_argument.MixinArgumentDecorator object at 0x7c372209d0a0>, verb_extension=<colcon_core.verb.build.BuildVerb object at 0x7c372209ccb0>, main=<bound method BuildVerb.main of <colcon_core.verb.build.BuildVerb object at 0x7c372209ccb0>>, mixin_verb=('build',))
[0.256s] Level 1:colcon.colcon_core.package_discovery:discover_packages(colcon_meta) check parameters
[0.256s] Level 1:colcon.colcon_core.package_discovery:discover_packages(recursive) check parameters
[0.256s] Level 1:colcon.colcon_core.package_discovery:discover_packages(ignore) check parameters
[0.256s] Level 1:colcon.colcon_core.package_discovery:discover_packages(path) check parameters
[0.256s] Level 1:colcon.colcon_core.package_discovery:discover_packages(colcon_meta) discover
[0.256s] Level 1:colcon.colcon_core.package_discovery:discover_packages(recursive) discover
[0.256s] INFO:colcon.colcon_core.package_discovery:Crawling recursively for packages in '/home/kazusa/kazusa'
[0.257s] Level 1:colcon.colcon_core.package_identification:_identify(.) by extensions ['ignore', 'ignore_ament_install']
[0.257s] Level 1:colcon.colcon_core.package_identification:_identify(.) by extension 'ignore'
[0.257s] Level 1:colcon.colcon_core.package_identification:_identify(.) by extension 'ignore_ament_install'
[0.257s] Level 1:colcon.colcon_core.package_identification:_identify(.) by extensions ['colcon_pkg']
[0.257s] Level 1:colcon.colcon_core.package_identification:_identify(.) by extension 'colcon_pkg'
[0.257s] Level 1:colcon.colcon_core.package_identification:_identify(.) by extensions ['colcon_meta']
[0.257s] Level 1:colcon.colcon_core.package_identification:_identify(.) by extension 'colcon_meta'
[0.257s] Level 1:colcon.colcon_core.package_identification:_identify(.) by extensions ['ros']
[0.257s] Level 1:colcon.colcon_core.package_identification:_identify(.) by extension 'ros'
[0.295s] Level 1:colcon.colcon_core.package_identification:_identify(.) by extensions ['cmake', 'python']
[0.295s] Level 1:colcon.colcon_core.package_identification:_identify(.) by extension 'cmake'
[0.295s] Level 1:colcon.colcon_core.package_identification:_identify(.) by extension 'python'
[0.295s] Level 1:colcon.colcon_core.package_identification:_identify(.) by extensions ['python_setup_py']
[0.295s] Level 1:colcon.colcon_core.package_identification:_identify(.) by extension 'python_setup_py'
[0.295s] Level 1:colcon.colcon_core.package_identification:_identify(build) by extensions ['ignore', 'ignore_ament_install']
[0.295s] Level 1:colcon.colcon_core.package_identification:_identify(build) by extension 'ignore'
[0.295s] Level 1:colcon.colcon_core.package_identification:_identify(build) ignored
[0.296s] Level 1:colcon.colcon_core.package_identification:_identify(install) by extensions ['ignore', 'ignore_ament_install']
[0.296s] Level 1:colcon.colcon_core.package_identification:_identify(install) by extension 'ignore'
[0.296s] Level 1:colcon.colcon_core.package_identification:_identify(install) ignored
[0.296s] Level 1:colcon.colcon_core.package_identification:_identify(log) by extensions ['ignore', 'ignore_ament_install']
[0.296s] Level 1:colcon.colcon_core.package_identification:_identify(log) by extension 'ignore'
[0.296s] Level 1:colcon.colcon_core.package_identification:_identify(log) ignored
[0.296s] Level 1:colcon.colcon_core.package_identification:_identify(ver0) by extensions ['ignore', 'ignore_ament_install']
[0.296s] Level 1:colcon.colcon_core.package_identification:_identify(ver0) by extension 'ignore'
[0.296s] Level 1:colcon.colcon_core.package_identification:_identify(ver0) by extension 'ignore_ament_install'
[0.296s] Level 1:colcon.colcon_core.package_identification:_identify(ver0) by extensions ['colcon_pkg']
[0.296s] Level 1:colcon.colcon_core.package_identification:_identify(ver0) by extension 'colcon_pkg'
[0.296s] Level 1:colcon.colcon_core.package_identification:_identify(ver0) by extensions ['colcon_meta']
[0.296s] Level 1:colcon.colcon_core.package_identification:_identify(ver0) by extension 'colcon_meta'
[0.296s] Level 1:colcon.colcon_core.package_identification:_identify(ver0) by extensions ['ros']
[0.296s] Level 1:colcon.colcon_core.package_identification:_identify(ver0) by extension 'ros'
[0.297s] Level 1:colcon.colcon_core.package_identification:_identify(ver0) by extensions ['cmake', 'python']
[0.297s] Level 1:colcon.colcon_core.package_identification:_identify(ver0) by extension 'cmake'
[0.297s] Level 1:colcon.colcon_core.package_identification:_identify(ver0) by extension 'python'
[0.297s] Level 1:colcon.colcon_core.package_identification:_identify(ver0) by extensions ['python_setup_py']
[0.297s] Level 1:colcon.colcon_core.package_identification:_identify(ver0) by extension 'python_setup_py'
[0.297s] Level 1:colcon.colcon_core.package_identification:_identify(ver0/amcl_config) by extensions ['ignore', 'ignore_ament_install']
[0.297s] Level 1:colcon.colcon_core.package_identification:_identify(ver0/amcl_config) by extension 'ignore'
[0.297s] Level 1:colcon.colcon_core.package_identification:_identify(ver0/amcl_config) by extension 'ignore_ament_install'
[0.297s] Level 1:colcon.colcon_core.package_identification:_identify(ver0/amcl_config) by extensions ['colcon_pkg']
[0.297s] Level 1:colcon.colcon_core.package_identification:_identify(ver0/amcl_config) by extension 'colcon_pkg'
[0.297s] Level 1:colcon.colcon_core.package_identification:_identify(ver0/amcl_config) by extensions ['colcon_meta']
[0.297s] Level 1:colcon.colcon_core.package_identification:_identify(ver0/amcl_config) by extension 'colcon_meta'
[0.297s] Level 1:colcon.colcon_core.package_identification:_identify(ver0/amcl_config) by extensions ['ros']
[0.297s] Level 1:colcon.colcon_core.package_identification:_identify(ver0/amcl_config) by extension 'ros'
[0.301s] DEBUG:colcon.colcon_core.package_identification:Package 'ver0/amcl_config' with type 'ros.ament_cmake' and name 'amcl_config'
[0.301s] Level 1:colcon.colcon_core.package_identification:_identify(ver0/controller) by extensions ['ignore', 'ignore_ament_install']
[0.301s] Level 1:colcon.colcon_core.package_identification:_identify(ver0/controller) by extension 'ignore'
[0.301s] Level 1:colcon.colcon_core.package_identification:_identify(ver0/controller) by extension 'ignore_ament_install'
[0.301s] Level 1:colcon.colcon_core.package_identification:_identify(ver0/controller) by extensions ['colcon_pkg']
[0.301s] Level 1:colcon.colcon_core.package_identification:_identify(ver0/controller) by extension 'colcon_pkg'
[0.301s] Level 1:colcon.colcon_core.package_identification:_identify(ver0/controller) by extensions ['colcon_meta']
[0.301s] Level 1:colcon.colcon_core.package_identification:_identify(ver0/controller) by extension 'colcon_meta'
[0.301s] Level 1:colcon.colcon_core.package_identification:_identify(ver0/controller) by extensions ['ros']
[0.301s] Level 1:colcon.colcon_core.package_identification:_identify(ver0/controller) by extension 'ros'
[0.302s] DEBUG:colcon.colcon_core.package_identification:Package 'ver0/controller' with type 'ros.ament_cmake' and name 'controller'
[0.302s] Level 1:colcon.colcon_core.package_identification:_identify(ver0/controller_src) by extensions ['ignore', 'ignore_ament_install']
[0.302s] Level 1:colcon.colcon_core.package_identification:_identify(ver0/controller_src) by extension 'ignore'
[0.302s] Level 1:colcon.colcon_core.package_identification:_identify(ver0/controller_src) by extension 'ignore_ament_install'
[0.303s] Level 1:colcon.colcon_core.package_identification:_identify(ver0/controller_src) by extensions ['colcon_pkg']
[0.303s] Level 1:colcon.colcon_core.package_identification:_identify(ver0/controller_src) by extension 'colcon_pkg'
[0.303s] Level 1:colcon.colcon_core.package_identification:_identify(ver0/controller_src) by extensions ['colcon_meta']
[0.303s] Level 1:colcon.colcon_core.package_identification:_identify(ver0/controller_src) by extension 'colcon_meta'
[0.303s] Level 1:colcon.colcon_core.package_identification:_identify(ver0/controller_src) by extensions ['ros']
[0.303s] Level 1:colcon.colcon_core.package_identification:_identify(ver0/controller_src) by extension 'ros'
[0.303s] DEBUG:colcon.colcon_core.package_identification:Package 'ver0/controller_src' with type 'ros.ament_cmake' and name 'controller_src'
[0.304s] Level 1:colcon.colcon_core.package_identification:_identify(ver0/custom_msgs) by extensions ['ignore', 'ignore_ament_install']
[0.304s] Level 1:colcon.colcon_core.package_identification:_identify(ver0/custom_msgs) by extension 'ignore'
[0.304s] Level 1:colcon.colcon_core.package_identification:_identify(ver0/custom_msgs) by extension 'ignore_ament_install'
[0.304s] Level 1:colcon.colcon_core.package_identification:_identify(ver0/custom_msgs) by extensions ['colcon_pkg']
[0.304s] Level 1:colcon.colcon_core.package_identification:_identify(ver0/custom_msgs) by extension 'colcon_pkg'
[0.304s] Level 1:colcon.colcon_core.package_identification:_identify(ver0/custom_msgs) by extensions ['colcon_meta']
[0.304s] Level 1:colcon.colcon_core.package_identification:_identify(ver0/custom_msgs) by extension 'colcon_meta'
[0.304s] Level 1:colcon.colcon_core.package_identification:_identify(ver0/custom_msgs) by extensions ['ros']
[0.304s] Level 1:colcon.colcon_core.package_identification:_identify(ver0/custom_msgs) by extension 'ros'
[0.305s] DEBUG:colcon.colcon_core.package_identification:Package 'ver0/custom_msgs' with type 'ros.ament_cmake' and name 'custom_msgs'
[0.305s] Level 1:colcon.colcon_core.package_identification:_identify(ver0/esp_agent) by extensions ['ignore', 'ignore_ament_install']
[0.305s] Level 1:colcon.colcon_core.package_identification:_identify(ver0/esp_agent) by extension 'ignore'
[0.305s] Level 1:colcon.colcon_core.package_identification:_identify(ver0/esp_agent) by extension 'ignore_ament_install'
[0.305s] Level 1:colcon.colcon_core.package_identification:_identify(ver0/esp_agent) by extensions ['colcon_pkg']
[0.305s] Level 1:colcon.colcon_core.package_identification:_identify(ver0/esp_agent) by extension 'colcon_pkg'
[0.305s] Level 1:colcon.colcon_core.package_identification:_identify(ver0/esp_agent) by extensions ['colcon_meta']
[0.305s] Level 1:colcon.colcon_core.package_identification:_identify(ver0/esp_agent) by extension 'colcon_meta'
[0.305s] Level 1:colcon.colcon_core.package_identification:_identify(ver0/esp_agent) by extensions ['ros']
[0.305s] Level 1:colcon.colcon_core.package_identification:_identify(ver0/esp_agent) by extension 'ros'
[0.306s] DEBUG:colcon.colcon_core.package_identification:Package 'ver0/esp_agent' with type 'ros.ament_cmake' and name 'esp_agent'
[0.307s] Level 1:colcon.colcon_core.package_identification:_identify(ver0/launcher) by extensions ['ignore', 'ignore_ament_install']
[0.307s] Level 1:colcon.colcon_core.package_identification:_identify(ver0/launcher) by extension 'ignore'
[0.307s] Level 1:colcon.colcon_core.package_identification:_identify(ver0/launcher) by extension 'ignore_ament_install'
[0.307s] Level 1:colcon.colcon_core.package_identification:_identify(ver0/launcher) by extensions ['colcon_pkg']
[0.307s] Level 1:colcon.colcon_core.package_identification:_identify(ver0/launcher) by extension 'colcon_pkg'
[0.307s] Level 1:colcon.colcon_core.package_identification:_identify(ver0/launcher) by extensions ['colcon_meta']
[0.307s] Level 1:colcon.colcon_core.package_identification:_identify(ver0/launcher) by extension 'colcon_meta'
[0.307s] Level 1:colcon.colcon_core.package_identification:_identify(ver0/launcher) by extensions ['ros']
[0.307s] Level 1:colcon.colcon_core.package_identification:_identify(ver0/launcher) by extension 'ros'
[0.308s] DEBUG:colcon.colcon_core.package_identification:Package 'ver0/launcher' with type 'ros.ament_cmake' and name 'launcher'
[0.308s] Level 1:colcon.colcon_core.package_identification:_identify(ver0/mast) by extensions ['ignore', 'ignore_ament_install']
[0.308s] Level 1:colcon.colcon_core.package_identification:_identify(ver0/mast) by extension 'ignore'
[0.308s] Level 1:colcon.colcon_core.package_identification:_identify(ver0/mast) by extension 'ignore_ament_install'
[0.308s] Level 1:colcon.colcon_core.package_identification:_identify(ver0/mast) by extensions ['colcon_pkg']
[0.308s] Level 1:colcon.colcon_core.package_identification:_identify(ver0/mast) by extension 'colcon_pkg'
[0.308s] Level 1:colcon.colcon_core.package_identification:_identify(ver0/mast) by extensions ['colcon_meta']
[0.308s] Level 1:colcon.colcon_core.package_identification:_identify(ver0/mast) by extension 'colcon_meta'
[0.308s] Level 1:colcon.colcon_core.package_identification:_identify(ver0/mast) by extensions ['ros']
[0.308s] Level 1:colcon.colcon_core.package_identification:_identify(ver0/mast) by extension 'ros'
[0.310s] DEBUG:colcon.colcon_core.package_identification:Package 'ver0/mast' with type 'ros.ament_cmake' and name 'mast'
[0.310s] Level 1:colcon.colcon_core.package_identification:_identify(ver0/mola_conf) by extensions ['ignore', 'ignore_ament_install']
[0.310s] Level 1:colcon.colcon_core.package_identification:_identify(ver0/mola_conf) by extension 'ignore'
[0.310s] Level 1:colcon.colcon_core.package_identification:_identify(ver0/mola_conf) by extension 'ignore_ament_install'
[0.310s] Level 1:colcon.colcon_core.package_identification:_identify(ver0/mola_conf) by extensions ['colcon_pkg']
[0.310s] Level 1:colcon.colcon_core.package_identification:_identify(ver0/mola_conf) by extension 'colcon_pkg'
[0.310s] Level 1:colcon.colcon_core.package_identification:_identify(ver0/mola_conf) by extensions ['colcon_meta']
[0.310s] Level 1:colcon.colcon_core.package_identification:_identify(ver0/mola_conf) by extension 'colcon_meta'
[0.310s] Level 1:colcon.colcon_core.package_identification:_identify(ver0/mola_conf) by extensions ['ros']
[0.310s] Level 1:colcon.colcon_core.package_identification:_identify(ver0/mola_conf) by extension 'ros'
[0.311s] DEBUG:colcon.colcon_core.package_identification:Package 'ver0/mola_conf' with type 'ros.ament_cmake' and name 'mola_conf'
[0.311s] Level 1:colcon.colcon_core.package_identification:_identify(ver0/my_cart2) by extensions ['ignore', 'ignore_ament_install']
[0.312s] Level 1:colcon.colcon_core.package_identification:_identify(ver0/my_cart2) by extension 'ignore'
[0.312s] Level 1:colcon.colcon_core.package_identification:_identify(ver0/my_cart2) by extension 'ignore_ament_install'
[0.312s] Level 1:colcon.colcon_core.package_identification:_identify(ver0/my_cart2) by extensions ['colcon_pkg']
[0.312s] Level 1:colcon.colcon_core.package_identification:_identify(ver0/my_cart2) by extension 'colcon_pkg'
[0.312s] Level 1:colcon.colcon_core.package_identification:_identify(ver0/my_cart2) by extensions ['colcon_meta']
[0.312s] Level 1:colcon.colcon_core.package_identification:_identify(ver0/my_cart2) by extension 'colcon_meta'
[0.312s] Level 1:colcon.colcon_core.package_identification:_identify(ver0/my_cart2) by extensions ['ros']
[0.312s] Level 1:colcon.colcon_core.package_identification:_identify(ver0/my_cart2) by extension 'ros'
[0.314s] DEBUG:colcon.colcon_core.package_identification:Package 'ver0/my_cart2' with type 'ros.ament_cmake' and name 'my_cart2'
[0.314s] Level 1:colcon.colcon_core.package_discovery:discover_packages(recursive) using defaults
[0.314s] Level 1:colcon.colcon_core.package_discovery:discover_packages(ignore) discover
[0.314s] Level 1:colcon.colcon_core.package_discovery:discover_packages(ignore) using defaults
[0.314s] Level 1:colcon.colcon_core.package_discovery:discover_packages(path) discover
[0.314s] Level 1:colcon.colcon_core.package_discovery:discover_packages(path) using defaults
[0.349s] Level 1:colcon.colcon_core.package_discovery:discover_packages(prefix_path) check parameters
[0.349s] Level 1:colcon.colcon_core.package_discovery:discover_packages(prefix_path) discover
[0.353s] DEBUG:colcon.colcon_installed_package_information.package_discovery:Found 1 installed packages in /home/kazusa/ros2_deps_ws/install
[0.356s] DEBUG:colcon.colcon_installed_package_information.package_discovery:Found 434 installed packages in /opt/ros/jazzy
[0.358s] Level 1:colcon.colcon_core.package_discovery:discover_packages(prefix_path) using defaults
[0.423s] Level 5:colcon.colcon_core.verb:set package 'amcl_config' build argument 'cmake_args' from command line to '['-DCMAKE_EXPORT_COMPILE_COMMANDS=ON']'
[0.423s] Level 5:colcon.colcon_core.verb:set package 'amcl_config' build argument 'cmake_target' from command line to 'None'
[0.423s] Level 5:colcon.colcon_core.verb:set package 'amcl_config' build argument 'cmake_target_skip_unavailable' from command line to 'False'
[0.423s] Level 5:colcon.colcon_core.verb:set package 'amcl_config' build argument 'cmake_clean_cache' from command line to 'False'
[0.423s] Level 5:colcon.colcon_core.verb:set package 'amcl_config' build argument 'cmake_clean_first' from command line to 'False'
[0.423s] Level 5:colcon.colcon_core.verb:set package 'amcl_config' build argument 'cmake_force_configure' from command line to 'False'
[0.423s] Level 5:colcon.colcon_core.verb:set package 'amcl_config' build argument 'ament_cmake_args' from command line to 'None'
[0.423s] Level 5:colcon.colcon_core.verb:set package 'amcl_config' build argument 'catkin_cmake_args' from command line to 'None'
[0.423s] Level 5:colcon.colcon_core.verb:set package 'amcl_config' build argument 'catkin_skip_building_tests' from command line to 'False'
[0.423s] DEBUG:colcon.colcon_core.verb:Building package 'amcl_config' with the following arguments: {'ament_cmake_args': None, 'build_base': '/home/kazusa/kazusa/build/amcl_config', 'catkin_cmake_args': None, 'catkin_skip_building_tests': False, 'cmake_args': ['-DCMAKE_EXPORT_COMPILE_COMMANDS=ON'], 'cmake_clean_cache': False, 'cmake_clean_first': False, 'cmake_force_configure': False, 'cmake_target': None, 'cmake_target_skip_unavailable': False, 'install_base': '/home/kazusa/kazusa/install/amcl_config', 'merge_install': False, 'path': '/home/kazusa/kazusa/ver0/amcl_config', 'symlink_install': False, 'test_result_base': None}
[0.424s] Level 5:colcon.colcon_core.verb:set package 'controller' build argument 'cmake_args' from command line to '['-DCMAKE_EXPORT_COMPILE_COMMANDS=ON']'
[0.424s] Level 5:colcon.colcon_core.verb:set package 'controller' build argument 'cmake_target' from command line to 'None'
[0.424s] Level 5:colcon.colcon_core.verb:set package 'controller' build argument 'cmake_target_skip_unavailable' from command line to 'False'
[0.424s] Level 5:colcon.colcon_core.verb:set package 'controller' build argument 'cmake_clean_cache' from command line to 'False'
[0.424s] Level 5:colcon.colcon_core.verb:set package 'controller' build argument 'cmake_clean_first' from command line to 'False'
[0.424s] Level 5:colcon.colcon_core.verb:set package 'controller' build argument 'cmake_force_configure' from command line to 'False'
[0.424s] Level 5:colcon.colcon_core.verb:set package 'controller' build argument 'ament_cmake_args' from command line to 'None'
[0.424s] Level 5:colcon.colcon_core.verb:set package 'controller' build argument 'catkin_cmake_args' from command line to 'None'
[0.424s] Level 5:colcon.colcon_core.verb:set package 'controller' build argument 'catkin_skip_building_tests' from command line to 'False'
[0.424s] DEBUG:colcon.colcon_core.verb:Building package 'controller' with the following arguments: {'ament_cmake_args': None, 'build_base': '/home/kazusa/kazusa/build/controller', 'catkin_cmake_args': None, 'catkin_skip_building_tests': False, 'cmake_args': ['-DCMAKE_EXPORT_COMPILE_COMMANDS=ON'], 'cmake_clean_cache': False, 'cmake_clean_first': False, 'cmake_force_configure': False, 'cmake_target': None, 'cmake_target_skip_unavailable': False, 'install_base': '/home/kazusa/kazusa/install/controller', 'merge_install': False, 'path': '/home/kazusa/kazusa/ver0/controller', 'symlink_install': False, 'test_result_base': None}
[0.424s] Level 5:colcon.colcon_core.verb:set package 'custom_msgs' build argument 'cmake_args' from command line to '['-DCMAKE_EXPORT_COMPILE_COMMANDS=ON']'
[0.424s] Level 5:colcon.colcon_core.verb:set package 'custom_msgs' build argument 'cmake_target' from command line to 'None'
[0.424s] Level 5:colcon.colcon_core.verb:set package 'custom_msgs' build argument 'cmake_target_skip_unavailable' from command line to 'False'
[0.424s] Level 5:colcon.colcon_core.verb:set package 'custom_msgs' build argument 'cmake_clean_cache' from command line to 'False'
[0.424s] Level 5:colcon.colcon_core.verb:set package 'custom_msgs' build argument 'cmake_clean_first' from command line to 'False'
[0.424s] Level 5:colcon.colcon_core.verb:set package 'custom_msgs' build argument 'cmake_force_configure' from command line to 'False'
[0.424s] Level 5:colcon.colcon_core.verb:set package 'custom_msgs' build argument 'ament_cmake_args' from command line to 'None'
[0.424s] Level 5:colcon.colcon_core.verb:set package 'custom_msgs' build argument 'catkin_cmake_args' from command line to 'None'
[0.424s] Level 5:colcon.colcon_core.verb:set package 'custom_msgs' build argument 'catkin_skip_building_tests' from command line to 'False'
[0.424s] DEBUG:colcon.colcon_core.verb:Building package 'custom_msgs' with the following arguments: {'ament_cmake_args': None, 'build_base': '/home/kazusa/kazusa/build/custom_msgs', 'catkin_cmake_args': None, 'catkin_skip_building_tests': False, 'cmake_args': ['-DCMAKE_EXPORT_COMPILE_COMMANDS=ON'], 'cmake_clean_cache': False, 'cmake_clean_first': False, 'cmake_force_configure': False, 'cmake_target': None, 'cmake_target_skip_unavailable': False, 'install_base': '/home/kazusa/kazusa/install/custom_msgs', 'merge_install': False, 'path': '/home/kazusa/kazusa/ver0/custom_msgs', 'symlink_install': False, 'test_result_base': None}
[0.424s] Level 5:colcon.colcon_core.verb:set package 'launcher' build argument 'cmake_args' from command line to '['-DCMAKE_EXPORT_COMPILE_COMMANDS=ON']'
[0.425s] Level 5:colcon.colcon_core.verb:set package 'launcher' build argument 'cmake_target' from command line to 'None'
[0.425s] Level 5:colcon.colcon_core.verb:set package 'launcher' build argument 'cmake_target_skip_unavailable' from command line to 'False'
[0.425s] Level 5:colcon.colcon_core.verb:set package 'launcher' build argument 'cmake_clean_cache' from command line to 'False'
[0.425s] Level 5:colcon.colcon_core.verb:set package 'launcher' build argument 'cmake_clean_first' from command line to 'False'
[0.425s] Level 5:colcon.colcon_core.verb:set package 'launcher' build argument 'cmake_force_configure' from command line to 'False'
[0.425s] Level 5:colcon.colcon_core.verb:set package 'launcher' build argument 'ament_cmake_args' from command line to 'None'
[0.425s] Level 5:colcon.colcon_core.verb:set package 'launcher' build argument 'catkin_cmake_args' from command line to 'None'
[0.425s] Level 5:colcon.colcon_core.verb:set package 'launcher' build argument 'catkin_skip_building_tests' from command line to 'False'
[0.425s] DEBUG:colcon.colcon_core.verb:Building package 'launcher' with the following arguments: {'ament_cmake_args': None, 'build_base': '/home/kazusa/kazusa/build/launcher', 'catkin_cmake_args': None, 'catkin_skip_building_tests': False, 'cmake_args': ['-DCMAKE_EXPORT_COMPILE_COMMANDS=ON'], 'cmake_clean_cache': False, 'cmake_clean_first': False, 'cmake_force_configure': False, 'cmake_target': None, 'cmake_target_skip_unavailable': False, 'install_base': '/home/kazusa/kazusa/install/launcher', 'merge_install': False, 'path': '/home/kazusa/kazusa/ver0/launcher', 'symlink_install': False, 'test_result_base': None}
[0.425s] Level 5:colcon.colcon_core.verb:set package 'mola_conf' build argument 'cmake_args' from command line to '['-DCMAKE_EXPORT_COMPILE_COMMANDS=ON']'
[0.425s] Level 5:colcon.colcon_core.verb:set package 'mola_conf' build argument 'cmake_target' from command line to 'None'
[0.425s] Level 5:colcon.colcon_core.verb:set package 'mola_conf' build argument 'cmake_target_skip_unavailable' from command line to 'False'
[0.425s] Level 5:colcon.colcon_core.verb:set package 'mola_conf' build argument 'cmake_clean_cache' from command line to 'False'
[0.425s] Level 5:colcon.colcon_core.verb:set package 'mola_conf' build argument 'cmake_clean_first' from command line to 'False'
[0.425s] Level 5:colcon.colcon_core.verb:set package 'mola_conf' build argument 'cmake_force_configure' from command line to 'False'
[0.425s] Level 5:colcon.colcon_core.verb:set package 'mola_conf' build argument 'ament_cmake_args' from command line to 'None'
[0.425s] Level 5:colcon.colcon_core.verb:set package 'mola_conf' build argument 'catkin_cmake_args' from command line to 'None'
[0.425s] Level 5:colcon.colcon_core.verb:set package 'mola_conf' build argument 'catkin_skip_building_tests' from command line to 'False'
[0.425s] DEBUG:colcon.colcon_core.verb:Building package 'mola_conf' with the following arguments: {'ament_cmake_args': None, 'build_base': '/home/kazusa/kazusa/build/mola_conf', 'catkin_cmake_args': None, 'catkin_skip_building_tests': False, 'cmake_args': ['-DCMAKE_EXPORT_COMPILE_COMMANDS=ON'], 'cmake_clean_cache': False, 'cmake_clean_first': False, 'cmake_force_configure': False, 'cmake_target': None, 'cmake_target_skip_unavailable': False, 'install_base': '/home/kazusa/kazusa/install/mola_conf', 'merge_install': False, 'path': '/home/kazusa/kazusa/ver0/mola_conf', 'symlink_install': False, 'test_result_base': None}
[0.425s] Level 5:colcon.colcon_core.verb:set package 'my_cart2' build argument 'cmake_args' from command line to '['-DCMAKE_EXPORT_COMPILE_COMMANDS=ON']'
[0.425s] Level 5:colcon.colcon_core.verb:set package 'my_cart2' build argument 'cmake_target' from command line to 'None'
[0.425s] Level 5:colcon.colcon_core.verb:set package 'my_cart2' build argument 'cmake_target_skip_unavailable' from command line to 'False'
[0.425s] Level 5:colcon.colcon_core.verb:set package 'my_cart2' build argument 'cmake_clean_cache' from command line to 'False'
[0.426s] Level 5:colcon.colcon_core.verb:set package 'my_cart2' build argument 'cmake_clean_first' from command line to 'False'
[0.426s] Level 5:colcon.colcon_core.verb:set package 'my_cart2' build argument 'cmake_force_configure' from command line to 'False'
[0.426s] Level 5:colcon.colcon_core.verb:set package 'my_cart2' build argument 'ament_cmake_args' from command line to 'None'
[0.426s] Level 5:colcon.colcon_core.verb:set package 'my_cart2' build argument 'catkin_cmake_args' from command line to 'None'
[0.426s] Level 5:colcon.colcon_core.verb:set package 'my_cart2' build argument 'catkin_skip_building_tests' from command line to 'False'
[0.426s] DEBUG:colcon.colcon_core.verb:Building package 'my_cart2' with the following arguments: {'ament_cmake_args': None, 'build_base': '/home/kazusa/kazusa/build/my_cart2', 'catkin_cmake_args': None, 'catkin_skip_building_tests': False, 'cmake_args': ['-DCMAKE_EXPORT_COMPILE_COMMANDS=ON'], 'cmake_clean_cache': False, 'cmake_clean_first': False, 'cmake_force_configure': False, 'cmake_target': None, 'cmake_target_skip_unavailable': False, 'install_base': '/home/kazusa/kazusa/install/my_cart2', 'merge_install': False, 'path': '/home/kazusa/kazusa/ver0/my_cart2', 'symlink_install': False, 'test_result_base': None}
[0.426s] Level 5:colcon.colcon_core.verb:set package 'controller_src' build argument 'cmake_args' from command line to '['-DCMAKE_EXPORT_COMPILE_COMMANDS=ON']'
[0.426s] Level 5:colcon.colcon_core.verb:set package 'controller_src' build argument 'cmake_target' from command line to 'None'
[0.426s] Level 5:colcon.colcon_core.verb:set package 'controller_src' build argument 'cmake_target_skip_unavailable' from command line to 'False'
[0.426s] Level 5:colcon.colcon_core.verb:set package 'controller_src' build argument 'cmake_clean_cache' from command line to 'False'
[0.426s] Level 5:colcon.colcon_core.verb:set package 'controller_src' build argument 'cmake_clean_first' from command line to 'False'
[0.426s] Level 5:colcon.colcon_core.verb:set package 'controller_src' build argument 'cmake_force_configure' from command line to 'False'
[0.426s] Level 5:colcon.colcon_core.verb:set package 'controller_src' build argument 'ament_cmake_args' from command line to 'None'
[0.426s] Level 5:colcon.colcon_core.verb:set package 'controller_src' build argument 'catkin_cmake_args' from command line to 'None'
[0.426s] Level 5:colcon.colcon_core.verb:set package 'controller_src' build argument 'catkin_skip_building_tests' from command line to 'False'
[0.426s] DEBUG:colcon.colcon_core.verb:Building package 'controller_src' with the following arguments: {'ament_cmake_args': None, 'build_base': '/home/kazusa/kazusa/build/controller_src', 'catkin_cmake_args': None, 'catkin_skip_building_tests': False, 'cmake_args': ['-DCMAKE_EXPORT_COMPILE_COMMANDS=ON'], 'cmake_clean_cache': False, 'cmake_clean_first': False, 'cmake_force_configure': False, 'cmake_target': None, 'cmake_target_skip_unavailable': False, 'install_base': '/home/kazusa/kazusa/install/controller_src', 'merge_install': False, 'path': '/home/kazusa/kazusa/ver0/controller_src', 'symlink_install': False, 'test_result_base': None}
[0.426s] Level 5:colcon.colcon_core.verb:set package 'esp_agent' build argument 'cmake_args' from command line to '['-DCMAKE_EXPORT_COMPILE_COMMANDS=ON']'
[0.426s] Level 5:colcon.colcon_core.verb:set package 'esp_agent' build argument 'cmake_target' from command line to 'None'
[0.426s] Level 5:colcon.colcon_core.verb:set package 'esp_agent' build argument 'cmake_target_skip_unavailable' from command line to 'False'
[0.426s] Level 5:colcon.colcon_core.verb:set package 'esp_agent' build argument 'cmake_clean_cache' from command line to 'False'
[0.427s] Level 5:colcon.colcon_core.verb:set package 'esp_agent' build argument 'cmake_clean_first' from command line to 'False'
[0.427s] Level 5:colcon.colcon_core.verb:set package 'esp_agent' build argument 'cmake_force_configure' from command line to 'False'
[0.427s] Level 5:colcon.colcon_core.verb:set package 'esp_agent' build argument 'ament_cmake_args' from command line to 'None'
[0.427s] Level 5:colcon.colcon_core.verb:set package 'esp_agent' build argument 'catkin_cmake_args' from command line to 'None'
[0.427s] Level 5:colcon.colcon_core.verb:set package 'esp_agent' build argument 'catkin_skip_building_tests' from command line to 'False'
[0.427s] DEBUG:colcon.colcon_core.verb:Building package 'esp_agent' with the following arguments: {'ament_cmake_args': None, 'build_base': '/home/kazusa/kazusa/build/esp_agent', 'catkin_cmake_args': None, 'catkin_skip_building_tests': False, 'cmake_args': ['-DCMAKE_EXPORT_COMPILE_COMMANDS=ON'], 'cmake_clean_cache': False, 'cmake_clean_first': False, 'cmake_force_configure': False, 'cmake_target': None, 'cmake_target_skip_unavailable': False, 'install_base': '/home/kazusa/kazusa/install/esp_agent', 'merge_install': False, 'path': '/home/kazusa/kazusa/ver0/esp_agent', 'symlink_install': False, 'test_result_base': None}
[0.427s] Level 5:colcon.colcon_core.verb:set package 'mast' build argument 'cmake_args' from command line to '['-DCMAKE_EXPORT_COMPILE_COMMANDS=ON']'
[0.427s] Level 5:colcon.colcon_core.verb:set package 'mast' build argument 'cmake_target' from command line to 'None'
[0.427s] Level 5:colcon.colcon_core.verb:set package 'mast' build argument 'cmake_target_skip_unavailable' from command line to 'False'
[0.427s] Level 5:colcon.colcon_core.verb:set package 'mast' build argument 'cmake_clean_cache' from command line to 'False'
[0.427s] Level 5:colcon.colcon_core.verb:set package 'mast' build argument 'cmake_clean_first' from command line to 'False'
[0.427s] Level 5:colcon.colcon_core.verb:set package 'mast' build argument 'cmake_force_configure' from command line to 'False'
[0.427s] Level 5:colcon.colcon_core.verb:set package 'mast' build argument 'ament_cmake_args' from command line to 'None'
[0.427s] Level 5:colcon.colcon_core.verb:set package 'mast' build argument 'catkin_cmake_args' from command line to 'None'
[0.427s] Level 5:colcon.colcon_core.verb:set package 'mast' build argument 'catkin_skip_building_tests' from command line to 'False'
[0.427s] DEBUG:colcon.colcon_core.verb:Building package 'mast' with the following arguments: {'ament_cmake_args': None, 'build_base': '/home/kazusa/kazusa/build/mast', 'catkin_cmake_args': None, 'catkin_skip_building_tests': False, 'cmake_args': ['-DCMAKE_EXPORT_COMPILE_COMMANDS=ON'], 'cmake_clean_cache': False, 'cmake_clean_first': False, 'cmake_force_configure': False, 'cmake_target': None, 'cmake_target_skip_unavailable': False, 'install_base': '/home/kazusa/kazusa/install/mast', 'merge_install': False, 'path': '/home/kazusa/kazusa/ver0/mast', 'symlink_install': False, 'test_result_base': None}
[0.427s] INFO:colcon.colcon_core.executor:Executing jobs using 'parallel' executor
[0.429s] DEBUG:colcon.colcon_parallel_executor.executor.parallel:run_until_complete
[0.429s] INFO:colcon.colcon_ros.task.ament_cmake.build:Building ROS package in '/home/kazusa/kazusa/ver0/controller' with build type 'ament_cmake'
[0.429s] INFO:colcon.colcon_cmake.task.cmake.build:Building CMake package in '/home/kazusa/kazusa/ver0/controller'
[0.437s] INFO:colcon.colcon_core.plugin_system:Skipping extension 'colcon_core.shell.bat': Not used on non-Windows systems
[0.437s] INFO:colcon.colcon_core.shell:Skip shell extension 'powershell' for command environment: Not usable outside of PowerShell
[0.437s] DEBUG:colcon.colcon_core.shell:Skip shell extension 'dsv' for command environment
[0.443s] INFO:colcon.colcon_ros.task.ament_cmake.build:Building ROS package in '/home/kazusa/kazusa/ver0/custom_msgs' with build type 'ament_cmake'
[0.444s] INFO:colcon.colcon_cmake.task.cmake.build:Building CMake package in '/home/kazusa/kazusa/ver0/custom_msgs'
[0.444s] INFO:colcon.colcon_core.shell:Skip shell extension 'powershell' for command environment: Not usable outside of PowerShell
[0.444s] DEBUG:colcon.colcon_core.shell:Skip shell extension 'dsv' for command environment
[0.449s] INFO:colcon.colcon_ros.task.ament_cmake.build:Building ROS package in '/home/kazusa/kazusa/ver0/amcl_config' with build type 'ament_cmake'
[0.450s] INFO:colcon.colcon_cmake.task.cmake.build:Building CMake package in '/home/kazusa/kazusa/ver0/amcl_config'
[0.450s] INFO:colcon.colcon_core.shell:Skip shell extension 'powershell' for command environment: Not usable outside of PowerShell
[0.450s] DEBUG:colcon.colcon_core.shell:Skip shell extension 'dsv' for command environment
[0.455s] INFO:colcon.colcon_ros.task.ament_cmake.build:Building ROS package in '/home/kazusa/kazusa/ver0/launcher' with build type 'ament_cmake'
[0.455s] INFO:colcon.colcon_cmake.task.cmake.build:Building CMake package in '/home/kazusa/kazusa/ver0/launcher'
[0.456s] INFO:colcon.colcon_core.shell:Skip shell extension 'powershell' for command environment: Not usable outside of PowerShell
[0.456s] DEBUG:colcon.colcon_core.shell:Skip shell extension 'dsv' for command environment
[0.461s] INFO:colcon.colcon_ros.task.ament_cmake.build:Building ROS package in '/home/kazusa/kazusa/ver0/mola_conf' with build type 'ament_cmake'
[0.461s] INFO:colcon.colcon_cmake.task.cmake.build:Building CMake package in '/home/kazusa/kazusa/ver0/mola_conf'
[0.461s] INFO:colcon.colcon_core.shell:Skip shell extension 'powershell' for command environment: Not usable outside of PowerShell
[0.461s] DEBUG:colcon.colcon_core.shell:Skip shell extension 'dsv' for command environment
[0.466s] INFO:colcon.colcon_ros.task.ament_cmake.build:Building ROS package in '/home/kazusa/kazusa/ver0/my_cart2' with build type 'ament_cmake'
[0.466s] INFO:colcon.colcon_cmake.task.cmake.build:Building CMake package in '/home/kazusa/kazusa/ver0/my_cart2'
[0.467s] INFO:colcon.colcon_core.shell:Skip shell extension 'powershell' for command environment: Not usable outside of PowerShell
[0.467s] DEBUG:colcon.colcon_core.shell:Skip shell extension 'dsv' for command environment
[0.479s] DEBUG:colcon.colcon_core.event_handler.log_command:Invoking command in '/home/kazusa/kazusa/build/controller': CMAKE_PREFIX_PATH=${CMAKE_PREFIX_PATH}:/opt/ros/jazzy DEBUGINFOD_URLS=https://debuginfod.ubuntu.com /usr/bin/cmake --build /home/kazusa/kazusa/build/controller -- -j12 -l12
[0.483s] DEBUG:colcon.colcon_core.event_handler.log_command:Invoking command in '/home/kazusa/kazusa/build/custom_msgs': CMAKE_PREFIX_PATH=${CMAKE_PREFIX_PATH}:/opt/ros/jazzy DEBUGINFOD_URLS=https://debuginfod.ubuntu.com /usr/bin/cmake --build /home/kazusa/kazusa/build/custom_msgs -- -j12 -l12
[0.486s] DEBUG:colcon.colcon_core.event_handler.log_command:Invoking command in '/home/kazusa/kazusa/build/amcl_config': CMAKE_PREFIX_PATH=${CMAKE_PREFIX_PATH}:/opt/ros/jazzy DEBUGINFOD_URLS=https://debuginfod.ubuntu.com /usr/bin/cmake --build /home/kazusa/kazusa/build/amcl_config -- -j12 -l12
[0.489s] DEBUG:colcon.colcon_core.event_handler.log_command:Invoking command in '/home/kazusa/kazusa/build/launcher': CMAKE_PREFIX_PATH=${CMAKE_PREFIX_PATH}:/opt/ros/jazzy DEBUGINFOD_URLS=https://debuginfod.ubuntu.com /usr/bin/cmake --build /home/kazusa/kazusa/build/launcher -- -j12 -l12
[0.494s] DEBUG:colcon.colcon_core.event_handler.log_command:Invoking command in '/home/kazusa/kazusa/build/mola_conf': CMAKE_PREFIX_PATH=${CMAKE_PREFIX_PATH}:/opt/ros/jazzy DEBUGINFOD_URLS=https://debuginfod.ubuntu.com /usr/bin/cmake --build /home/kazusa/kazusa/build/mola_conf -- -j12 -l12
[0.502s] DEBUG:colcon.colcon_core.event_handler.log_command:Invoking command in '/home/kazusa/kazusa/build/my_cart2': CMAKE_PREFIX_PATH=${CMAKE_PREFIX_PATH}:/opt/ros/jazzy DEBUGINFOD_URLS=https://debuginfod.ubuntu.com /usr/bin/cmake --build /home/kazusa/kazusa/build/my_cart2 -- -j12 -l12
[0.584s] DEBUG:colcon.colcon_core.event_handler.log_command:Invoked command in '/home/kazusa/kazusa/build/launcher' returned '0': CMAKE_PREFIX_PATH=${CMAKE_PREFIX_PATH}:/opt/ros/jazzy DEBUGINFOD_URLS=https://debuginfod.ubuntu.com /usr/bin/cmake --build /home/kazusa/kazusa/build/launcher -- -j12 -l12
[0.602s] DEBUG:colcon.colcon_core.event_handler.log_command:Invoking command in '/home/kazusa/kazusa/build/launcher': CMAKE_PREFIX_PATH=${CMAKE_PREFIX_PATH}:/opt/ros/jazzy DEBUGINFOD_URLS=https://debuginfod.ubuntu.com /usr/bin/cmake --install /home/kazusa/kazusa/build/launcher
[0.605s] DEBUG:colcon.colcon_core.event_handler.log_command:Invoked command in '/home/kazusa/kazusa/build/mola_conf' returned '0': CMAKE_PREFIX_PATH=${CMAKE_PREFIX_PATH}:/opt/ros/jazzy DEBUGINFOD_URLS=https://debuginfod.ubuntu.com /usr/bin/cmake --build /home/kazusa/kazusa/build/mola_conf -- -j12 -l12
[0.607s] DEBUG:colcon.colcon_core.event_handler.log_command:Invoking command in '/home/kazusa/kazusa/build/mola_conf': CMAKE_PREFIX_PATH=${CMAKE_PREFIX_PATH}:/opt/ros/jazzy DEBUGINFOD_URLS=https://debuginfod.ubuntu.com /usr/bin/cmake --install /home/kazusa/kazusa/build/mola_conf
[0.608s] DEBUG:colcon.colcon_core.event_handler.log_command:Invoked command in '/home/kazusa/kazusa/build/amcl_config' returned '0': CMAKE_PREFIX_PATH=${CMAKE_PREFIX_PATH}:/opt/ros/jazzy DEBUGINFOD_URLS=https://debuginfod.ubuntu.com /usr/bin/cmake --build /home/kazusa/kazusa/build/amcl_config -- -j12 -l12
[0.610s] DEBUG:colcon.colcon_core.event_handler.log_command:Invoking command in '/home/kazusa/kazusa/build/amcl_config': CMAKE_PREFIX_PATH=${CMAKE_PREFIX_PATH}:/opt/ros/jazzy DEBUGINFOD_URLS=https://debuginfod.ubuntu.com /usr/bin/cmake --install /home/kazusa/kazusa/build/amcl_config
[0.627s] Level 1:colcon.colcon_core.environment:create_environment_scripts_only(launcher)
[0.639s] Level 1:colcon.colcon_core.environment:checking '/home/kazusa/kazusa/install/launcher' for CMake module files
[0.641s] Level 1:colcon.colcon_core.environment:checking '/home/kazusa/kazusa/install/launcher' for CMake config files
[0.642s] Level 1:colcon.colcon_core.shell:create_environment_hook('launcher', 'cmake_prefix_path')
[0.642s] INFO:colcon.colcon_core.shell:Creating environment hook '/home/kazusa/kazusa/install/launcher/share/launcher/hook/cmake_prefix_path.ps1'
[0.645s] INFO:colcon.colcon_core.shell:Creating environment descriptor '/home/kazusa/kazusa/install/launcher/share/launcher/hook/cmake_prefix_path.dsv'
[0.647s] INFO:colcon.colcon_core.shell:Creating environment hook '/home/kazusa/kazusa/install/launcher/share/launcher/hook/cmake_prefix_path.sh'
[0.649s] Level 1:colcon.colcon_core.environment:checking '/home/kazusa/kazusa/install/launcher/bin'
[0.649s] Level 1:colcon.colcon_core.environment:checking '/home/kazusa/kazusa/install/launcher/lib/pkgconfig/launcher.pc'
[0.649s] Level 1:colcon.colcon_core.environment:checking '/home/kazusa/kazusa/install/launcher/lib/python3.12/site-packages'
[0.650s] Level 1:colcon.colcon_core.environment:checking '/home/kazusa/kazusa/install/launcher/bin'
[0.651s] INFO:colcon.colcon_core.shell:Creating package script '/home/kazusa/kazusa/install/launcher/share/launcher/package.ps1'
[0.651s] DEBUG:colcon.colcon_core.event_handler.log_command:Invoked command in '/home/kazusa/kazusa/build/launcher' returned '0': CMAKE_PREFIX_PATH=${CMAKE_PREFIX_PATH}:/opt/ros/jazzy DEBUGINFOD_URLS=https://debuginfod.ubuntu.com /usr/bin/cmake --install /home/kazusa/kazusa/build/launcher
[0.653s] INFO:colcon.colcon_core.shell:Creating package descriptor '/home/kazusa/kazusa/install/launcher/share/launcher/package.dsv'
[0.654s] INFO:colcon.colcon_core.shell:Creating package script '/home/kazusa/kazusa/install/launcher/share/launcher/package.sh'
[0.655s] INFO:colcon.colcon_core.shell:Creating package script '/home/kazusa/kazusa/install/launcher/share/launcher/package.bash'
[0.657s] INFO:colcon.colcon_core.shell:Creating package script '/home/kazusa/kazusa/install/launcher/share/launcher/package.zsh'
[0.658s] Level 1:colcon.colcon_core.environment:create_file_with_runtime_dependencies(/home/kazusa/kazusa/install/launcher/share/colcon-core/packages/launcher)
[0.659s] Level 1:colcon.colcon_core.environment:create_environment_scripts_only(launcher)
[0.659s] Level 1:colcon.colcon_core.environment:checking '/home/kazusa/kazusa/install/launcher' for CMake module files
[0.660s] Level 1:colcon.colcon_core.environment:checking '/home/kazusa/kazusa/install/launcher' for CMake config files
[0.661s] Level 1:colcon.colcon_core.shell:create_environment_hook('launcher', 'cmake_prefix_path')
[0.661s] INFO:colcon.colcon_core.shell:Creating environment hook '/home/kazusa/kazusa/install/launcher/share/launcher/hook/cmake_prefix_path.ps1'
[0.662s] INFO:colcon.colcon_core.shell:Creating environment descriptor '/home/kazusa/kazusa/install/launcher/share/launcher/hook/cmake_prefix_path.dsv'
[0.662s] INFO:colcon.colcon_core.shell:Creating environment hook '/home/kazusa/kazusa/install/launcher/share/launcher/hook/cmake_prefix_path.sh'
[0.665s] Level 1:colcon.colcon_core.environment:checking '/home/kazusa/kazusa/install/launcher/bin'
[0.665s] Level 1:colcon.colcon_core.environment:checking '/home/kazusa/kazusa/install/launcher/lib/pkgconfig/launcher.pc'
[0.666s] Level 1:colcon.colcon_core.environment:checking '/home/kazusa/kazusa/install/launcher/lib/python3.12/site-packages'
[0.666s] Level 1:colcon.colcon_core.environment:checking '/home/kazusa/kazusa/install/launcher/bin'
[0.667s] INFO:colcon.colcon_core.shell:Creating package script '/home/kazusa/kazusa/install/launcher/share/launcher/package.ps1'
[0.668s] INFO:colcon.colcon_core.shell:Creating package descriptor '/home/kazusa/kazusa/install/launcher/share/launcher/package.dsv'
[0.669s] INFO:colcon.colcon_core.shell:Creating package script '/home/kazusa/kazusa/install/launcher/share/launcher/package.sh'
[0.723s] INFO:colcon.colcon_core.shell:Creating package script '/home/kazusa/kazusa/install/launcher/share/launcher/package.bash'
[0.724s] INFO:colcon.colcon_core.shell:Creating package script '/home/kazusa/kazusa/install/launcher/share/launcher/package.zsh'
[0.726s] Level 1:colcon.colcon_core.environment:create_file_with_runtime_dependencies(/home/kazusa/kazusa/install/launcher/share/colcon-core/packages/launcher)
[0.728s] Level 1:colcon.colcon_core.environment:create_environment_scripts_only(mola_conf)
[0.728s] Level 1:colcon.colcon_core.environment:checking '/home/kazusa/kazusa/install/mola_conf' for CMake module files
[0.729s] DEBUG:colcon.colcon_core.event_handler.log_command:Invoked command in '/home/kazusa/kazusa/build/mola_conf' returned '0': CMAKE_PREFIX_PATH=${CMAKE_PREFIX_PATH}:/opt/ros/jazzy DEBUGINFOD_URLS=https://debuginfod.ubuntu.com /usr/bin/cmake --install /home/kazusa/kazusa/build/mola_conf
[0.730s] Level 1:colcon.colcon_core.environment:checking '/home/kazusa/kazusa/install/mola_conf' for CMake config files
[0.732s] Level 1:colcon.colcon_core.shell:create_environment_hook('mola_conf', 'cmake_prefix_path')
[0.732s] INFO:colcon.colcon_core.shell:Creating environment hook '/home/kazusa/kazusa/install/mola_conf/share/mola_conf/hook/cmake_prefix_path.ps1'
[0.733s] INFO:colcon.colcon_core.shell:Creating environment descriptor '/home/kazusa/kazusa/install/mola_conf/share/mola_conf/hook/cmake_prefix_path.dsv'
[0.734s] INFO:colcon.colcon_core.shell:Creating environment hook '/home/kazusa/kazusa/install/mola_conf/share/mola_conf/hook/cmake_prefix_path.sh'
[0.735s] Level 1:colcon.colcon_core.environment:checking '/home/kazusa/kazusa/install/mola_conf/bin'
[0.735s] Level 1:colcon.colcon_core.environment:checking '/home/kazusa/kazusa/install/mola_conf/lib/pkgconfig/mola_conf.pc'
[0.736s] Level 1:colcon.colcon_core.environment:checking '/home/kazusa/kazusa/install/mola_conf/lib/python3.12/site-packages'
[0.736s] Level 1:colcon.colcon_core.environment:checking '/home/kazusa/kazusa/install/mola_conf/bin'
[0.737s] INFO:colcon.colcon_core.shell:Creating package script '/home/kazusa/kazusa/install/mola_conf/share/mola_conf/package.ps1'
[0.738s] INFO:colcon.colcon_core.shell:Creating package descriptor '/home/kazusa/kazusa/install/mola_conf/share/mola_conf/package.dsv'
[0.739s] INFO:colcon.colcon_core.shell:Creating package script '/home/kazusa/kazusa/install/mola_conf/share/mola_conf/package.sh'
[0.740s] INFO:colcon.colcon_core.shell:Creating package script '/home/kazusa/kazusa/install/mola_conf/share/mola_conf/package.bash'
[0.740s] INFO:colcon.colcon_core.shell:Creating package script '/home/kazusa/kazusa/install/mola_conf/share/mola_conf/package.zsh'
[0.741s] Level 1:colcon.colcon_core.environment:create_file_with_runtime_dependencies(/home/kazusa/kazusa/install/mola_conf/share/colcon-core/packages/mola_conf)
[0.742s] Level 1:colcon.colcon_core.environment:create_environment_scripts_only(mola_conf)
[0.742s] Level 1:colcon.colcon_core.environment:checking '/home/kazusa/kazusa/install/mola_conf' for CMake module files
[0.743s] Level 1:colcon.colcon_core.environment:checking '/home/kazusa/kazusa/install/mola_conf' for CMake config files
[0.744s] Level 1:colcon.colcon_core.shell:create_environment_hook('mola_conf', 'cmake_prefix_path')
[0.744s] INFO:colcon.colcon_core.shell:Creating environment hook '/home/kazusa/kazusa/install/mola_conf/share/mola_conf/hook/cmake_prefix_path.ps1'
[0.745s] INFO:colcon.colcon_core.shell:Creating environment descriptor '/home/kazusa/kazusa/install/mola_conf/share/mola_conf/hook/cmake_prefix_path.dsv'
[0.746s] INFO:colcon.colcon_core.shell:Creating environment hook '/home/kazusa/kazusa/install/mola_conf/share/mola_conf/hook/cmake_prefix_path.sh'
[0.747s] Level 1:colcon.colcon_core.environment:checking '/home/kazusa/kazusa/install/mola_conf/bin'
[0.747s] Level 1:colcon.colcon_core.environment:checking '/home/kazusa/kazusa/install/mola_conf/lib/pkgconfig/mola_conf.pc'
[0.747s] Level 1:colcon.colcon_core.environment:checking '/home/kazusa/kazusa/install/mola_conf/lib/python3.12/site-packages'
[0.748s] Level 1:colcon.colcon_core.environment:checking '/home/kazusa/kazusa/install/mola_conf/bin'
[0.748s] INFO:colcon.colcon_core.shell:Creating package script '/home/kazusa/kazusa/install/mola_conf/share/mola_conf/package.ps1'
[0.749s] INFO:colcon.colcon_core.shell:Creating package descriptor '/home/kazusa/kazusa/install/mola_conf/share/mola_conf/package.dsv'
[0.749s] INFO:colcon.colcon_core.shell:Creating package script '/home/kazusa/kazusa/install/mola_conf/share/mola_conf/package.sh'
[0.750s] INFO:colcon.colcon_core.shell:Creating package script '/home/kazusa/kazusa/install/mola_conf/share/mola_conf/package.bash'
[0.751s] INFO:colcon.colcon_core.shell:Creating package script '/home/kazusa/kazusa/install/mola_conf/share/mola_conf/package.zsh'
[0.751s] Level 1:colcon.colcon_core.environment:create_file_with_runtime_dependencies(/home/kazusa/kazusa/install/mola_conf/share/colcon-core/packages/mola_conf)
[0.754s] DEBUG:colcon.colcon_core.event_handler.log_command:Invoked command in '/home/kazusa/kazusa/build/my_cart2' returned '0': CMAKE_PREFIX_PATH=${CMAKE_PREFIX_PATH}:/opt/ros/jazzy DEBUGINFOD_URLS=https://debuginfod.ubuntu.com /usr/bin/cmake --build /home/kazusa/kazusa/build/my_cart2 -- -j12 -l12
[0.755s] DEBUG:colcon.colcon_core.event_handler.log_command:Invoking command in '/home/kazusa/kazusa/build/my_cart2': CMAKE_PREFIX_PATH=${CMAKE_PREFIX_PATH}:/opt/ros/jazzy DEBUGINFOD_URLS=https://debuginfod.ubuntu.com /usr/bin/cmake --install /home/kazusa/kazusa/build/my_cart2
[0.755s] Level 1:colcon.colcon_core.environment:create_environment_scripts_only(amcl_config)
[0.756s] Level 1:colcon.colcon_core.environment:checking '/home/kazusa/kazusa/install/amcl_config' for CMake module files
[0.756s] DEBUG:colcon.colcon_core.event_handler.log_command:Invoked command in '/home/kazusa/kazusa/build/amcl_config' returned '0': CMAKE_PREFIX_PATH=${CMAKE_PREFIX_PATH}:/opt/ros/jazzy DEBUGINFOD_URLS=https://debuginfod.ubuntu.com /usr/bin/cmake --install /home/kazusa/kazusa/build/amcl_config
[0.757s] Level 1:colcon.colcon_core.environment:checking '/home/kazusa/kazusa/install/amcl_config' for CMake config files
[0.757s] Level 1:colcon.colcon_core.shell:create_environment_hook('amcl_config', 'cmake_prefix_path')
[0.757s] INFO:colcon.colcon_core.shell:Creating environment hook '/home/kazusa/kazusa/install/amcl_config/share/amcl_config/hook/cmake_prefix_path.ps1'
[0.758s] INFO:colcon.colcon_core.shell:Creating environment descriptor '/home/kazusa/kazusa/install/amcl_config/share/amcl_config/hook/cmake_prefix_path.dsv'
[0.758s] INFO:colcon.colcon_core.shell:Creating environment hook '/home/kazusa/kazusa/install/amcl_config/share/amcl_config/hook/cmake_prefix_path.sh'
[0.759s] Level 1:colcon.colcon_core.environment:checking '/home/kazusa/kazusa/install/amcl_config/bin'
[0.759s] Level 1:colcon.colcon_core.environment:checking '/home/kazusa/kazusa/install/amcl_config/lib/pkgconfig/amcl_config.pc'
[0.759s] Level 1:colcon.colcon_core.environment:checking '/home/kazusa/kazusa/install/amcl_config/lib/python3.12/site-packages'
[0.759s] Level 1:colcon.colcon_core.environment:checking '/home/kazusa/kazusa/install/amcl_config/bin'
[0.760s] INFO:colcon.colcon_core.shell:Creating package script '/home/kazusa/kazusa/install/amcl_config/share/amcl_config/package.ps1'
[0.760s] INFO:colcon.colcon_core.shell:Creating package descriptor '/home/kazusa/kazusa/install/amcl_config/share/amcl_config/package.dsv'
[0.761s] INFO:colcon.colcon_core.shell:Creating package script '/home/kazusa/kazusa/install/amcl_config/share/amcl_config/package.sh'
[0.761s] INFO:colcon.colcon_core.shell:Creating package script '/home/kazusa/kazusa/install/amcl_config/share/amcl_config/package.bash'
[0.762s] INFO:colcon.colcon_core.shell:Creating package script '/home/kazusa/kazusa/install/amcl_config/share/amcl_config/package.zsh'
[0.762s] Level 1:colcon.colcon_core.environment:create_file_with_runtime_dependencies(/home/kazusa/kazusa/install/amcl_config/share/colcon-core/packages/amcl_config)
[0.763s] Level 1:colcon.colcon_core.environment:create_environment_scripts_only(amcl_config)
[0.763s] Level 1:colcon.colcon_core.environment:checking '/home/kazusa/kazusa/install/amcl_config' for CMake module files
[0.764s] Level 1:colcon.colcon_core.environment:checking '/home/kazusa/kazusa/install/amcl_config' for CMake config files
[0.764s] Level 1:colcon.colcon_core.shell:create_environment_hook('amcl_config', 'cmake_prefix_path')
[0.764s] INFO:colcon.colcon_core.shell:Creating environment hook '/home/kazusa/kazusa/install/amcl_config/share/amcl_config/hook/cmake_prefix_path.ps1'
[0.765s] INFO:colcon.colcon_core.shell:Creating environment descriptor '/home/kazusa/kazusa/install/amcl_config/share/amcl_config/hook/cmake_prefix_path.dsv'
[0.765s] INFO:colcon.colcon_core.shell:Creating environment hook '/home/kazusa/kazusa/install/amcl_config/share/amcl_config/hook/cmake_prefix_path.sh'
[0.766s] Level 1:colcon.colcon_core.environment:checking '/home/kazusa/kazusa/install/amcl_config/bin'
[0.766s] Level 1:colcon.colcon_core.environment:checking '/home/kazusa/kazusa/install/amcl_config/lib/pkgconfig/amcl_config.pc'
[0.767s] Level 1:colcon.colcon_core.environment:checking '/home/kazusa/kazusa/install/amcl_config/lib/python3.12/site-packages'
[0.767s] Level 1:colcon.colcon_core.environment:checking '/home/kazusa/kazusa/install/amcl_config/bin'
[0.767s] INFO:colcon.colcon_core.shell:Creating package script '/home/kazusa/kazusa/install/amcl_config/share/amcl_config/package.ps1'
[0.768s] INFO:colcon.colcon_core.shell:Creating package descriptor '/home/kazusa/kazusa/install/amcl_config/share/amcl_config/package.dsv'
[0.769s] INFO:colcon.colcon_core.shell:Creating package script '/home/kazusa/kazusa/install/amcl_config/share/amcl_config/package.sh'
[0.770s] INFO:colcon.colcon_core.shell:Creating package script '/home/kazusa/kazusa/install/amcl_config/share/amcl_config/package.bash'
[0.770s] INFO:colcon.colcon_core.shell:Creating package script '/home/kazusa/kazusa/install/amcl_config/share/amcl_config/package.zsh'
[0.771s] Level 1:colcon.colcon_core.environment:create_file_with_runtime_dependencies(/home/kazusa/kazusa/install/amcl_config/share/colcon-core/packages/amcl_config)
[0.775s] Level 1:colcon.colcon_core.environment:create_environment_scripts_only(my_cart2)
[0.776s] Level 1:colcon.colcon_core.environment:checking '/home/kazusa/kazusa/install/my_cart2' for CMake module files
[0.778s] Level 1:colcon.colcon_core.environment:checking '/home/kazusa/kazusa/install/my_cart2' for CMake config files
[0.780s] Level 1:colcon.colcon_core.shell:create_environment_hook('my_cart2', 'cmake_prefix_path')
[0.781s] INFO:colcon.colcon_core.shell:Creating environment hook '/home/kazusa/kazusa/install/my_cart2/share/my_cart2/hook/cmake_prefix_path.ps1'
[0.782s] DEBUG:colcon.colcon_core.event_handler.log_command:Invoked command in '/home/kazusa/kazusa/build/my_cart2' returned '0': CMAKE_PREFIX_PATH=${CMAKE_PREFIX_PATH}:/opt/ros/jazzy DEBUGINFOD_URLS=https://debuginfod.ubuntu.com /usr/bin/cmake --install /home/kazusa/kazusa/build/my_cart2
[0.783s] INFO:colcon.colcon_core.shell:Creating environment descriptor '/home/kazusa/kazusa/install/my_cart2/share/my_cart2/hook/cmake_prefix_path.dsv'
[0.783s] INFO:colcon.colcon_core.shell:Creating environment hook '/home/kazusa/kazusa/install/my_cart2/share/my_cart2/hook/cmake_prefix_path.sh'
[0.784s] Level 1:colcon.colcon_core.environment:checking '/home/kazusa/kazusa/install/my_cart2/lib'
[0.785s] Level 1:colcon.colcon_core.environment:checking '/home/kazusa/kazusa/install/my_cart2/bin'
[0.785s] Level 1:colcon.colcon_core.environment:checking '/home/kazusa/kazusa/install/my_cart2/lib/pkgconfig/my_cart2.pc'
[0.785s] Level 1:colcon.colcon_core.environment:checking '/home/kazusa/kazusa/install/my_cart2/lib/python3.12/site-packages'
[0.786s] Level 1:colcon.colcon_core.environment:checking '/home/kazusa/kazusa/install/my_cart2/bin'
[0.786s] INFO:colcon.colcon_core.shell:Creating package script '/home/kazusa/kazusa/install/my_cart2/share/my_cart2/package.ps1'
[0.787s] INFO:colcon.colcon_core.shell:Creating package descriptor '/home/kazusa/kazusa/install/my_cart2/share/my_cart2/package.dsv'
[0.788s] INFO:colcon.colcon_core.shell:Creating package script '/home/kazusa/kazusa/install/my_cart2/share/my_cart2/package.sh'
[0.789s] INFO:colcon.colcon_core.shell:Creating package script '/home/kazusa/kazusa/install/my_cart2/share/my_cart2/package.bash'
[0.789s] INFO:colcon.colcon_core.shell:Creating package script '/home/kazusa/kazusa/install/my_cart2/share/my_cart2/package.zsh'
[0.789s] Level 1:colcon.colcon_core.environment:create_file_with_runtime_dependencies(/home/kazusa/kazusa/install/my_cart2/share/colcon-core/packages/my_cart2)
[0.790s] Level 1:colcon.colcon_core.environment:create_environment_scripts_only(my_cart2)
[0.790s] Level 1:colcon.colcon_core.environment:checking '/home/kazusa/kazusa/install/my_cart2' for CMake module files
[0.791s] Level 1:colcon.colcon_core.environment:checking '/home/kazusa/kazusa/install/my_cart2' for CMake config files
[0.792s] Level 1:colcon.colcon_core.shell:create_environment_hook('my_cart2', 'cmake_prefix_path')
[0.792s] INFO:colcon.colcon_core.shell:Creating environment hook '/home/kazusa/kazusa/install/my_cart2/share/my_cart2/hook/cmake_prefix_path.ps1'
[0.792s] INFO:colcon.colcon_core.shell:Creating environment descriptor '/home/kazusa/kazusa/install/my_cart2/share/my_cart2/hook/cmake_prefix_path.dsv'
[0.793s] INFO:colcon.colcon_core.shell:Creating environment hook '/home/kazusa/kazusa/install/my_cart2/share/my_cart2/hook/cmake_prefix_path.sh'
[0.794s] Level 1:colcon.colcon_core.environment:checking '/home/kazusa/kazusa/install/my_cart2/lib'
[0.794s] Level 1:colcon.colcon_core.environment:checking '/home/kazusa/kazusa/install/my_cart2/bin'
[0.794s] Level 1:colcon.colcon_core.environment:checking '/home/kazusa/kazusa/install/my_cart2/lib/pkgconfig/my_cart2.pc'
[0.794s] Level 1:colcon.colcon_core.environment:checking '/home/kazusa/kazusa/install/my_cart2/lib/python3.12/site-packages'
[0.795s] Level 1:colcon.colcon_core.environment:checking '/home/kazusa/kazusa/install/my_cart2/bin'
[0.795s] INFO:colcon.colcon_core.shell:Creating package script '/home/kazusa/kazusa/install/my_cart2/share/my_cart2/package.ps1'
[0.796s] INFO:colcon.colcon_core.shell:Creating package descriptor '/home/kazusa/kazusa/install/my_cart2/share/my_cart2/package.dsv'
[0.796s] INFO:colcon.colcon_core.shell:Creating package script '/home/kazusa/kazusa/install/my_cart2/share/my_cart2/package.sh'
[0.797s] INFO:colcon.colcon_core.shell:Creating package script '/home/kazusa/kazusa/install/my_cart2/share/my_cart2/package.bash'
[0.798s] INFO:colcon.colcon_core.shell:Creating package script '/home/kazusa/kazusa/install/my_cart2/share/my_cart2/package.zsh'
[0.798s] Level 1:colcon.colcon_core.environment:create_file_with_runtime_dependencies(/home/kazusa/kazusa/install/my_cart2/share/colcon-core/packages/my_cart2)
[1.099s] DEBUG:colcon.colcon_core.event_handler.log_command:Invoked command in '/home/kazusa/kazusa/build/controller' returned '0': CMAKE_PREFIX_PATH=${CMAKE_PREFIX_PATH}:/opt/ros/jazzy DEBUGINFOD_URLS=https://debuginfod.ubuntu.com /usr/bin/cmake --build /home/kazusa/kazusa/build/controller -- -j12 -l12
[1.103s] DEBUG:colcon.colcon_core.event_handler.log_command:Invoking command in '/home/kazusa/kazusa/build/controller': CMAKE_PREFIX_PATH=${CMAKE_PREFIX_PATH}:/opt/ros/jazzy DEBUGINFOD_URLS=https://debuginfod.ubuntu.com /usr/bin/cmake --install /home/kazusa/kazusa/build/controller
[1.104s] DEBUG:colcon.colcon_core.event_handler.log_command:Invoked command in '/home/kazusa/kazusa/build/custom_msgs' returned '0': CMAKE_PREFIX_PATH=${CMAKE_PREFIX_PATH}:/opt/ros/jazzy DEBUGINFOD_URLS=https://debuginfod.ubuntu.com /usr/bin/cmake --build /home/kazusa/kazusa/build/custom_msgs -- -j12 -l12
[1.106s] DEBUG:colcon.colcon_core.event_handler.log_command:Invoking command in '/home/kazusa/kazusa/build/custom_msgs': CMAKE_PREFIX_PATH=${CMAKE_PREFIX_PATH}:/opt/ros/jazzy DEBUGINFOD_URLS=https://debuginfod.ubuntu.com /usr/bin/cmake --install /home/kazusa/kazusa/build/custom_msgs
[1.199s] Level 1:colcon.colcon_core.environment:create_environment_scripts_only(custom_msgs)
[1.200s] Level 1:colcon.colcon_core.environment:checking '/home/kazusa/kazusa/install/custom_msgs' for CMake module files
[1.201s] Level 1:colcon.colcon_core.environment:checking '/home/kazusa/kazusa/install/custom_msgs' for CMake config files
[1.202s] DEBUG:colcon.colcon_core.event_handler.log_command:Invoked command in '/home/kazusa/kazusa/build/custom_msgs' returned '0': CMAKE_PREFIX_PATH=${CMAKE_PREFIX_PATH}:/opt/ros/jazzy DEBUGINFOD_URLS=https://debuginfod.ubuntu.com /usr/bin/cmake --install /home/kazusa/kazusa/build/custom_msgs
[1.203s] Level 1:colcon.colcon_core.shell:create_environment_hook('custom_msgs', 'cmake_prefix_path')
[1.203s] INFO:colcon.colcon_core.shell:Creating environment hook '/home/kazusa/kazusa/install/custom_msgs/share/custom_msgs/hook/cmake_prefix_path.ps1'
[1.204s] INFO:colcon.colcon_core.shell:Creating environment descriptor '/home/kazusa/kazusa/install/custom_msgs/share/custom_msgs/hook/cmake_prefix_path.dsv'
[1.205s] INFO:colcon.colcon_core.shell:Creating environment hook '/home/kazusa/kazusa/install/custom_msgs/share/custom_msgs/hook/cmake_prefix_path.sh'
[1.206s] Level 1:colcon.colcon_core.environment:checking '/home/kazusa/kazusa/install/custom_msgs/lib'
[1.206s] Level 1:colcon.colcon_core.shell:create_environment_hook('custom_msgs', 'ld_library_path_lib')
[1.206s] INFO:colcon.colcon_core.shell:Creating environment hook '/home/kazusa/kazusa/install/custom_msgs/share/custom_msgs/hook/ld_library_path_lib.ps1'
[1.207s] INFO:colcon.colcon_core.shell:Creating environment descriptor '/home/kazusa/kazusa/install/custom_msgs/share/custom_msgs/hook/ld_library_path_lib.dsv'
[1.207s] INFO:colcon.colcon_core.shell:Creating environment hook '/home/kazusa/kazusa/install/custom_msgs/share/custom_msgs/hook/ld_library_path_lib.sh'
[1.207s] Level 1:colcon.colcon_core.environment:checking '/home/kazusa/kazusa/install/custom_msgs/bin'
[1.208s] Level 1:colcon.colcon_core.environment:checking '/home/kazusa/kazusa/install/custom_msgs/lib/pkgconfig/custom_msgs.pc'
[1.208s] Level 1:colcon.colcon_core.environment:checking '/home/kazusa/kazusa/install/custom_msgs/lib/python3.12/site-packages'
[1.208s] Level 1:colcon.colcon_core.shell:create_environment_hook('custom_msgs', 'pythonpath')
[1.208s] INFO:colcon.colcon_core.shell:Creating environment hook '/home/kazusa/kazusa/install/custom_msgs/share/custom_msgs/hook/pythonpath.ps1'
[1.209s] INFO:colcon.colcon_core.shell:Creating environment descriptor '/home/kazusa/kazusa/install/custom_msgs/share/custom_msgs/hook/pythonpath.dsv'
[1.209s] INFO:colcon.colcon_core.shell:Creating environment hook '/home/kazusa/kazusa/install/custom_msgs/share/custom_msgs/hook/pythonpath.sh'
[1.210s] Level 1:colcon.colcon_core.environment:checking '/home/kazusa/kazusa/install/custom_msgs/bin'
[1.210s] INFO:colcon.colcon_core.shell:Creating package script '/home/kazusa/kazusa/install/custom_msgs/share/custom_msgs/package.ps1'
[1.211s] INFO:colcon.colcon_core.shell:Creating package descriptor '/home/kazusa/kazusa/install/custom_msgs/share/custom_msgs/package.dsv'
[1.212s] INFO:colcon.colcon_core.shell:Creating package script '/home/kazusa/kazusa/install/custom_msgs/share/custom_msgs/package.sh'
[1.212s] INFO:colcon.colcon_core.shell:Creating package script '/home/kazusa/kazusa/install/custom_msgs/share/custom_msgs/package.bash'
[1.213s] INFO:colcon.colcon_core.shell:Creating package script '/home/kazusa/kazusa/install/custom_msgs/share/custom_msgs/package.zsh'
[1.213s] Level 1:colcon.colcon_core.environment:create_file_with_runtime_dependencies(/home/kazusa/kazusa/install/custom_msgs/share/colcon-core/packages/custom_msgs)
[1.214s] Level 1:colcon.colcon_core.environment:create_environment_scripts_only(custom_msgs)
[1.214s] Level 1:colcon.colcon_core.environment:checking '/home/kazusa/kazusa/install/custom_msgs' for CMake module files
[1.215s] Level 1:colcon.colcon_core.environment:checking '/home/kazusa/kazusa/install/custom_msgs' for CMake config files
[1.216s] Level 1:colcon.colcon_core.shell:create_environment_hook('custom_msgs', 'cmake_prefix_path')
[1.216s] INFO:colcon.colcon_core.shell:Creating environment hook '/home/kazusa/kazusa/install/custom_msgs/share/custom_msgs/hook/cmake_prefix_path.ps1'
[1.217s] INFO:colcon.colcon_core.shell:Creating environment descriptor '/home/kazusa/kazusa/install/custom_msgs/share/custom_msgs/hook/cmake_prefix_path.dsv'
[1.217s] INFO:colcon.colcon_core.shell:Creating environment hook '/home/kazusa/kazusa/install/custom_msgs/share/custom_msgs/hook/cmake_prefix_path.sh'
[1.218s] Level 1:colcon.colcon_core.environment:checking '/home/kazusa/kazusa/install/custom_msgs/lib'
[1.218s] Level 1:colcon.colcon_core.shell:create_environment_hook('custom_msgs', 'ld_library_path_lib')
[1.218s] INFO:colcon.colcon_core.shell:Creating environment hook '/home/kazusa/kazusa/install/custom_msgs/share/custom_msgs/hook/ld_library_path_lib.ps1'
[1.218s] INFO:colcon.colcon_core.shell:Creating environment descriptor '/home/kazusa/kazusa/install/custom_msgs/share/custom_msgs/hook/ld_library_path_lib.dsv'
[1.219s] INFO:colcon.colcon_core.shell:Creating environment hook '/home/kazusa/kazusa/install/custom_msgs/share/custom_msgs/hook/ld_library_path_lib.sh'
[1.219s] Level 1:colcon.colcon_core.environment:checking '/home/kazusa/kazusa/install/custom_msgs/bin'
[1.219s] Level 1:colcon.colcon_core.environment:checking '/home/kazusa/kazusa/install/custom_msgs/lib/pkgconfig/custom_msgs.pc'
[1.220s] Level 1:colcon.colcon_core.environment:checking '/home/kazusa/kazusa/install/custom_msgs/lib/python3.12/site-packages'
[1.220s] Level 1:colcon.colcon_core.shell:create_environment_hook('custom_msgs', 'pythonpath')
[1.220s] INFO:colcon.colcon_core.shell:Creating environment hook '/home/kazusa/kazusa/install/custom_msgs/share/custom_msgs/hook/pythonpath.ps1'
[1.220s] INFO:colcon.colcon_core.shell:Creating environment descriptor '/home/kazusa/kazusa/install/custom_msgs/share/custom_msgs/hook/pythonpath.dsv'
[1.221s] INFO:colcon.colcon_core.shell:Creating environment hook '/home/kazusa/kazusa/install/custom_msgs/share/custom_msgs/hook/pythonpath.sh'
[1.222s] Level 1:colcon.colcon_core.environment:checking '/home/kazusa/kazusa/install/custom_msgs/bin'
[1.222s] INFO:colcon.colcon_core.shell:Creating package script '/home/kazusa/kazusa/install/custom_msgs/share/custom_msgs/package.ps1'
[1.223s] INFO:colcon.colcon_core.shell:Creating package descriptor '/home/kazusa/kazusa/install/custom_msgs/share/custom_msgs/package.dsv'
[1.224s] INFO:colcon.colcon_core.shell:Creating package script '/home/kazusa/kazusa/install/custom_msgs/share/custom_msgs/package.sh'
[1.224s] INFO:colcon.colcon_core.shell:Creating package script '/home/kazusa/kazusa/install/custom_msgs/share/custom_msgs/package.bash'
[1.225s] INFO:colcon.colcon_core.shell:Creating package script '/home/kazusa/kazusa/install/custom_msgs/share/custom_msgs/package.zsh'
[1.225s] Level 1:colcon.colcon_core.environment:create_file_with_runtime_dependencies(/home/kazusa/kazusa/install/custom_msgs/share/colcon-core/packages/custom_msgs)
[1.226s] INFO:colcon.colcon_ros.task.ament_cmake.build:Building ROS package in '/home/kazusa/kazusa/ver0/esp_agent' with build type 'ament_cmake'
[1.226s] INFO:colcon.colcon_cmake.task.cmake.build:Building CMake package in '/home/kazusa/kazusa/ver0/esp_agent'
[1.226s] INFO:colcon.colcon_core.shell:Skip shell extension 'powershell' for command environment: Not usable outside of PowerShell
[1.226s] DEBUG:colcon.colcon_core.shell:Skip shell extension 'dsv' for command environment
[1.234s] Level 1:colcon.colcon_core.environment:create_environment_scripts_only(controller)
[1.234s] Level 1:colcon.colcon_core.environment:checking '/home/kazusa/kazusa/install/controller' for CMake module files
[1.235s] DEBUG:colcon.colcon_core.event_handler.log_command:Invoked command in '/home/kazusa/kazusa/build/controller' returned '0': CMAKE_PREFIX_PATH=${CMAKE_PREFIX_PATH}:/opt/ros/jazzy DEBUGINFOD_URLS=https://debuginfod.ubuntu.com /usr/bin/cmake --install /home/kazusa/kazusa/build/controller
[1.236s] Level 1:colcon.colcon_core.environment:checking '/home/kazusa/kazusa/install/controller' for CMake config files
[1.236s] Level 1:colcon.colcon_core.shell:create_environment_hook('controller', 'cmake_prefix_path')
[1.236s] INFO:colcon.colcon_core.shell:Creating environment hook '/home/kazusa/kazusa/install/controller/share/controller/hook/cmake_prefix_path.ps1'
[1.237s] INFO:colcon.colcon_core.shell:Creating environment descriptor '/home/kazusa/kazusa/install/controller/share/controller/hook/cmake_prefix_path.dsv'
[1.238s] INFO:colcon.colcon_core.shell:Creating environment hook '/home/kazusa/kazusa/install/controller/share/controller/hook/cmake_prefix_path.sh'
[1.238s] Level 1:colcon.colcon_core.environment:checking '/home/kazusa/kazusa/install/controller/lib'
[1.238s] Level 1:colcon.colcon_core.shell:create_environment_hook('controller', 'ld_library_path_lib')
[1.239s] INFO:colcon.colcon_core.shell:Creating environment hook '/home/kazusa/kazusa/install/controller/share/controller/hook/ld_library_path_lib.ps1'
[1.239s] INFO:colcon.colcon_core.shell:Creating environment descriptor '/home/kazusa/kazusa/install/controller/share/controller/hook/ld_library_path_lib.dsv'
[1.240s] INFO:colcon.colcon_core.shell:Creating environment hook '/home/kazusa/kazusa/install/controller/share/controller/hook/ld_library_path_lib.sh'
[1.240s] Level 1:colcon.colcon_core.environment:checking '/home/kazusa/kazusa/install/controller/bin'
[1.240s] Level 1:colcon.colcon_core.environment:checking '/home/kazusa/kazusa/install/controller/lib/pkgconfig/controller.pc'
[1.240s] Level 1:colcon.colcon_core.environment:checking '/home/kazusa/kazusa/install/controller/lib/python3.12/site-packages'
[1.241s] Level 1:colcon.colcon_core.shell:create_environment_hook('controller', 'pythonpath')
[1.241s] INFO:colcon.colcon_core.shell:Creating environment hook '/home/kazusa/kazusa/install/controller/share/controller/hook/pythonpath.ps1'
[1.241s] INFO:colcon.colcon_core.shell:Creating environment descriptor '/home/kazusa/kazusa/install/controller/share/controller/hook/pythonpath.dsv'
[1.242s] INFO:colcon.colcon_core.shell:Creating environment hook '/home/kazusa/kazusa/install/controller/share/controller/hook/pythonpath.sh'
[1.243s] Level 1:colcon.colcon_core.environment:checking '/home/kazusa/kazusa/install/controller/bin'
[1.243s] INFO:colcon.colcon_core.shell:Creating package script '/home/kazusa/kazusa/install/controller/share/controller/package.ps1'
[1.244s] INFO:colcon.colcon_core.shell:Creating package descriptor '/home/kazusa/kazusa/install/controller/share/controller/package.dsv'
[1.244s] INFO:colcon.colcon_core.shell:Creating package script '/home/kazusa/kazusa/install/controller/share/controller/package.sh'
[1.245s] INFO:colcon.colcon_core.shell:Creating package script '/home/kazusa/kazusa/install/controller/share/controller/package.bash'
[1.245s] INFO:colcon.colcon_core.shell:Creating package script '/home/kazusa/kazusa/install/controller/share/controller/package.zsh'
[1.246s] Level 1:colcon.colcon_core.environment:create_file_with_runtime_dependencies(/home/kazusa/kazusa/install/controller/share/colcon-core/packages/controller)
[1.247s] Level 1:colcon.colcon_core.environment:create_environment_scripts_only(controller)
[1.247s] Level 1:colcon.colcon_core.environment:checking '/home/kazusa/kazusa/install/controller' for CMake module files
[1.248s] Level 1:colcon.colcon_core.environment:checking '/home/kazusa/kazusa/install/controller' for CMake config files
[1.248s] Level 1:colcon.colcon_core.shell:create_environment_hook('controller', 'cmake_prefix_path')
[1.248s] INFO:colcon.colcon_core.shell:Creating environment hook '/home/kazusa/kazusa/install/controller/share/controller/hook/cmake_prefix_path.ps1'
[1.249s] INFO:colcon.colcon_core.shell:Creating environment descriptor '/home/kazusa/kazusa/install/controller/share/controller/hook/cmake_prefix_path.dsv'
[1.249s] INFO:colcon.colcon_core.shell:Creating environment hook '/home/kazusa/kazusa/install/controller/share/controller/hook/cmake_prefix_path.sh'
[1.250s] Level 1:colcon.colcon_core.environment:checking '/home/kazusa/kazusa/install/controller/lib'
[1.250s] Level 1:colcon.colcon_core.shell:create_environment_hook('controller', 'ld_library_path_lib')
[1.250s] INFO:colcon.colcon_core.shell:Creating environment hook '/home/kazusa/kazusa/install/controller/share/controller/hook/ld_library_path_lib.ps1'
[1.251s] INFO:colcon.colcon_core.shell:Creating environment descriptor '/home/kazusa/kazusa/install/controller/share/controller/hook/ld_library_path_lib.dsv'
[1.251s] INFO:colcon.colcon_core.shell:Creating environment hook '/home/kazusa/kazusa/install/controller/share/controller/hook/ld_library_path_lib.sh'
[1.252s] Level 1:colcon.colcon_core.environment:checking '/home/kazusa/kazusa/install/controller/bin'
[1.252s] Level 1:colcon.colcon_core.environment:checking '/home/kazusa/kazusa/install/controller/lib/pkgconfig/controller.pc'
[1.252s] Level 1:colcon.colcon_core.environment:checking '/home/kazusa/kazusa/install/controller/lib/python3.12/site-packages'
[1.252s] Level 1:colcon.colcon_core.shell:create_environment_hook('controller', 'pythonpath')
[1.253s] INFO:colcon.colcon_core.shell:Creating environment hook '/home/kazusa/kazusa/install/controller/share/controller/hook/pythonpath.ps1'
[1.253s] INFO:colcon.colcon_core.shell:Creating environment descriptor '/home/kazusa/kazusa/install/controller/share/controller/hook/pythonpath.dsv'
[1.253s] INFO:colcon.colcon_core.shell:Creating environment hook '/home/kazusa/kazusa/install/controller/share/controller/hook/pythonpath.sh'
[1.254s] Level 1:colcon.colcon_core.environment:checking '/home/kazusa/kazusa/install/controller/bin'
[1.255s] INFO:colcon.colcon_core.shell:Creating package script '/home/kazusa/kazusa/install/controller/share/controller/package.ps1'
[1.255s] INFO:colcon.colcon_core.shell:Creating package descriptor '/home/kazusa/kazusa/install/controller/share/controller/package.dsv'
[1.256s] INFO:colcon.colcon_core.shell:Creating package script '/home/kazusa/kazusa/install/controller/share/controller/package.sh'
[1.257s] INFO:colcon.colcon_core.shell:Creating package script '/home/kazusa/kazusa/install/controller/share/controller/package.bash'
[1.257s] INFO:colcon.colcon_core.shell:Creating package script '/home/kazusa/kazusa/install/controller/share/controller/package.zsh'
[1.258s] Level 1:colcon.colcon_core.environment:create_file_with_runtime_dependencies(/home/kazusa/kazusa/install/controller/share/colcon-core/packages/controller)
[1.259s] INFO:colcon.colcon_ros.task.ament_cmake.build:Building ROS package in '/home/kazusa/kazusa/ver0/controller_src' with build type 'ament_cmake'
[1.259s] INFO:colcon.colcon_cmake.task.cmake.build:Building CMake package in '/home/kazusa/kazusa/ver0/controller_src'
[1.259s] INFO:colcon.colcon_core.shell:Skip shell extension 'powershell' for command environment: Not usable outside of PowerShell
[1.259s] DEBUG:colcon.colcon_core.shell:Skip shell extension 'dsv' for command environment
[1.265s] INFO:colcon.colcon_ros.task.ament_cmake.build:Building ROS package in '/home/kazusa/kazusa/ver0/mast' with build type 'ament_cmake'
[1.265s] INFO:colcon.colcon_cmake.task.cmake.build:Building CMake package in '/home/kazusa/kazusa/ver0/mast'
[1.266s] INFO:colcon.colcon_core.shell:Skip shell extension 'powershell' for command environment: Not usable outside of PowerShell
[1.266s] DEBUG:colcon.colcon_core.shell:Skip shell extension 'dsv' for command environment
[1.276s] DEBUG:colcon.colcon_core.event_handler.log_command:Invoking command in '/home/kazusa/kazusa/build/esp_agent': AMENT_PREFIX_PATH=/home/kazusa/kazusa/install/custom_msgs:${AMENT_PREFIX_PATH} CMAKE_PREFIX_PATH=/home/kazusa/kazusa/install/custom_msgs:/home/kazusa/ros2_deps_ws/install/emcl2:/opt/ros/jazzy/opt/gz_sim_vendor:/opt/ros/jazzy/opt/gz_sensors_vendor:/opt/ros/jazzy/opt/gz_physics_vendor:/opt/ros/jazzy/opt/sdformat_vendor:/opt/ros/jazzy/opt/gz_gui_vendor:/opt/ros/jazzy/opt/gz_transport_vendor:/opt/ros/jazzy/opt/gz_rendering_vendor:/opt/ros/jazzy/opt/gz_plugin_vendor:/opt/ros/jazzy/opt/gz_fuel_tools_vendor:/opt/ros/jazzy/opt/gz_msgs_vendor:/opt/ros/jazzy/opt/gz_common_vendor:/opt/ros/jazzy/opt/gz_math_vendor:/opt/ros/jazzy/opt/gz_utils_vendor:/opt/ros/jazzy/opt/gz_tools_vendor:/opt/ros/jazzy/opt/gz_ogre_next_vendor:/opt/ros/jazzy/opt/gz_dartsim_vendor:/opt/ros/jazzy/opt/gz_cmake_vendor:/opt/ros/jazzy DEBUGINFOD_URLS=https://debuginfod.ubuntu.com LD_LIBRARY_PATH=/home/kazusa/kazusa/install/custom_msgs/lib:${LD_LIBRARY_PATH} PYTHONPATH=/home/kazusa/kazusa/install/custom_msgs/lib/python3.12/site-packages:${PYTHONPATH} /usr/bin/cmake --build /home/kazusa/kazusa/build/esp_agent -- -j12 -l12
[1.278s] DEBUG:colcon.colcon_core.event_handler.log_command:Invoking command in '/home/kazusa/kazusa/build/controller_src': AMENT_PREFIX_PATH=/home/kazusa/kazusa/install/controller:${AMENT_PREFIX_PATH} CMAKE_PREFIX_PATH=/home/kazusa/kazusa/install/controller:/home/kazusa/ros2_deps_ws/install/emcl2:/opt/ros/jazzy/opt/gz_sim_vendor:/opt/ros/jazzy/opt/gz_sensors_vendor:/opt/ros/jazzy/opt/gz_physics_vendor:/opt/ros/jazzy/opt/sdformat_vendor:/opt/ros/jazzy/opt/gz_gui_vendor:/opt/ros/jazzy/opt/gz_transport_vendor:/opt/ros/jazzy/opt/gz_rendering_vendor:/opt/ros/jazzy/opt/gz_plugin_vendor:/opt/ros/jazzy/opt/gz_fuel_tools_vendor:/opt/ros/jazzy/opt/gz_msgs_vendor:/opt/ros/jazzy/opt/gz_common_vendor:/opt/ros/jazzy/opt/gz_math_vendor:/opt/ros/jazzy/opt/gz_utils_vendor:/opt/ros/jazzy/opt/gz_tools_vendor:/opt/ros/jazzy/opt/gz_ogre_next_vendor:/opt/ros/jazzy/opt/gz_dartsim_vendor:/opt/ros/jazzy/opt/gz_cmake_vendor:/opt/ros/jazzy DEBUGINFOD_URLS=https://debuginfod.ubuntu.com LD_LIBRARY_PATH=/home/kazusa/kazusa/install/controller/lib:${LD_LIBRARY_PATH} PYTHONPATH=/home/kazusa/kazusa/install/controller/lib/python3.12/site-packages:${PYTHONPATH} /usr/bin/cmake --build /home/kazusa/kazusa/build/controller_src -- -j12 -l12
[1.286s] DEBUG:colcon.colcon_core.event_handler.log_command:Invoking command in '/home/kazusa/kazusa/build/mast': AMENT_PREFIX_PATH=/home/kazusa/kazusa/install/custom_msgs:/home/kazusa/kazusa/install/controller:${AMENT_PREFIX_PATH} CMAKE_PREFIX_PATH=/home/kazusa/kazusa/install/custom_msgs:/home/kazusa/kazusa/install/controller:/home/kazusa/ros2_deps_ws/install/emcl2:/opt/ros/jazzy/opt/gz_sim_vendor:/opt/ros/jazzy/opt/gz_sensors_vendor:/opt/ros/jazzy/opt/gz_physics_vendor:/opt/ros/jazzy/opt/sdformat_vendor:/opt/ros/jazzy/opt/gz_gui_vendor:/opt/ros/jazzy/opt/gz_transport_vendor:/opt/ros/jazzy/opt/gz_rendering_vendor:/opt/ros/jazzy/opt/gz_plugin_vendor:/opt/ros/jazzy/opt/gz_fuel_tools_vendor:/opt/ros/jazzy/opt/gz_msgs_vendor:/opt/ros/jazzy/opt/gz_common_vendor:/opt/ros/jazzy/opt/gz_math_vendor:/opt/ros/jazzy/opt/gz_utils_vendor:/opt/ros/jazzy/opt/gz_tools_vendor:/opt/ros/jazzy/opt/gz_ogre_next_vendor:/opt/ros/jazzy/opt/gz_dartsim_vendor:/opt/ros/jazzy/opt/gz_cmake_vendor:/opt/ros/jazzy DEBUGINFOD_URLS=https://debuginfod.ubuntu.com LD_LIBRARY_PATH=/home/kazusa/kazusa/install/custom_msgs/lib:/home/kazusa/kazusa/install/controller/lib:${LD_LIBRARY_PATH} PYTHONPATH=/home/kazusa/kazusa/install/custom_msgs/lib/python3.12/site-packages:/home/kazusa/kazusa/install/controller/lib/python3.12/site-packages:${PYTHONPATH} /usr/bin/cmake --build /home/kazusa/kazusa/build/mast -- -j12 -l12
[1.344s] DEBUG:colcon.colcon_core.event_handler.log_command:Invoked command in '/home/kazusa/kazusa/build/controller_src' returned '0': AMENT_PREFIX_PATH=/home/kazusa/kazusa/install/controller:${AMENT_PREFIX_PATH} CMAKE_PREFIX_PATH=/home/kazusa/kazusa/install/controller:/home/kazusa/ros2_deps_ws/install/emcl2:/opt/ros/jazzy/opt/gz_sim_vendor:/opt/ros/jazzy/opt/gz_sensors_vendor:/opt/ros/jazzy/opt/gz_physics_vendor:/opt/ros/jazzy/opt/sdformat_vendor:/opt/ros/jazzy/opt/gz_gui_vendor:/opt/ros/jazzy/opt/gz_transport_vendor:/opt/ros/jazzy/opt/gz_rendering_vendor:/opt/ros/jazzy/opt/gz_plugin_vendor:/opt/ros/jazzy/opt/gz_fuel_tools_vendor:/opt/ros/jazzy/opt/gz_msgs_vendor:/opt/ros/jazzy/opt/gz_common_vendor:/opt/ros/jazzy/opt/gz_math_vendor:/opt/ros/jazzy/opt/gz_utils_vendor:/opt/ros/jazzy/opt/gz_tools_vendor:/opt/ros/jazzy/opt/gz_ogre_next_vendor:/opt/ros/jazzy/opt/gz_dartsim_vendor:/opt/ros/jazzy/opt/gz_cmake_vendor:/opt/ros/jazzy DEBUGINFOD_URLS=https://debuginfod.ubuntu.com LD_LIBRARY_PATH=/home/kazusa/kazusa/install/controller/lib:${LD_LIBRARY_PATH} PYTHONPATH=/home/kazusa/kazusa/install/controller/lib/python3.12/site-packages:${PYTHONPATH} /usr/bin/cmake --build /home/kazusa/kazusa/build/controller_src -- -j12 -l12
[1.347s] DEBUG:colcon.colcon_core.event_handler.log_command:Invoking command in '/home/kazusa/kazusa/build/controller_src': AMENT_PREFIX_PATH=/home/kazusa/kazusa/install/controller:${AMENT_PREFIX_PATH} CMAKE_PREFIX_PATH=/home/kazusa/kazusa/install/controller:/home/kazusa/ros2_deps_ws/install/emcl2:/opt/ros/jazzy/opt/gz_sim_vendor:/opt/ros/jazzy/opt/gz_sensors_vendor:/opt/ros/jazzy/opt/gz_physics_vendor:/opt/ros/jazzy/opt/sdformat_vendor:/opt/ros/jazzy/opt/gz_gui_vendor:/opt/ros/jazzy/opt/gz_transport_vendor:/opt/ros/jazzy/opt/gz_rendering_vendor:/opt/ros/jazzy/opt/gz_plugin_vendor:/opt/ros/jazzy/opt/gz_fuel_tools_vendor:/opt/ros/jazzy/opt/gz_msgs_vendor:/opt/ros/jazzy/opt/gz_common_vendor:/opt/ros/jazzy/opt/gz_math_vendor:/opt/ros/jazzy/opt/gz_utils_vendor:/opt/ros/jazzy/opt/gz_tools_vendor:/opt/ros/jazzy/opt/gz_ogre_next_vendor:/opt/ros/jazzy/opt/gz_dartsim_vendor:/opt/ros/jazzy/opt/gz_cmake_vendor:/opt/ros/jazzy DEBUGINFOD_URLS=https://debuginfod.ubuntu.com LD_LIBRARY_PATH=/home/kazusa/kazusa/install/controller/lib:${LD_LIBRARY_PATH} PYTHONPATH=/home/kazusa/kazusa/install/controller/lib/python3.12/site-packages:${PYTHONPATH} /usr/bin/cmake --install /home/kazusa/kazusa/build/controller_src
[1.367s] Level 1:colcon.colcon_core.environment:create_environment_scripts_only(controller_src)
[1.367s] Level 1:colcon.colcon_core.environment:checking '/home/kazusa/kazusa/install/controller_src' for CMake module files
[1.368s] Level 1:colcon.colcon_core.environment:checking '/home/kazusa/kazusa/install/controller_src' for CMake config files
[1.369s] Level 1:colcon.colcon_core.shell:create_environment_hook('controller_src', 'cmake_prefix_path')
[1.369s] INFO:colcon.colcon_core.shell:Creating environment hook '/home/kazusa/kazusa/install/controller_src/share/controller_src/hook/cmake_prefix_path.ps1'
[1.370s] INFO:colcon.colcon_core.shell:Creating environment descriptor '/home/kazusa/kazusa/install/controller_src/share/controller_src/hook/cmake_prefix_path.dsv'
[1.370s] DEBUG:colcon.colcon_core.event_handler.log_command:Invoked command in '/home/kazusa/kazusa/build/controller_src' returned '0': AMENT_PREFIX_PATH=/home/kazusa/kazusa/install/controller:${AMENT_PREFIX_PATH} CMAKE_PREFIX_PATH=/home/kazusa/kazusa/install/controller:/home/kazusa/ros2_deps_ws/install/emcl2:/opt/ros/jazzy/opt/gz_sim_vendor:/opt/ros/jazzy/opt/gz_sensors_vendor:/opt/ros/jazzy/opt/gz_physics_vendor:/opt/ros/jazzy/opt/sdformat_vendor:/opt/ros/jazzy/opt/gz_gui_vendor:/opt/ros/jazzy/opt/gz_transport_vendor:/opt/ros/jazzy/opt/gz_rendering_vendor:/opt/ros/jazzy/opt/gz_plugin_vendor:/opt/ros/jazzy/opt/gz_fuel_tools_vendor:/opt/ros/jazzy/opt/gz_msgs_vendor:/opt/ros/jazzy/opt/gz_common_vendor:/opt/ros/jazzy/opt/gz_math_vendor:/opt/ros/jazzy/opt/gz_utils_vendor:/opt/ros/jazzy/opt/gz_tools_vendor:/opt/ros/jazzy/opt/gz_ogre_next_vendor:/opt/ros/jazzy/opt/gz_dartsim_vendor:/opt/ros/jazzy/opt/gz_cmake_vendor:/opt/ros/jazzy DEBUGINFOD_URLS=https://debuginfod.ubuntu.com LD_LIBRARY_PATH=/home/kazusa/kazusa/install/controller/lib:${LD_LIBRARY_PATH} PYTHONPATH=/home/kazusa/kazusa/install/controller/lib/python3.12/site-packages:${PYTHONPATH} /usr/bin/cmake --install /home/kazusa/kazusa/build/controller_src
[1.371s] INFO:colcon.colcon_core.shell:Creating environment hook '/home/kazusa/kazusa/install/controller_src/share/controller_src/hook/cmake_prefix_path.sh'
[1.372s] Level 1:colcon.colcon_core.environment:checking '/home/kazusa/kazusa/install/controller_src/lib'
[1.372s] Level 1:colcon.colcon_core.environment:checking '/home/kazusa/kazusa/install/controller_src/bin'
[1.372s] Level 1:colcon.colcon_core.environment:checking '/home/kazusa/kazusa/install/controller_src/lib/pkgconfig/controller_src.pc'
[1.373s] Level 1:colcon.colcon_core.environment:checking '/home/kazusa/kazusa/install/controller_src/lib/python3.12/site-packages'
[1.373s] Level 1:colcon.colcon_core.environment:checking '/home/kazusa/kazusa/install/controller_src/bin'
[1.374s] INFO:colcon.colcon_core.shell:Creating package script '/home/kazusa/kazusa/install/controller_src/share/controller_src/package.ps1'
[1.375s] INFO:colcon.colcon_core.shell:Creating package descriptor '/home/kazusa/kazusa/install/controller_src/share/controller_src/package.dsv'
[1.376s] INFO:colcon.colcon_core.shell:Creating package script '/home/kazusa/kazusa/install/controller_src/share/controller_src/package.sh'
[1.376s] INFO:colcon.colcon_core.shell:Creating package script '/home/kazusa/kazusa/install/controller_src/share/controller_src/package.bash'
[1.377s] INFO:colcon.colcon_core.shell:Creating package script '/home/kazusa/kazusa/install/controller_src/share/controller_src/package.zsh'
[1.377s] Level 1:colcon.colcon_core.environment:create_file_with_runtime_dependencies(/home/kazusa/kazusa/install/controller_src/share/colcon-core/packages/controller_src)
[1.379s] Level 1:colcon.colcon_core.environment:create_environment_scripts_only(controller_src)
[1.379s] Level 1:colcon.colcon_core.environment:checking '/home/kazusa/kazusa/install/controller_src' for CMake module files
[1.380s] Level 1:colcon.colcon_core.environment:checking '/home/kazusa/kazusa/install/controller_src' for CMake config files
[1.380s] Level 1:colcon.colcon_core.shell:create_environment_hook('controller_src', 'cmake_prefix_path')
[1.381s] INFO:colcon.colcon_core.shell:Creating environment hook '/home/kazusa/kazusa/install/controller_src/share/controller_src/hook/cmake_prefix_path.ps1'
[1.381s] INFO:colcon.colcon_core.shell:Creating environment descriptor '/home/kazusa/kazusa/install/controller_src/share/controller_src/hook/cmake_prefix_path.dsv'
[1.382s] INFO:colcon.colcon_core.shell:Creating environment hook '/home/kazusa/kazusa/install/controller_src/share/controller_src/hook/cmake_prefix_path.sh'
[1.382s] Level 1:colcon.colcon_core.environment:checking '/home/kazusa/kazusa/install/controller_src/lib'
[1.382s] Level 1:colcon.colcon_core.environment:checking '/home/kazusa/kazusa/install/controller_src/bin'
[1.382s] Level 1:colcon.colcon_core.environment:checking '/home/kazusa/kazusa/install/controller_src/lib/pkgconfig/controller_src.pc'
[1.383s] Level 1:colcon.colcon_core.environment:checking '/home/kazusa/kazusa/install/controller_src/lib/python3.12/site-packages'
[1.383s] Level 1:colcon.colcon_core.environment:checking '/home/kazusa/kazusa/install/controller_src/bin'
[1.383s] INFO:colcon.colcon_core.shell:Creating package script '/home/kazusa/kazusa/install/controller_src/share/controller_src/package.ps1'
[1.384s] INFO:colcon.colcon_core.shell:Creating package descriptor '/home/kazusa/kazusa/install/controller_src/share/controller_src/package.dsv'
[1.385s] INFO:colcon.colcon_core.shell:Creating package script '/home/kazusa/kazusa/install/controller_src/share/controller_src/package.sh'
[1.386s] INFO:colcon.colcon_core.shell:Creating package script '/home/kazusa/kazusa/install/controller_src/share/controller_src/package.bash'
[1.386s] INFO:colcon.colcon_core.shell:Creating package script '/home/kazusa/kazusa/install/controller_src/share/controller_src/package.zsh'
[1.387s] Level 1:colcon.colcon_core.environment:create_file_with_runtime_dependencies(/home/kazusa/kazusa/install/controller_src/share/colcon-core/packages/controller_src)
[1.438s] DEBUG:colcon.colcon_core.event_handler.log_command:Invoked command in '/home/kazusa/kazusa/build/mast' returned '0': AMENT_PREFIX_PATH=/home/kazusa/kazusa/install/custom_msgs:/home/kazusa/kazusa/install/controller:${AMENT_PREFIX_PATH} CMAKE_PREFIX_PATH=/home/kazusa/kazusa/install/custom_msgs:/home/kazusa/kazusa/install/controller:/home/kazusa/ros2_deps_ws/install/emcl2:/opt/ros/jazzy/opt/gz_sim_vendor:/opt/ros/jazzy/opt/gz_sensors_vendor:/opt/ros/jazzy/opt/gz_physics_vendor:/opt/ros/jazzy/opt/sdformat_vendor:/opt/ros/jazzy/opt/gz_gui_vendor:/opt/ros/jazzy/opt/gz_transport_vendor:/opt/ros/jazzy/opt/gz_rendering_vendor:/opt/ros/jazzy/opt/gz_plugin_vendor:/opt/ros/jazzy/opt/gz_fuel_tools_vendor:/opt/ros/jazzy/opt/gz_msgs_vendor:/opt/ros/jazzy/opt/gz_common_vendor:/opt/ros/jazzy/opt/gz_math_vendor:/opt/ros/jazzy/opt/gz_utils_vendor:/opt/ros/jazzy/opt/gz_tools_vendor:/opt/ros/jazzy/opt/gz_ogre_next_vendor:/opt/ros/jazzy/opt/gz_dartsim_vendor:/opt/ros/jazzy/opt/gz_cmake_vendor:/opt/ros/jazzy DEBUGINFOD_URLS=https://debuginfod.ubuntu.com LD_LIBRARY_PATH=/home/kazusa/kazusa/install/custom_msgs/lib:/home/kazusa/kazusa/install/controller/lib:${LD_LIBRARY_PATH} PYTHONPATH=/home/kazusa/kazusa/install/custom_msgs/lib/python3.12/site-packages:/home/kazusa/kazusa/install/controller/lib/python3.12/site-packages:${PYTHONPATH} /usr/bin/cmake --build /home/kazusa/kazusa/build/mast -- -j12 -l12
[1.442s] DEBUG:colcon.colcon_core.event_handler.log_command:Invoking command in '/home/kazusa/kazusa/build/mast': AMENT_PREFIX_PATH=/home/kazusa/kazusa/install/custom_msgs:/home/kazusa/kazusa/install/controller:${AMENT_PREFIX_PATH} CMAKE_PREFIX_PATH=/home/kazusa/kazusa/install/custom_msgs:/home/kazusa/kazusa/install/controller:/home/kazusa/ros2_deps_ws/install/emcl2:/opt/ros/jazzy/opt/gz_sim_vendor:/opt/ros/jazzy/opt/gz_sensors_vendor:/opt/ros/jazzy/opt/gz_physics_vendor:/opt/ros/jazzy/opt/sdformat_vendor:/opt/ros/jazzy/opt/gz_gui_vendor:/opt/ros/jazzy/opt/gz_transport_vendor:/opt/ros/jazzy/opt/gz_rendering_vendor:/opt/ros/jazzy/opt/gz_plugin_vendor:/opt/ros/jazzy/opt/gz_fuel_tools_vendor:/opt/ros/jazzy/opt/gz_msgs_vendor:/opt/ros/jazzy/opt/gz_common_vendor:/opt/ros/jazzy/opt/gz_math_vendor:/opt/ros/jazzy/opt/gz_utils_vendor:/opt/ros/jazzy/opt/gz_tools_vendor:/opt/ros/jazzy/opt/gz_ogre_next_vendor:/opt/ros/jazzy/opt/gz_dartsim_vendor:/opt/ros/jazzy/opt/gz_cmake_vendor:/opt/ros/jazzy DEBUGINFOD_URLS=https://debuginfod.ubuntu.com LD_LIBRARY_PATH=/home/kazusa/kazusa/install/custom_msgs/lib:/home/kazusa/kazusa/install/controller/lib:${LD_LIBRARY_PATH} PYTHONPATH=/home/kazusa/kazusa/install/custom_msgs/lib/python3.12/site-packages:/home/kazusa/kazusa/install/controller/lib/python3.12/site-packages:${PYTHONPATH} /usr/bin/cmake --install /home/kazusa/kazusa/build/mast
[1.443s] DEBUG:colcon.colcon_core.event_handler.log_command:Invoked command in '/home/kazusa/kazusa/build/esp_agent' returned '0': AMENT_PREFIX_PATH=/home/kazusa/kazusa/install/custom_msgs:${AMENT_PREFIX_PATH} CMAKE_PREFIX_PATH=/home/kazusa/kazusa/install/custom_msgs:/home/kazusa/ros2_deps_ws/install/emcl2:/opt/ros/jazzy/opt/gz_sim_vendor:/opt/ros/jazzy/opt/gz_sensors_vendor:/opt/ros/jazzy/opt/gz_physics_vendor:/opt/ros/jazzy/opt/sdformat_vendor:/opt/ros/jazzy/opt/gz_gui_vendor:/opt/ros/jazzy/opt/gz_transport_vendor:/opt/ros/jazzy/opt/gz_rendering_vendor:/opt/ros/jazzy/opt/gz_plugin_vendor:/opt/ros/jazzy/opt/gz_fuel_tools_vendor:/opt/ros/jazzy/opt/gz_msgs_vendor:/opt/ros/jazzy/opt/gz_common_vendor:/opt/ros/jazzy/opt/gz_math_vendor:/opt/ros/jazzy/opt/gz_utils_vendor:/opt/ros/jazzy/opt/gz_tools_vendor:/opt/ros/jazzy/opt/gz_ogre_next_vendor:/opt/ros/jazzy/opt/gz_dartsim_vendor:/opt/ros/jazzy/opt/gz_cmake_vendor:/opt/ros/jazzy DEBUGINFOD_URLS=https://debuginfod.ubuntu.com LD_LIBRARY_PATH=/home/kazusa/kazusa/install/custom_msgs/lib:${LD_LIBRARY_PATH} PYTHONPATH=/home/kazusa/kazusa/install/custom_msgs/lib/python3.12/site-packages:${PYTHONPATH} /usr/bin/cmake --build /home/kazusa/kazusa/build/esp_agent -- -j12 -l12
[1.445s] DEBUG:colcon.colcon_core.event_handler.log_command:Invoking command in '/home/kazusa/kazusa/build/esp_agent': AMENT_PREFIX_PATH=/home/kazusa/kazusa/install/custom_msgs:${AMENT_PREFIX_PATH} CMAKE_PREFIX_PATH=/home/kazusa/kazusa/install/custom_msgs:/home/kazusa/ros2_deps_ws/install/emcl2:/opt/ros/jazzy/opt/gz_sim_vendor:/opt/ros/jazzy/opt/gz_sensors_vendor:/opt/ros/jazzy/opt/gz_physics_vendor:/opt/ros/jazzy/opt/sdformat_vendor:/opt/ros/jazzy/opt/gz_gui_vendor:/opt/ros/jazzy/opt/gz_transport_vendor:/opt/ros/jazzy/opt/gz_rendering_vendor:/opt/ros/jazzy/opt/gz_plugin_vendor:/opt/ros/jazzy/opt/gz_fuel_tools_vendor:/opt/ros/jazzy/opt/gz_msgs_vendor:/opt/ros/jazzy/opt/gz_common_vendor:/opt/ros/jazzy/opt/gz_math_vendor:/opt/ros/jazzy/opt/gz_utils_vendor:/opt/ros/jazzy/opt/gz_tools_vendor:/opt/ros/jazzy/opt/gz_ogre_next_vendor:/opt/ros/jazzy/opt/gz_dartsim_vendor:/opt/ros/jazzy/opt/gz_cmake_vendor:/opt/ros/jazzy DEBUGINFOD_URLS=https://debuginfod.ubuntu.com LD_LIBRARY_PATH=/home/kazusa/kazusa/install/custom_msgs/lib:${LD_LIBRARY_PATH} PYTHONPATH=/home/kazusa/kazusa/install/custom_msgs/lib/python3.12/site-packages:${PYTHONPATH} /usr/bin/cmake --install /home/kazusa/kazusa/build/esp_agent
[1.463s] Level 1:colcon.colcon_core.environment:create_environment_scripts_only(esp_agent)
[1.464s] Level 1:colcon.colcon_core.environment:checking '/home/kazusa/kazusa/install/esp_agent' for CMake module files
[1.464s] DEBUG:colcon.colcon_core.event_handler.log_command:Invoked command in '/home/kazusa/kazusa/build/esp_agent' returned '0': AMENT_PREFIX_PATH=/home/kazusa/kazusa/install/custom_msgs:${AMENT_PREFIX_PATH} CMAKE_PREFIX_PATH=/home/kazusa/kazusa/install/custom_msgs:/home/kazusa/ros2_deps_ws/install/emcl2:/opt/ros/jazzy/opt/gz_sim_vendor:/opt/ros/jazzy/opt/gz_sensors_vendor:/opt/ros/jazzy/opt/gz_physics_vendor:/opt/ros/jazzy/opt/sdformat_vendor:/opt/ros/jazzy/opt/gz_gui_vendor:/opt/ros/jazzy/opt/gz_transport_vendor:/opt/ros/jazzy/opt/gz_rendering_vendor:/opt/ros/jazzy/opt/gz_plugin_vendor:/opt/ros/jazzy/opt/gz_fuel_tools_vendor:/opt/ros/jazzy/opt/gz_msgs_vendor:/opt/ros/jazzy/opt/gz_common_vendor:/opt/ros/jazzy/opt/gz_math_vendor:/opt/ros/jazzy/opt/gz_utils_vendor:/opt/ros/jazzy/opt/gz_tools_vendor:/opt/ros/jazzy/opt/gz_ogre_next_vendor:/opt/ros/jazzy/opt/gz_dartsim_vendor:/opt/ros/jazzy/opt/gz_cmake_vendor:/opt/ros/jazzy DEBUGINFOD_URLS=https://debuginfod.ubuntu.com LD_LIBRARY_PATH=/home/kazusa/kazusa/install/custom_msgs/lib:${LD_LIBRARY_PATH} PYTHONPATH=/home/kazusa/kazusa/install/custom_msgs/lib/python3.12/site-packages:${PYTHONPATH} /usr/bin/cmake --install /home/kazusa/kazusa/build/esp_agent
[1.465s] Level 1:colcon.colcon_core.environment:checking '/home/kazusa/kazusa/install/esp_agent' for CMake config files
[1.465s] Level 1:colcon.colcon_core.shell:create_environment_hook('esp_agent', 'cmake_prefix_path')
[1.465s] INFO:colcon.colcon_core.shell:Creating environment hook '/home/kazusa/kazusa/install/esp_agent/share/esp_agent/hook/cmake_prefix_path.ps1'
[1.466s] INFO:colcon.colcon_core.shell:Creating environment descriptor '/home/kazusa/kazusa/install/esp_agent/share/esp_agent/hook/cmake_prefix_path.dsv'
[1.466s] INFO:colcon.colcon_core.shell:Creating environment hook '/home/kazusa/kazusa/install/esp_agent/share/esp_agent/hook/cmake_prefix_path.sh'
[1.467s] Level 1:colcon.colcon_core.environment:checking '/home/kazusa/kazusa/install/esp_agent/lib'
[1.467s] Level 1:colcon.colcon_core.environment:checking '/home/kazusa/kazusa/install/esp_agent/bin'
[1.467s] Level 1:colcon.colcon_core.environment:checking '/home/kazusa/kazusa/install/esp_agent/lib/pkgconfig/esp_agent.pc'
[1.467s] Level 1:colcon.colcon_core.environment:checking '/home/kazusa/kazusa/install/esp_agent/lib/python3.12/site-packages'
[1.468s] Level 1:colcon.colcon_core.environment:checking '/home/kazusa/kazusa/install/esp_agent/bin'
[1.468s] INFO:colcon.colcon_core.shell:Creating package script '/home/kazusa/kazusa/install/esp_agent/share/esp_agent/package.ps1'
[1.469s] INFO:colcon.colcon_core.shell:Creating package descriptor '/home/kazusa/kazusa/install/esp_agent/share/esp_agent/package.dsv'
[1.469s] INFO:colcon.colcon_core.shell:Creating package script '/home/kazusa/kazusa/install/esp_agent/share/esp_agent/package.sh'
[1.469s] INFO:colcon.colcon_core.shell:Creating package script '/home/kazusa/kazusa/install/esp_agent/share/esp_agent/package.bash'
[1.470s] INFO:colcon.colcon_core.shell:Creating package script '/home/kazusa/kazusa/install/esp_agent/share/esp_agent/package.zsh'
[1.470s] Level 1:colcon.colcon_core.environment:create_file_with_runtime_dependencies(/home/kazusa/kazusa/install/esp_agent/share/colcon-core/packages/esp_agent)
[1.471s] Level 1:colcon.colcon_core.environment:create_environment_scripts_only(esp_agent)
[1.471s] Level 1:colcon.colcon_core.environment:checking '/home/kazusa/kazusa/install/esp_agent' for CMake module files
[1.471s] Level 1:colcon.colcon_core.environment:checking '/home/kazusa/kazusa/install/esp_agent' for CMake config files
[1.472s] Level 1:colcon.colcon_core.shell:create_environment_hook('esp_agent', 'cmake_prefix_path')
[1.472s] INFO:colcon.colcon_core.shell:Creating environment hook '/home/kazusa/kazusa/install/esp_agent/share/esp_agent/hook/cmake_prefix_path.ps1'
[1.472s] INFO:colcon.colcon_core.shell:Creating environment descriptor '/home/kazusa/kazusa/install/esp_agent/share/esp_agent/hook/cmake_prefix_path.dsv'
[1.472s] INFO:colcon.colcon_core.shell:Creating environment hook '/home/kazusa/kazusa/install/esp_agent/share/esp_agent/hook/cmake_prefix_path.sh'
[1.473s] Level 1:colcon.colcon_core.environment:checking '/home/kazusa/kazusa/install/esp_agent/lib'
[1.473s] Level 1:colcon.colcon_core.environment:checking '/home/kazusa/kazusa/install/esp_agent/bin'
[1.473s] Level 1:colcon.colcon_core.environment:checking '/home/kazusa/kazusa/install/esp_agent/lib/pkgconfig/esp_agent.pc'
[1.473s] Level 1:colcon.colcon_core.environment:checking '/home/kazusa/kazusa/install/esp_agent/lib/python3.12/site-packages'
[1.474s] Level 1:colcon.colcon_core.environment:checking '/home/kazusa/kazusa/install/esp_agent/bin'
[1.474s] INFO:colcon.colcon_core.shell:Creating package script '/home/kazusa/kazusa/install/esp_agent/share/esp_agent/package.ps1'
[1.475s] INFO:colcon.colcon_core.shell:Creating package descriptor '/home/kazusa/kazusa/install/esp_agent/share/esp_agent/package.dsv'
[1.475s] INFO:colcon.colcon_core.shell:Creating package script '/home/kazusa/kazusa/install/esp_agent/share/esp_agent/package.sh'
[1.475s] INFO:colcon.colcon_core.shell:Creating package script '/home/kazusa/kazusa/install/esp_agent/share/esp_agent/package.bash'
[1.476s] INFO:colcon.colcon_core.shell:Creating package script '/home/kazusa/kazusa/install/esp_agent/share/esp_agent/package.zsh'
[1.476s] Level 1:colcon.colcon_core.environment:create_file_with_runtime_dependencies(/home/kazusa/kazusa/install/esp_agent/share/colcon-core/packages/esp_agent)
[1.477s] Level 1:colcon.colcon_core.environment:create_environment_scripts_only(mast)
[1.477s] Level 1:colcon.colcon_core.environment:checking '/home/kazusa/kazusa/install/mast' for CMake module files
[1.478s] DEBUG:colcon.colcon_core.event_handler.log_command:Invoked command in '/home/kazusa/kazusa/build/mast' returned '0': AMENT_PREFIX_PATH=/home/kazusa/kazusa/install/custom_msgs:/home/kazusa/kazusa/install/controller:${AMENT_PREFIX_PATH} CMAKE_PREFIX_PATH=/home/kazusa/kazusa/install/custom_msgs:/home/kazusa/kazusa/install/controller:/home/kazusa/ros2_deps_ws/install/emcl2:/opt/ros/jazzy/opt/gz_sim_vendor:/opt/ros/jazzy/opt/gz_sensors_vendor:/opt/ros/jazzy/opt/gz_physics_vendor:/opt/ros/jazzy/opt/sdformat_vendor:/opt/ros/jazzy/opt/gz_gui_vendor:/opt/ros/jazzy/opt/gz_transport_vendor:/opt/ros/jazzy/opt/gz_rendering_vendor:/opt/ros/jazzy/opt/gz_plugin_vendor:/opt/ros/jazzy/opt/gz_fuel_tools_vendor:/opt/ros/jazzy/opt/gz_msgs_vendor:/opt/ros/jazzy/opt/gz_common_vendor:/opt/ros/jazzy/opt/gz_math_vendor:/opt/ros/jazzy/opt/gz_utils_vendor:/opt/ros/jazzy/opt/gz_tools_vendor:/opt/ros/jazzy/opt/gz_ogre_next_vendor:/opt/ros/jazzy/opt/gz_dartsim_vendor:/opt/ros/jazzy/opt/gz_cmake_vendor:/opt/ros/jazzy DEBUGINFOD_URLS=https://debuginfod.ubuntu.com LD_LIBRARY_PATH=/home/kazusa/kazusa/install/custom_msgs/lib:/home/kazusa/kazusa/install/controller/lib:${LD_LIBRARY_PATH} PYTHONPATH=/home/kazusa/kazusa/install/custom_msgs/lib/python3.12/site-packages:/home/kazusa/kazusa/install/controller/lib/python3.12/site-packages:${PYTHONPATH} /usr/bin/cmake --install /home/kazusa/kazusa/build/mast
[1.478s] Level 1:colcon.colcon_core.environment:checking '/home/kazusa/kazusa/install/mast' for CMake config files
[1.479s] Level 1:colcon.colcon_core.shell:create_environment_hook('mast', 'cmake_prefix_path')
[1.479s] INFO:colcon.colcon_core.shell:Creating environment hook '/home/kazusa/kazusa/install/mast/share/mast/hook/cmake_prefix_path.ps1'
[1.479s] INFO:colcon.colcon_core.shell:Creating environment descriptor '/home/kazusa/kazusa/install/mast/share/mast/hook/cmake_prefix_path.dsv'
[1.480s] INFO:colcon.colcon_core.shell:Creating environment hook '/home/kazusa/kazusa/install/mast/share/mast/hook/cmake_prefix_path.sh'
[1.481s] Level 1:colcon.colcon_core.environment:checking '/home/kazusa/kazusa/install/mast/lib'
[1.482s] Level 1:colcon.colcon_core.environment:checking '/home/kazusa/kazusa/install/mast/bin'
[1.482s] Level 1:colcon.colcon_core.environment:checking '/home/kazusa/kazusa/install/mast/lib/pkgconfig/mast.pc'
[1.483s] Level 1:colcon.colcon_core.environment:checking '/home/kazusa/kazusa/install/mast/lib/python3.12/site-packages'
[1.484s] Level 1:colcon.colcon_core.environment:checking '/home/kazusa/kazusa/install/mast/bin'
[1.484s] INFO:colcon.colcon_core.shell:Creating package script '/home/kazusa/kazusa/install/mast/share/mast/package.ps1'
[1.485s] INFO:colcon.colcon_core.shell:Creating package descriptor '/home/kazusa/kazusa/install/mast/share/mast/package.dsv'
[1.485s] INFO:colcon.colcon_core.shell:Creating package script '/home/kazusa/kazusa/install/mast/share/mast/package.sh'
[1.486s] INFO:colcon.colcon_core.shell:Creating package script '/home/kazusa/kazusa/install/mast/share/mast/package.bash'
[1.486s] INFO:colcon.colcon_core.shell:Creating package script '/home/kazusa/kazusa/install/mast/share/mast/package.zsh'
[1.487s] Level 1:colcon.colcon_core.environment:create_file_with_runtime_dependencies(/home/kazusa/kazusa/install/mast/share/colcon-core/packages/mast)
[1.487s] Level 1:colcon.colcon_core.environment:create_environment_scripts_only(mast)
[1.487s] Level 1:colcon.colcon_core.environment:checking '/home/kazusa/kazusa/install/mast' for CMake module files
[1.488s] Level 1:colcon.colcon_core.environment:checking '/home/kazusa/kazusa/install/mast' for CMake config files
[1.489s] Level 1:colcon.colcon_core.shell:create_environment_hook('mast', 'cmake_prefix_path')
[1.489s] INFO:colcon.colcon_core.shell:Creating environment hook '/home/kazusa/kazusa/install/mast/share/mast/hook/cmake_prefix_path.ps1'
[1.489s] INFO:colcon.colcon_core.shell:Creating environment descriptor '/home/kazusa/kazusa/install/mast/share/mast/hook/cmake_prefix_path.dsv'
[1.490s] INFO:colcon.colcon_core.shell:Creating environment hook '/home/kazusa/kazusa/install/mast/share/mast/hook/cmake_prefix_path.sh'
[1.491s] Level 1:colcon.colcon_core.environment:checking '/home/kazusa/kazusa/install/mast/lib'
[1.491s] Level 1:colcon.colcon_core.environment:checking '/home/kazusa/kazusa/install/mast/bin'
[1.491s] Level 1:colcon.colcon_core.environment:checking '/home/kazusa/kazusa/install/mast/lib/pkgconfig/mast.pc'
[1.491s] Level 1:colcon.colcon_core.environment:checking '/home/kazusa/kazusa/install/mast/lib/python3.12/site-packages'
[1.491s] Level 1:colcon.colcon_core.environment:checking '/home/kazusa/kazusa/install/mast/bin'
[1.492s] INFO:colcon.colcon_core.shell:Creating package script '/home/kazusa/kazusa/install/mast/share/mast/package.ps1'
[1.492s] INFO:colcon.colcon_core.shell:Creating package descriptor '/home/kazusa/kazusa/install/mast/share/mast/package.dsv'
[1.493s] INFO:colcon.colcon_core.shell:Creating package script '/home/kazusa/kazusa/install/mast/share/mast/package.sh'
[1.494s] INFO:colcon.colcon_core.shell:Creating package script '/home/kazusa/kazusa/install/mast/share/mast/package.bash'
[1.494s] INFO:colcon.colcon_core.shell:Creating package script '/home/kazusa/kazusa/install/mast/share/mast/package.zsh'
[1.494s] Level 1:colcon.colcon_core.environment:create_file_with_runtime_dependencies(/home/kazusa/kazusa/install/mast/share/colcon-core/packages/mast)
[1.495s] DEBUG:colcon.colcon_parallel_executor.executor.parallel:closing loop
[1.495s] DEBUG:colcon.colcon_parallel_executor.executor.parallel:loop closed
[1.496s] DEBUG:colcon.colcon_parallel_executor.executor.parallel:run_until_complete finished with '0'
[1.496s] DEBUG:colcon.colcon_core.event_reactor:joining thread
[1.506s] INFO:colcon.colcon_core.plugin_system:Skipping extension 'colcon_notification.desktop_notification.terminal_notifier': Not used on non-Darwin systems
[1.506s] INFO:colcon.colcon_core.plugin_system:Skipping extension 'colcon_notification.desktop_notification.win32': Not used on non-Windows systems
[1.506s] INFO:colcon.colcon_notification.desktop_notification:Sending desktop notification using 'notify2'
[1.528s] DEBUG:colcon.colcon_core.event_reactor:joined thread
[1.529s] INFO:colcon.colcon_core.shell:Creating prefix script '/home/kazusa/kazusa/install/local_setup.ps1'
[1.530s] INFO:colcon.colcon_core.shell:Creating prefix util module '/home/kazusa/kazusa/install/_local_setup_util_ps1.py'
[1.532s] INFO:colcon.colcon_core.shell:Creating prefix chain script '/home/kazusa/kazusa/install/setup.ps1'
[1.534s] INFO:colcon.colcon_core.shell:Creating prefix script '/home/kazusa/kazusa/install/local_setup.sh'
[1.535s] INFO:colcon.colcon_core.shell:Creating prefix util module '/home/kazusa/kazusa/install/_local_setup_util_sh.py'
[1.536s] INFO:colcon.colcon_core.shell:Creating prefix chain script '/home/kazusa/kazusa/install/setup.sh'
[1.538s] INFO:colcon.colcon_core.shell:Creating prefix script '/home/kazusa/kazusa/install/local_setup.bash'
[1.538s] INFO:colcon.colcon_core.shell:Creating prefix chain script '/home/kazusa/kazusa/install/setup.bash'
[1.540s] INFO:colcon.colcon_core.shell:Creating prefix script '/home/kazusa/kazusa/install/local_setup.zsh'
[1.540s] INFO:colcon.colcon_core.shell:Creating prefix chain script '/home/kazusa/kazusa/install/setup.zsh'
