[0.062s] DEBUG:colcon:Command line arguments: ['/usr/bin/colcon', 'build']
[0.062s] DEBUG:colcon:Parsed command line arguments: Namespace(log_base=None, log_level=None, verb_name='build', build_base='build', install_base='install', merge_install=False, symlink_install=False, test_result_base=None, continue_on_error=False, executor='parallel', parallel_workers=12, event_handlers=None, ignore_user_meta=False, metas=['./colcon.meta'], base_paths=['.'], packages_ignore=None, packages_ignore_regex=None, paths=None, packages_up_to=None, packages_up_to_regex=None, packages_above=None, packages_above_and_dependencies=None, packages_above_depth=None, packages_select_by_dep=None, packages_skip_by_dep=None, packages_skip_up_to=None, packages_select_build_failed=False, packages_skip_build_finished=False, packages_select_test_failures=False, packages_skip_test_passed=False, packages_select=None, packages_skip=None, packages_select_regex=None, packages_skip_regex=None, packages_start=None, packages_end=None, allow_overriding=[], cmake_args=None, cmake_target=None, cmake_target_skip_unavailable=False, cmake_clean_cache=False, cmake_clean_first=False, cmake_force_configure=False, ament_cmake_args=None, catkin_cmake_args=None, catkin_skip_building_tests=False, mixin_files=None, mixin=None, verb_parser=<colcon_mixin.mixin.mixin_argument.MixinArgumentDecorator object at 0x79052cea94c0>, verb_extension=<colcon_core.verb.build.BuildVerb object at 0x79052cea90d0>, main=<bound method BuildVerb.main of <colcon_core.verb.build.BuildVerb object at 0x79052cea90d0>>, mixin_verb=('build',))
[0.087s] Level 1:colcon.colcon_core.package_discovery:discover_packages(colcon_meta) check parameters
[0.087s] Level 1:colcon.colcon_core.package_discovery:discover_packages(recursive) check parameters
[0.087s] Level 1:colcon.colcon_core.package_discovery:discover_packages(ignore) check parameters
[0.087s] Level 1:colcon.colcon_core.package_discovery:discover_packages(path) check parameters
[0.087s] Level 1:colcon.colcon_core.package_discovery:discover_packages(colcon_meta) discover
[0.087s] Level 1:colcon.colcon_core.package_discovery:discover_packages(recursive) discover
[0.087s] INFO:colcon.colcon_core.package_discovery:Crawling recursively for packages in '/home/kazusa/kazusa'
[0.087s] Level 1:colcon.colcon_core.package_identification:_identify(.) by extensions ['ignore', 'ignore_ament_install']
[0.087s] Level 1:colcon.colcon_core.package_identification:_identify(.) by extension 'ignore'
[0.087s] Level 1:colcon.colcon_core.package_identification:_identify(.) by extension 'ignore_ament_install'
[0.087s] Level 1:colcon.colcon_core.package_identification:_identify(.) by extensions ['colcon_pkg']
[0.087s] Level 1:colcon.colcon_core.package_identification:_identify(.) by extension 'colcon_pkg'
[0.087s] Level 1:colcon.colcon_core.package_identification:_identify(.) by extensions ['colcon_meta']
[0.087s] Level 1:colcon.colcon_core.package_identification:_identify(.) by extension 'colcon_meta'
[0.087s] Level 1:colcon.colcon_core.package_identification:_identify(.) by extensions ['ros']
[0.087s] Level 1:colcon.colcon_core.package_identification:_identify(.) by extension 'ros'
[0.103s] Level 1:colcon.colcon_core.package_identification:_identify(.) by extensions ['cmake', 'python']
[0.103s] Level 1:colcon.colcon_core.package_identification:_identify(.) by extension 'cmake'
[0.103s] Level 1:colcon.colcon_core.package_identification:_identify(.) by extension 'python'
[0.103s] Level 1:colcon.colcon_core.package_identification:_identify(.) by extensions ['python_setup_py']
[0.103s] Level 1:colcon.colcon_core.package_identification:_identify(.) by extension 'python_setup_py'
[0.103s] Level 1:colcon.colcon_core.package_identification:_identify(build) by extensions ['ignore', 'ignore_ament_install']
[0.104s] Level 1:colcon.colcon_core.package_identification:_identify(build) by extension 'ignore'
[0.104s] Level 1:colcon.colcon_core.package_identification:_identify(build) ignored
[0.104s] Level 1:colcon.colcon_core.package_identification:_identify(install) by extensions ['ignore', 'ignore_ament_install']
[0.104s] Level 1:colcon.colcon_core.package_identification:_identify(install) by extension 'ignore'
[0.104s] Level 1:colcon.colcon_core.package_identification:_identify(install) ignored
[0.104s] Level 1:colcon.colcon_core.package_identification:_identify(log) by extensions ['ignore', 'ignore_ament_install']
[0.104s] Level 1:colcon.colcon_core.package_identification:_identify(log) by extension 'ignore'
[0.104s] Level 1:colcon.colcon_core.package_identification:_identify(log) ignored
[0.104s] Level 1:colcon.colcon_core.package_identification:_identify(ver0) by extensions ['ignore', 'ignore_ament_install']
[0.104s] Level 1:colcon.colcon_core.package_identification:_identify(ver0) by extension 'ignore'
[0.104s] Level 1:colcon.colcon_core.package_identification:_identify(ver0) by extension 'ignore_ament_install'
[0.104s] Level 1:colcon.colcon_core.package_identification:_identify(ver0) by extensions ['colcon_pkg']
[0.104s] Level 1:colcon.colcon_core.package_identification:_identify(ver0) by extension 'colcon_pkg'
[0.104s] Level 1:colcon.colcon_core.package_identification:_identify(ver0) by extensions ['colcon_meta']
[0.104s] Level 1:colcon.colcon_core.package_identification:_identify(ver0) by extension 'colcon_meta'
[0.104s] Level 1:colcon.colcon_core.package_identification:_identify(ver0) by extensions ['ros']
[0.104s] Level 1:colcon.colcon_core.package_identification:_identify(ver0) by extension 'ros'
[0.104s] Level 1:colcon.colcon_core.package_identification:_identify(ver0) by extensions ['cmake', 'python']
[0.104s] Level 1:colcon.colcon_core.package_identification:_identify(ver0) by extension 'cmake'
[0.104s] Level 1:colcon.colcon_core.package_identification:_identify(ver0) by extension 'python'
[0.104s] Level 1:colcon.colcon_core.package_identification:_identify(ver0) by extensions ['python_setup_py']
[0.104s] Level 1:colcon.colcon_core.package_identification:_identify(ver0) by extension 'python_setup_py'
[0.104s] Level 1:colcon.colcon_core.package_identification:_identify(ver0/amcl_config) by extensions ['ignore', 'ignore_ament_install']
[0.104s] Level 1:colcon.colcon_core.package_identification:_identify(ver0/amcl_config) by extension 'ignore'
[0.104s] Level 1:colcon.colcon_core.package_identification:_identify(ver0/amcl_config) by extension 'ignore_ament_install'
[0.104s] Level 1:colcon.colcon_core.package_identification:_identify(ver0/amcl_config) by extensions ['colcon_pkg']
[0.104s] Level 1:colcon.colcon_core.package_identification:_identify(ver0/amcl_config) by extension 'colcon_pkg'
[0.104s] Level 1:colcon.colcon_core.package_identification:_identify(ver0/amcl_config) by extensions ['colcon_meta']
[0.104s] Level 1:colcon.colcon_core.package_identification:_identify(ver0/amcl_config) by extension 'colcon_meta'
[0.104s] Level 1:colcon.colcon_core.package_identification:_identify(ver0/amcl_config) by extensions ['ros']
[0.104s] Level 1:colcon.colcon_core.package_identification:_identify(ver0/amcl_config) by extension 'ros'
[0.106s] DEBUG:colcon.colcon_core.package_identification:Package 'ver0/amcl_config' with type 'ros.ament_cmake' and name 'amcl_config'
[0.106s] Level 1:colcon.colcon_core.package_identification:_identify(ver0/controller) by extensions ['ignore', 'ignore_ament_install']
[0.106s] Level 1:colcon.colcon_core.package_identification:_identify(ver0/controller) by extension 'ignore'
[0.106s] Level 1:colcon.colcon_core.package_identification:_identify(ver0/controller) by extension 'ignore_ament_install'
[0.106s] Level 1:colcon.colcon_core.package_identification:_identify(ver0/controller) by extensions ['colcon_pkg']
[0.106s] Level 1:colcon.colcon_core.package_identification:_identify(ver0/controller) by extension 'colcon_pkg'
[0.106s] Level 1:colcon.colcon_core.package_identification:_identify(ver0/controller) by extensions ['colcon_meta']
[0.106s] Level 1:colcon.colcon_core.package_identification:_identify(ver0/controller) by extension 'colcon_meta'
[0.106s] Level 1:colcon.colcon_core.package_identification:_identify(ver0/controller) by extensions ['ros']
[0.106s] Level 1:colcon.colcon_core.package_identification:_identify(ver0/controller) by extension 'ros'
[0.106s] DEBUG:colcon.colcon_core.package_identification:Package 'ver0/controller' with type 'ros.ament_cmake' and name 'controller'
[0.106s] Level 1:colcon.colcon_core.package_identification:_identify(ver0/controller_src) by extensions ['ignore', 'ignore_ament_install']
[0.106s] Level 1:colcon.colcon_core.package_identification:_identify(ver0/controller_src) by extension 'ignore'
[0.106s] Level 1:colcon.colcon_core.package_identification:_identify(ver0/controller_src) by extension 'ignore_ament_install'
[0.107s] Level 1:colcon.colcon_core.package_identification:_identify(ver0/controller_src) by extensions ['colcon_pkg']
[0.107s] Level 1:colcon.colcon_core.package_identification:_identify(ver0/controller_src) by extension 'colcon_pkg'
[0.107s] Level 1:colcon.colcon_core.package_identification:_identify(ver0/controller_src) by extensions ['colcon_meta']
[0.107s] Level 1:colcon.colcon_core.package_identification:_identify(ver0/controller_src) by extension 'colcon_meta'
[0.107s] Level 1:colcon.colcon_core.package_identification:_identify(ver0/controller_src) by extensions ['ros']
[0.107s] Level 1:colcon.colcon_core.package_identification:_identify(ver0/controller_src) by extension 'ros'
[0.107s] DEBUG:colcon.colcon_core.package_identification:Package 'ver0/controller_src' with type 'ros.ament_cmake' and name 'controller_src'
[0.107s] Level 1:colcon.colcon_core.package_identification:_identify(ver0/custom_msgs) by extensions ['ignore', 'ignore_ament_install']
[0.107s] Level 1:colcon.colcon_core.package_identification:_identify(ver0/custom_msgs) by extension 'ignore'
[0.107s] Level 1:colcon.colcon_core.package_identification:_identify(ver0/custom_msgs) by extension 'ignore_ament_install'
[0.107s] Level 1:colcon.colcon_core.package_identification:_identify(ver0/custom_msgs) by extensions ['colcon_pkg']
[0.107s] Level 1:colcon.colcon_core.package_identification:_identify(ver0/custom_msgs) by extension 'colcon_pkg'
[0.107s] Level 1:colcon.colcon_core.package_identification:_identify(ver0/custom_msgs) by extensions ['colcon_meta']
[0.107s] Level 1:colcon.colcon_core.package_identification:_identify(ver0/custom_msgs) by extension 'colcon_meta'
[0.107s] Level 1:colcon.colcon_core.package_identification:_identify(ver0/custom_msgs) by extensions ['ros']
[0.107s] Level 1:colcon.colcon_core.package_identification:_identify(ver0/custom_msgs) by extension 'ros'
[0.107s] DEBUG:colcon.colcon_core.package_identification:Package 'ver0/custom_msgs' with type 'ros.ament_cmake' and name 'custom_msgs'
[0.107s] Level 1:colcon.colcon_core.package_identification:_identify(ver0/esp_agent) by extensions ['ignore', 'ignore_ament_install']
[0.107s] Level 1:colcon.colcon_core.package_identification:_identify(ver0/esp_agent) by extension 'ignore'
[0.107s] Level 1:colcon.colcon_core.package_identification:_identify(ver0/esp_agent) by extension 'ignore_ament_install'
[0.107s] Level 1:colcon.colcon_core.package_identification:_identify(ver0/esp_agent) by extensions ['colcon_pkg']
[0.107s] Level 1:colcon.colcon_core.package_identification:_identify(ver0/esp_agent) by extension 'colcon_pkg'
[0.107s] Level 1:colcon.colcon_core.package_identification:_identify(ver0/esp_agent) by extensions ['colcon_meta']
[0.107s] Level 1:colcon.colcon_core.package_identification:_identify(ver0/esp_agent) by extension 'colcon_meta'
[0.108s] Level 1:colcon.colcon_core.package_identification:_identify(ver0/esp_agent) by extensions ['ros']
[0.108s] Level 1:colcon.colcon_core.package_identification:_identify(ver0/esp_agent) by extension 'ros'
[0.108s] DEBUG:colcon.colcon_core.package_identification:Package 'ver0/esp_agent' with type 'ros.ament_cmake' and name 'esp_agent'
[0.108s] Level 1:colcon.colcon_core.package_identification:_identify(ver0/launcher) by extensions ['ignore', 'ignore_ament_install']
[0.108s] Level 1:colcon.colcon_core.package_identification:_identify(ver0/launcher) by extension 'ignore'
[0.108s] Level 1:colcon.colcon_core.package_identification:_identify(ver0/launcher) by extension 'ignore_ament_install'
[0.108s] Level 1:colcon.colcon_core.package_identification:_identify(ver0/launcher) by extensions ['colcon_pkg']
[0.108s] Level 1:colcon.colcon_core.package_identification:_identify(ver0/launcher) by extension 'colcon_pkg'
[0.108s] Level 1:colcon.colcon_core.package_identification:_identify(ver0/launcher) by extensions ['colcon_meta']
[0.108s] Level 1:colcon.colcon_core.package_identification:_identify(ver0/launcher) by extension 'colcon_meta'
[0.108s] Level 1:colcon.colcon_core.package_identification:_identify(ver0/launcher) by extensions ['ros']
[0.108s] Level 1:colcon.colcon_core.package_identification:_identify(ver0/launcher) by extension 'ros'
[0.108s] DEBUG:colcon.colcon_core.package_identification:Package 'ver0/launcher' with type 'ros.ament_cmake' and name 'launcher'
[0.108s] Level 1:colcon.colcon_core.package_identification:_identify(ver0/mast) by extensions ['ignore', 'ignore_ament_install']
[0.108s] Level 1:colcon.colcon_core.package_identification:_identify(ver0/mast) by extension 'ignore'
[0.108s] Level 1:colcon.colcon_core.package_identification:_identify(ver0/mast) by extension 'ignore_ament_install'
[0.108s] Level 1:colcon.colcon_core.package_identification:_identify(ver0/mast) by extensions ['colcon_pkg']
[0.108s] Level 1:colcon.colcon_core.package_identification:_identify(ver0/mast) by extension 'colcon_pkg'
[0.108s] Level 1:colcon.colcon_core.package_identification:_identify(ver0/mast) by extensions ['colcon_meta']
[0.108s] Level 1:colcon.colcon_core.package_identification:_identify(ver0/mast) by extension 'colcon_meta'
[0.108s] Level 1:colcon.colcon_core.package_identification:_identify(ver0/mast) by extensions ['ros']
[0.108s] Level 1:colcon.colcon_core.package_identification:_identify(ver0/mast) by extension 'ros'
[0.109s] DEBUG:colcon.colcon_core.package_identification:Package 'ver0/mast' with type 'ros.ament_cmake' and name 'mast'
[0.109s] Level 1:colcon.colcon_core.package_identification:_identify(ver0/mola_conf) by extensions ['ignore', 'ignore_ament_install']
[0.109s] Level 1:colcon.colcon_core.package_identification:_identify(ver0/mola_conf) by extension 'ignore'
[0.109s] Level 1:colcon.colcon_core.package_identification:_identify(ver0/mola_conf) by extension 'ignore_ament_install'
[0.109s] Level 1:colcon.colcon_core.package_identification:_identify(ver0/mola_conf) by extensions ['colcon_pkg']
[0.109s] Level 1:colcon.colcon_core.package_identification:_identify(ver0/mola_conf) by extension 'colcon_pkg'
[0.109s] Level 1:colcon.colcon_core.package_identification:_identify(ver0/mola_conf) by extensions ['colcon_meta']
[0.109s] Level 1:colcon.colcon_core.package_identification:_identify(ver0/mola_conf) by extension 'colcon_meta'
[0.109s] Level 1:colcon.colcon_core.package_identification:_identify(ver0/mola_conf) by extensions ['ros']
[0.109s] Level 1:colcon.colcon_core.package_identification:_identify(ver0/mola_conf) by extension 'ros'
[0.110s] DEBUG:colcon.colcon_core.package_identification:Package 'ver0/mola_conf' with type 'ros.ament_cmake' and name 'mola_conf'
[0.110s] Level 1:colcon.colcon_core.package_identification:_identify(ver0/my_cart2) by extensions ['ignore', 'ignore_ament_install']
[0.110s] Level 1:colcon.colcon_core.package_identification:_identify(ver0/my_cart2) by extension 'ignore'
[0.110s] Level 1:colcon.colcon_core.package_identification:_identify(ver0/my_cart2) by extension 'ignore_ament_install'
[0.110s] Level 1:colcon.colcon_core.package_identification:_identify(ver0/my_cart2) by extensions ['colcon_pkg']
[0.110s] Level 1:colcon.colcon_core.package_identification:_identify(ver0/my_cart2) by extension 'colcon_pkg'
[0.110s] Level 1:colcon.colcon_core.package_identification:_identify(ver0/my_cart2) by extensions ['colcon_meta']
[0.110s] Level 1:colcon.colcon_core.package_identification:_identify(ver0/my_cart2) by extension 'colcon_meta'
[0.110s] Level 1:colcon.colcon_core.package_identification:_identify(ver0/my_cart2) by extensions ['ros']
[0.110s] Level 1:colcon.colcon_core.package_identification:_identify(ver0/my_cart2) by extension 'ros'
[0.110s] DEBUG:colcon.colcon_core.package_identification:Package 'ver0/my_cart2' with type 'ros.ament_cmake' and name 'my_cart2'
[0.110s] Level 1:colcon.colcon_core.package_discovery:discover_packages(recursive) using defaults
[0.110s] Level 1:colcon.colcon_core.package_discovery:discover_packages(ignore) discover
[0.110s] Level 1:colcon.colcon_core.package_discovery:discover_packages(ignore) using defaults
[0.111s] Level 1:colcon.colcon_core.package_discovery:discover_packages(path) discover
[0.111s] Level 1:colcon.colcon_core.package_discovery:discover_packages(path) using defaults
[0.122s] Level 1:colcon.colcon_core.package_discovery:discover_packages(prefix_path) check parameters
[0.122s] Level 1:colcon.colcon_core.package_discovery:discover_packages(prefix_path) discover
[0.124s] DEBUG:colcon.colcon_installed_package_information.package_discovery:Found 9 installed packages in /home/kazusa/kazusa/install
[0.124s] DEBUG:colcon.colcon_installed_package_information.package_discovery:Found 1 installed packages in /home/kazusa/ros2_deps_ws/install
[0.125s] DEBUG:colcon.colcon_installed_package_information.package_discovery:Found 434 installed packages in /opt/ros/jazzy
[0.126s] Level 1:colcon.colcon_core.package_discovery:discover_packages(prefix_path) using defaults
[0.159s] Level 5:colcon.colcon_core.verb:set package 'amcl_config' build argument 'cmake_args' from command line to 'None'
[0.159s] Level 5:colcon.colcon_core.verb:set package 'amcl_config' build argument 'cmake_target' from command line to 'None'
[0.159s] Level 5:colcon.colcon_core.verb:set package 'amcl_config' build argument 'cmake_target_skip_unavailable' from command line to 'False'
[0.159s] Level 5:colcon.colcon_core.verb:set package 'amcl_config' build argument 'cmake_clean_cache' from command line to 'False'
[0.159s] Level 5:colcon.colcon_core.verb:set package 'amcl_config' build argument 'cmake_clean_first' from command line to 'False'
[0.159s] Level 5:colcon.colcon_core.verb:set package 'amcl_config' build argument 'cmake_force_configure' from command line to 'False'
[0.159s] Level 5:colcon.colcon_core.verb:set package 'amcl_config' build argument 'ament_cmake_args' from command line to 'None'
[0.159s] Level 5:colcon.colcon_core.verb:set package 'amcl_config' build argument 'catkin_cmake_args' from command line to 'None'
[0.159s] Level 5:colcon.colcon_core.verb:set package 'amcl_config' build argument 'catkin_skip_building_tests' from command line to 'False'
[0.159s] DEBUG:colcon.colcon_core.verb:Building package 'amcl_config' with the following arguments: {'ament_cmake_args': None, 'build_base': '/home/kazusa/kazusa/build/amcl_config', 'catkin_cmake_args': None, 'catkin_skip_building_tests': False, 'cmake_args': None, 'cmake_clean_cache': False, 'cmake_clean_first': False, 'cmake_force_configure': False, 'cmake_target': None, 'cmake_target_skip_unavailable': False, 'install_base': '/home/kazusa/kazusa/install/amcl_config', 'merge_install': False, 'path': '/home/kazusa/kazusa/ver0/amcl_config', 'symlink_install': False, 'test_result_base': None}
[0.159s] Level 5:colcon.colcon_core.verb:set package 'controller' build argument 'cmake_args' from command line to 'None'
[0.159s] Level 5:colcon.colcon_core.verb:set package 'controller' build argument 'cmake_target' from command line to 'None'
[0.159s] Level 5:colcon.colcon_core.verb:set package 'controller' build argument 'cmake_target_skip_unavailable' from command line to 'False'
[0.159s] Level 5:colcon.colcon_core.verb:set package 'controller' build argument 'cmake_clean_cache' from command line to 'False'
[0.159s] Level 5:colcon.colcon_core.verb:set package 'controller' build argument 'cmake_clean_first' from command line to 'False'
[0.159s] Level 5:colcon.colcon_core.verb:set package 'controller' build argument 'cmake_force_configure' from command line to 'False'
[0.159s] Level 5:colcon.colcon_core.verb:set package 'controller' build argument 'ament_cmake_args' from command line to 'None'
[0.159s] Level 5:colcon.colcon_core.verb:set package 'controller' build argument 'catkin_cmake_args' from command line to 'None'
[0.159s] Level 5:colcon.colcon_core.verb:set package 'controller' build argument 'catkin_skip_building_tests' from command line to 'False'
[0.159s] DEBUG:colcon.colcon_core.verb:Building package 'controller' with the following arguments: {'ament_cmake_args': None, 'build_base': '/home/kazusa/kazusa/build/controller', 'catkin_cmake_args': None, 'catkin_skip_building_tests': False, 'cmake_args': None, 'cmake_clean_cache': False, 'cmake_clean_first': False, 'cmake_force_configure': False, 'cmake_target': None, 'cmake_target_skip_unavailable': False, 'install_base': '/home/kazusa/kazusa/install/controller', 'merge_install': False, 'path': '/home/kazusa/kazusa/ver0/controller', 'symlink_install': False, 'test_result_base': None}
[0.160s] Level 5:colcon.colcon_core.verb:set package 'custom_msgs' build argument 'cmake_args' from command line to 'None'
[0.160s] Level 5:colcon.colcon_core.verb:set package 'custom_msgs' build argument 'cmake_target' from command line to 'None'
[0.160s] Level 5:colcon.colcon_core.verb:set package 'custom_msgs' build argument 'cmake_target_skip_unavailable' from command line to 'False'
[0.160s] Level 5:colcon.colcon_core.verb:set package 'custom_msgs' build argument 'cmake_clean_cache' from command line to 'False'
[0.160s] Level 5:colcon.colcon_core.verb:set package 'custom_msgs' build argument 'cmake_clean_first' from command line to 'False'
[0.160s] Level 5:colcon.colcon_core.verb:set package 'custom_msgs' build argument 'cmake_force_configure' from command line to 'False'
[0.160s] Level 5:colcon.colcon_core.verb:set package 'custom_msgs' build argument 'ament_cmake_args' from command line to 'None'
[0.160s] Level 5:colcon.colcon_core.verb:set package 'custom_msgs' build argument 'catkin_cmake_args' from command line to 'None'
[0.160s] Level 5:colcon.colcon_core.verb:set package 'custom_msgs' build argument 'catkin_skip_building_tests' from command line to 'False'
[0.160s] DEBUG:colcon.colcon_core.verb:Building package 'custom_msgs' with the following arguments: {'ament_cmake_args': None, 'build_base': '/home/kazusa/kazusa/build/custom_msgs', 'catkin_cmake_args': None, 'catkin_skip_building_tests': False, 'cmake_args': None, 'cmake_clean_cache': False, 'cmake_clean_first': False, 'cmake_force_configure': False, 'cmake_target': None, 'cmake_target_skip_unavailable': False, 'install_base': '/home/kazusa/kazusa/install/custom_msgs', 'merge_install': False, 'path': '/home/kazusa/kazusa/ver0/custom_msgs', 'symlink_install': False, 'test_result_base': None}
[0.160s] Level 5:colcon.colcon_core.verb:set package 'launcher' build argument 'cmake_args' from command line to 'None'
[0.160s] Level 5:colcon.colcon_core.verb:set package 'launcher' build argument 'cmake_target' from command line to 'None'
[0.160s] Level 5:colcon.colcon_core.verb:set package 'launcher' build argument 'cmake_target_skip_unavailable' from command line to 'False'
[0.160s] Level 5:colcon.colcon_core.verb:set package 'launcher' build argument 'cmake_clean_cache' from command line to 'False'
[0.160s] Level 5:colcon.colcon_core.verb:set package 'launcher' build argument 'cmake_clean_first' from command line to 'False'
[0.160s] Level 5:colcon.colcon_core.verb:set package 'launcher' build argument 'cmake_force_configure' from command line to 'False'
[0.160s] Level 5:colcon.colcon_core.verb:set package 'launcher' build argument 'ament_cmake_args' from command line to 'None'
[0.160s] Level 5:colcon.colcon_core.verb:set package 'launcher' build argument 'catkin_cmake_args' from command line to 'None'
[0.160s] Level 5:colcon.colcon_core.verb:set package 'launcher' build argument 'catkin_skip_building_tests' from command line to 'False'
[0.160s] DEBUG:colcon.colcon_core.verb:Building package 'launcher' with the following arguments: {'ament_cmake_args': None, 'build_base': '/home/kazusa/kazusa/build/launcher', 'catkin_cmake_args': None, 'catkin_skip_building_tests': False, 'cmake_args': None, 'cmake_clean_cache': False, 'cmake_clean_first': False, 'cmake_force_configure': False, 'cmake_target': None, 'cmake_target_skip_unavailable': False, 'install_base': '/home/kazusa/kazusa/install/launcher', 'merge_install': False, 'path': '/home/kazusa/kazusa/ver0/launcher', 'symlink_install': False, 'test_result_base': None}
[0.160s] Level 5:colcon.colcon_core.verb:set package 'mola_conf' build argument 'cmake_args' from command line to 'None'
[0.160s] Level 5:colcon.colcon_core.verb:set package 'mola_conf' build argument 'cmake_target' from command line to 'None'
[0.160s] Level 5:colcon.colcon_core.verb:set package 'mola_conf' build argument 'cmake_target_skip_unavailable' from command line to 'False'
[0.160s] Level 5:colcon.colcon_core.verb:set package 'mola_conf' build argument 'cmake_clean_cache' from command line to 'False'
[0.160s] Level 5:colcon.colcon_core.verb:set package 'mola_conf' build argument 'cmake_clean_first' from command line to 'False'
[0.160s] Level 5:colcon.colcon_core.verb:set package 'mola_conf' build argument 'cmake_force_configure' from command line to 'False'
[0.160s] Level 5:colcon.colcon_core.verb:set package 'mola_conf' build argument 'ament_cmake_args' from command line to 'None'
[0.160s] Level 5:colcon.colcon_core.verb:set package 'mola_conf' build argument 'catkin_cmake_args' from command line to 'None'
[0.160s] Level 5:colcon.colcon_core.verb:set package 'mola_conf' build argument 'catkin_skip_building_tests' from command line to 'False'
[0.160s] DEBUG:colcon.colcon_core.verb:Building package 'mola_conf' with the following arguments: {'ament_cmake_args': None, 'build_base': '/home/kazusa/kazusa/build/mola_conf', 'catkin_cmake_args': None, 'catkin_skip_building_tests': False, 'cmake_args': None, 'cmake_clean_cache': False, 'cmake_clean_first': False, 'cmake_force_configure': False, 'cmake_target': None, 'cmake_target_skip_unavailable': False, 'install_base': '/home/kazusa/kazusa/install/mola_conf', 'merge_install': False, 'path': '/home/kazusa/kazusa/ver0/mola_conf', 'symlink_install': False, 'test_result_base': None}
[0.160s] Level 5:colcon.colcon_core.verb:set package 'my_cart2' build argument 'cmake_args' from command line to 'None'
[0.160s] Level 5:colcon.colcon_core.verb:set package 'my_cart2' build argument 'cmake_target' from command line to 'None'
[0.160s] Level 5:colcon.colcon_core.verb:set package 'my_cart2' build argument 'cmake_target_skip_unavailable' from command line to 'False'
[0.160s] Level 5:colcon.colcon_core.verb:set package 'my_cart2' build argument 'cmake_clean_cache' from command line to 'False'
[0.160s] Level 5:colcon.colcon_core.verb:set package 'my_cart2' build argument 'cmake_clean_first' from command line to 'False'
[0.160s] Level 5:colcon.colcon_core.verb:set package 'my_cart2' build argument 'cmake_force_configure' from command line to 'False'
[0.160s] Level 5:colcon.colcon_core.verb:set package 'my_cart2' build argument 'ament_cmake_args' from command line to 'None'
[0.160s] Level 5:colcon.colcon_core.verb:set package 'my_cart2' build argument 'catkin_cmake_args' from command line to 'None'
[0.160s] Level 5:colcon.colcon_core.verb:set package 'my_cart2' build argument 'catkin_skip_building_tests' from command line to 'False'
[0.160s] DEBUG:colcon.colcon_core.verb:Building package 'my_cart2' with the following arguments: {'ament_cmake_args': None, 'build_base': '/home/kazusa/kazusa/build/my_cart2', 'catkin_cmake_args': None, 'catkin_skip_building_tests': False, 'cmake_args': None, 'cmake_clean_cache': False, 'cmake_clean_first': False, 'cmake_force_configure': False, 'cmake_target': None, 'cmake_target_skip_unavailable': False, 'install_base': '/home/kazusa/kazusa/install/my_cart2', 'merge_install': False, 'path': '/home/kazusa/kazusa/ver0/my_cart2', 'symlink_install': False, 'test_result_base': None}
[0.160s] Level 5:colcon.colcon_core.verb:set package 'controller_src' build argument 'cmake_args' from command line to 'None'
[0.160s] Level 5:colcon.colcon_core.verb:set package 'controller_src' build argument 'cmake_target' from command line to 'None'
[0.160s] Level 5:colcon.colcon_core.verb:set package 'controller_src' build argument 'cmake_target_skip_unavailable' from command line to 'False'
[0.160s] Level 5:colcon.colcon_core.verb:set package 'controller_src' build argument 'cmake_clean_cache' from command line to 'False'
[0.160s] Level 5:colcon.colcon_core.verb:set package 'controller_src' build argument 'cmake_clean_first' from command line to 'False'
[0.160s] Level 5:colcon.colcon_core.verb:set package 'controller_src' build argument 'cmake_force_configure' from command line to 'False'
[0.160s] Level 5:colcon.colcon_core.verb:set package 'controller_src' build argument 'ament_cmake_args' from command line to 'None'
[0.160s] Level 5:colcon.colcon_core.verb:set package 'controller_src' build argument 'catkin_cmake_args' from command line to 'None'
[0.161s] Level 5:colcon.colcon_core.verb:set package 'controller_src' build argument 'catkin_skip_building_tests' from command line to 'False'
[0.161s] DEBUG:colcon.colcon_core.verb:Building package 'controller_src' with the following arguments: {'ament_cmake_args': None, 'build_base': '/home/kazusa/kazusa/build/controller_src', 'catkin_cmake_args': None, 'catkin_skip_building_tests': False, 'cmake_args': None, 'cmake_clean_cache': False, 'cmake_clean_first': False, 'cmake_force_configure': False, 'cmake_target': None, 'cmake_target_skip_unavailable': False, 'install_base': '/home/kazusa/kazusa/install/controller_src', 'merge_install': False, 'path': '/home/kazusa/kazusa/ver0/controller_src', 'symlink_install': False, 'test_result_base': None}
[0.161s] Level 5:colcon.colcon_core.verb:set package 'esp_agent' build argument 'cmake_args' from command line to 'None'
[0.161s] Level 5:colcon.colcon_core.verb:set package 'esp_agent' build argument 'cmake_target' from command line to 'None'
[0.161s] Level 5:colcon.colcon_core.verb:set package 'esp_agent' build argument 'cmake_target_skip_unavailable' from command line to 'False'
[0.161s] Level 5:colcon.colcon_core.verb:set package 'esp_agent' build argument 'cmake_clean_cache' from command line to 'False'
[0.161s] Level 5:colcon.colcon_core.verb:set package 'esp_agent' build argument 'cmake_clean_first' from command line to 'False'
[0.161s] Level 5:colcon.colcon_core.verb:set package 'esp_agent' build argument 'cmake_force_configure' from command line to 'False'
[0.161s] Level 5:colcon.colcon_core.verb:set package 'esp_agent' build argument 'ament_cmake_args' from command line to 'None'
[0.161s] Level 5:colcon.colcon_core.verb:set package 'esp_agent' build argument 'catkin_cmake_args' from command line to 'None'
[0.161s] Level 5:colcon.colcon_core.verb:set package 'esp_agent' build argument 'catkin_skip_building_tests' from command line to 'False'
[0.161s] DEBUG:colcon.colcon_core.verb:Building package 'esp_agent' with the following arguments: {'ament_cmake_args': None, 'build_base': '/home/kazusa/kazusa/build/esp_agent', 'catkin_cmake_args': None, 'catkin_skip_building_tests': False, 'cmake_args': None, 'cmake_clean_cache': False, 'cmake_clean_first': False, 'cmake_force_configure': False, 'cmake_target': None, 'cmake_target_skip_unavailable': False, 'install_base': '/home/kazusa/kazusa/install/esp_agent', 'merge_install': False, 'path': '/home/kazusa/kazusa/ver0/esp_agent', 'symlink_install': False, 'test_result_base': None}
[0.161s] Level 5:colcon.colcon_core.verb:set package 'mast' build argument 'cmake_args' from command line to 'None'
[0.161s] Level 5:colcon.colcon_core.verb:set package 'mast' build argument 'cmake_target' from command line to 'None'
[0.161s] Level 5:colcon.colcon_core.verb:set package 'mast' build argument 'cmake_target_skip_unavailable' from command line to 'False'
[0.161s] Level 5:colcon.colcon_core.verb:set package 'mast' build argument 'cmake_clean_cache' from command line to 'False'
[0.161s] Level 5:colcon.colcon_core.verb:set package 'mast' build argument 'cmake_clean_first' from command line to 'False'
[0.161s] Level 5:colcon.colcon_core.verb:set package 'mast' build argument 'cmake_force_configure' from command line to 'False'
[0.161s] Level 5:colcon.colcon_core.verb:set package 'mast' build argument 'ament_cmake_args' from command line to 'None'
[0.161s] Level 5:colcon.colcon_core.verb:set package 'mast' build argument 'catkin_cmake_args' from command line to 'None'
[0.161s] Level 5:colcon.colcon_core.verb:set package 'mast' build argument 'catkin_skip_building_tests' from command line to 'False'
[0.161s] DEBUG:colcon.colcon_core.verb:Building package 'mast' with the following arguments: {'ament_cmake_args': None, 'build_base': '/home/kazusa/kazusa/build/mast', 'catkin_cmake_args': None, 'catkin_skip_building_tests': False, 'cmake_args': None, 'cmake_clean_cache': False, 'cmake_clean_first': False, 'cmake_force_configure': False, 'cmake_target': None, 'cmake_target_skip_unavailable': False, 'install_base': '/home/kazusa/kazusa/install/mast', 'merge_install': False, 'path': '/home/kazusa/kazusa/ver0/mast', 'symlink_install': False, 'test_result_base': None}
[0.161s] INFO:colcon.colcon_core.executor:Executing jobs using 'parallel' executor
[0.162s] DEBUG:colcon.colcon_parallel_executor.executor.parallel:run_until_complete
[0.162s] INFO:colcon.colcon_ros.task.ament_cmake.build:Building ROS package in '/home/kazusa/kazusa/ver0/controller' with build type 'ament_cmake'
[0.162s] INFO:colcon.colcon_cmake.task.cmake.build:Building CMake package in '/home/kazusa/kazusa/ver0/controller'
[0.163s] INFO:colcon.colcon_core.plugin_system:Skipping extension 'colcon_core.shell.bat': Not used on non-Windows systems
[0.164s] INFO:colcon.colcon_core.shell:Skip shell extension 'powershell' for command environment: Not usable outside of PowerShell
[0.164s] DEBUG:colcon.colcon_core.shell:Skip shell extension 'dsv' for command environment
[0.167s] INFO:colcon.colcon_ros.task.ament_cmake.build:Building ROS package in '/home/kazusa/kazusa/ver0/custom_msgs' with build type 'ament_cmake'
[0.167s] INFO:colcon.colcon_cmake.task.cmake.build:Building CMake package in '/home/kazusa/kazusa/ver0/custom_msgs'
[0.167s] INFO:colcon.colcon_core.shell:Skip shell extension 'powershell' for command environment: Not usable outside of PowerShell
[0.167s] DEBUG:colcon.colcon_core.shell:Skip shell extension 'dsv' for command environment
[0.170s] INFO:colcon.colcon_ros.task.ament_cmake.build:Building ROS package in '/home/kazusa/kazusa/ver0/amcl_config' with build type 'ament_cmake'
[0.170s] INFO:colcon.colcon_cmake.task.cmake.build:Building CMake package in '/home/kazusa/kazusa/ver0/amcl_config'
[0.171s] INFO:colcon.colcon_core.shell:Skip shell extension 'powershell' for command environment: Not usable outside of PowerShell
[0.171s] DEBUG:colcon.colcon_core.shell:Skip shell extension 'dsv' for command environment
[0.174s] INFO:colcon.colcon_ros.task.ament_cmake.build:Building ROS package in '/home/kazusa/kazusa/ver0/launcher' with build type 'ament_cmake'
[0.174s] INFO:colcon.colcon_cmake.task.cmake.build:Building CMake package in '/home/kazusa/kazusa/ver0/launcher'
[0.174s] INFO:colcon.colcon_core.shell:Skip shell extension 'powershell' for command environment: Not usable outside of PowerShell
[0.174s] DEBUG:colcon.colcon_core.shell:Skip shell extension 'dsv' for command environment
[0.176s] INFO:colcon.colcon_ros.task.ament_cmake.build:Building ROS package in '/home/kazusa/kazusa/ver0/mola_conf' with build type 'ament_cmake'
[0.177s] INFO:colcon.colcon_cmake.task.cmake.build:Building CMake package in '/home/kazusa/kazusa/ver0/mola_conf'
[0.177s] INFO:colcon.colcon_core.shell:Skip shell extension 'powershell' for command environment: Not usable outside of PowerShell
[0.177s] DEBUG:colcon.colcon_core.shell:Skip shell extension 'dsv' for command environment
[0.179s] INFO:colcon.colcon_ros.task.ament_cmake.build:Building ROS package in '/home/kazusa/kazusa/ver0/my_cart2' with build type 'ament_cmake'
[0.179s] INFO:colcon.colcon_cmake.task.cmake.build:Building CMake package in '/home/kazusa/kazusa/ver0/my_cart2'
[0.180s] INFO:colcon.colcon_core.shell:Skip shell extension 'powershell' for command environment: Not usable outside of PowerShell
[0.180s] DEBUG:colcon.colcon_core.shell:Skip shell extension 'dsv' for command environment
[0.187s] DEBUG:colcon.colcon_core.event_handler.log_command:Invoking command in '/home/kazusa/kazusa/build/controller': CMAKE_PREFIX_PATH=${CMAKE_PREFIX_PATH}:/opt/ros/jazzy DEBUGINFOD_URLS=https://debuginfod.ubuntu.com /usr/bin/cmake --build /home/kazusa/kazusa/build/controller -- -j12 -l12
[0.199s] DEBUG:colcon.colcon_core.event_handler.log_command:Invoking command in '/home/kazusa/kazusa/build/custom_msgs': CMAKE_PREFIX_PATH=${CMAKE_PREFIX_PATH}:/opt/ros/jazzy DEBUGINFOD_URLS=https://debuginfod.ubuntu.com /usr/bin/cmake --build /home/kazusa/kazusa/build/custom_msgs -- -j12 -l12
[0.201s] DEBUG:colcon.colcon_core.event_handler.log_command:Invoking command in '/home/kazusa/kazusa/build/amcl_config': CMAKE_PREFIX_PATH=${CMAKE_PREFIX_PATH}:/opt/ros/jazzy DEBUGINFOD_URLS=https://debuginfod.ubuntu.com /usr/bin/cmake --build /home/kazusa/kazusa/build/amcl_config -- -j12 -l12
[0.202s] DEBUG:colcon.colcon_core.event_handler.log_command:Invoking command in '/home/kazusa/kazusa/build/launcher': CMAKE_PREFIX_PATH=${CMAKE_PREFIX_PATH}:/opt/ros/jazzy DEBUGINFOD_URLS=https://debuginfod.ubuntu.com /usr/bin/cmake --build /home/kazusa/kazusa/build/launcher -- -j12 -l12
[0.204s] DEBUG:colcon.colcon_core.event_handler.log_command:Invoking command in '/home/kazusa/kazusa/build/mola_conf': CMAKE_PREFIX_PATH=${CMAKE_PREFIX_PATH}:/opt/ros/jazzy DEBUGINFOD_URLS=https://debuginfod.ubuntu.com /usr/bin/cmake --build /home/kazusa/kazusa/build/mola_conf -- -j12 -l12
[0.228s] DEBUG:colcon.colcon_core.event_handler.log_command:Invoking command in '/home/kazusa/kazusa/build/my_cart2': CMAKE_PREFIX_PATH=${CMAKE_PREFIX_PATH}:/opt/ros/jazzy DEBUGINFOD_URLS=https://debuginfod.ubuntu.com /usr/bin/cmake --build /home/kazusa/kazusa/build/my_cart2 -- -j12 -l12
[0.241s] DEBUG:colcon.colcon_core.event_handler.log_command:Invoked command in '/home/kazusa/kazusa/build/launcher' returned '0': CMAKE_PREFIX_PATH=${CMAKE_PREFIX_PATH}:/opt/ros/jazzy DEBUGINFOD_URLS=https://debuginfod.ubuntu.com /usr/bin/cmake --build /home/kazusa/kazusa/build/launcher -- -j12 -l12
[0.252s] DEBUG:colcon.colcon_core.event_handler.log_command:Invoking command in '/home/kazusa/kazusa/build/launcher': CMAKE_PREFIX_PATH=${CMAKE_PREFIX_PATH}:/opt/ros/jazzy DEBUGINFOD_URLS=https://debuginfod.ubuntu.com /usr/bin/cmake --install /home/kazusa/kazusa/build/launcher
[0.253s] DEBUG:colcon.colcon_core.event_handler.log_command:Invoked command in '/home/kazusa/kazusa/build/amcl_config' returned '0': CMAKE_PREFIX_PATH=${CMAKE_PREFIX_PATH}:/opt/ros/jazzy DEBUGINFOD_URLS=https://debuginfod.ubuntu.com /usr/bin/cmake --build /home/kazusa/kazusa/build/amcl_config -- -j12 -l12
[0.254s] DEBUG:colcon.colcon_core.event_handler.log_command:Invoking command in '/home/kazusa/kazusa/build/amcl_config': CMAKE_PREFIX_PATH=${CMAKE_PREFIX_PATH}:/opt/ros/jazzy DEBUGINFOD_URLS=https://debuginfod.ubuntu.com /usr/bin/cmake --install /home/kazusa/kazusa/build/amcl_config
[0.263s] DEBUG:colcon.colcon_core.event_handler.log_command:Invoked command in '/home/kazusa/kazusa/build/mola_conf' returned '0': CMAKE_PREFIX_PATH=${CMAKE_PREFIX_PATH}:/opt/ros/jazzy DEBUGINFOD_URLS=https://debuginfod.ubuntu.com /usr/bin/cmake --build /home/kazusa/kazusa/build/mola_conf -- -j12 -l12
[0.266s] Level 1:colcon.colcon_core.environment:create_environment_scripts_only(amcl_config)
[0.269s] Level 1:colcon.colcon_core.environment:checking '/home/kazusa/kazusa/install/amcl_config' for CMake module files
[0.271s] Level 1:colcon.colcon_core.environment:checking '/home/kazusa/kazusa/install/amcl_config' for CMake config files
[0.275s] Level 1:colcon.colcon_core.shell:create_environment_hook('amcl_config', 'cmake_prefix_path')
[0.275s] INFO:colcon.colcon_core.shell:Creating environment hook '/home/kazusa/kazusa/install/amcl_config/share/amcl_config/hook/cmake_prefix_path.ps1'
[0.276s] INFO:colcon.colcon_core.shell:Creating environment descriptor '/home/kazusa/kazusa/install/amcl_config/share/amcl_config/hook/cmake_prefix_path.dsv'
[0.276s] INFO:colcon.colcon_core.shell:Creating environment hook '/home/kazusa/kazusa/install/amcl_config/share/amcl_config/hook/cmake_prefix_path.sh'
[0.278s] Level 1:colcon.colcon_core.environment:checking '/home/kazusa/kazusa/install/amcl_config/bin'
[0.278s] Level 1:colcon.colcon_core.environment:checking '/home/kazusa/kazusa/install/amcl_config/lib/pkgconfig/amcl_config.pc'
[0.279s] Level 1:colcon.colcon_core.environment:checking '/home/kazusa/kazusa/install/amcl_config/lib/python3.12/site-packages'
[0.279s] Level 1:colcon.colcon_core.environment:checking '/home/kazusa/kazusa/install/amcl_config/bin'
[0.279s] INFO:colcon.colcon_core.shell:Creating package script '/home/kazusa/kazusa/install/amcl_config/share/amcl_config/package.ps1'
[0.280s] INFO:colcon.colcon_core.shell:Creating package descriptor '/home/kazusa/kazusa/install/amcl_config/share/amcl_config/package.dsv'
[0.281s] INFO:colcon.colcon_core.shell:Creating package script '/home/kazusa/kazusa/install/amcl_config/share/amcl_config/package.sh'
[0.282s] INFO:colcon.colcon_core.shell:Creating package script '/home/kazusa/kazusa/install/amcl_config/share/amcl_config/package.bash'
[0.283s] INFO:colcon.colcon_core.shell:Creating package script '/home/kazusa/kazusa/install/amcl_config/share/amcl_config/package.zsh'
[0.285s] DEBUG:colcon.colcon_core.event_handler.log_command:Invoking command in '/home/kazusa/kazusa/build/mola_conf': CMAKE_PREFIX_PATH=${CMAKE_PREFIX_PATH}:/opt/ros/jazzy DEBUGINFOD_URLS=https://debuginfod.ubuntu.com /usr/bin/cmake --install /home/kazusa/kazusa/build/mola_conf
[0.285s] DEBUG:colcon.colcon_core.event_handler.log_command:Invoked command in '/home/kazusa/kazusa/build/amcl_config' returned '0': CMAKE_PREFIX_PATH=${CMAKE_PREFIX_PATH}:/opt/ros/jazzy DEBUGINFOD_URLS=https://debuginfod.ubuntu.com /usr/bin/cmake --install /home/kazusa/kazusa/build/amcl_config
[0.286s] Level 1:colcon.colcon_core.environment:create_file_with_runtime_dependencies(/home/kazusa/kazusa/install/amcl_config/share/colcon-core/packages/amcl_config)
[0.287s] Level 1:colcon.colcon_core.environment:create_environment_scripts_only(amcl_config)
[0.287s] Level 1:colcon.colcon_core.environment:checking '/home/kazusa/kazusa/install/amcl_config' for CMake module files
[0.288s] Level 1:colcon.colcon_core.environment:checking '/home/kazusa/kazusa/install/amcl_config' for CMake config files
[0.288s] Level 1:colcon.colcon_core.shell:create_environment_hook('amcl_config', 'cmake_prefix_path')
[0.288s] INFO:colcon.colcon_core.shell:Creating environment hook '/home/kazusa/kazusa/install/amcl_config/share/amcl_config/hook/cmake_prefix_path.ps1'
[0.291s] INFO:colcon.colcon_core.shell:Creating environment descriptor '/home/kazusa/kazusa/install/amcl_config/share/amcl_config/hook/cmake_prefix_path.dsv'
[0.292s] INFO:colcon.colcon_core.shell:Creating environment hook '/home/kazusa/kazusa/install/amcl_config/share/amcl_config/hook/cmake_prefix_path.sh'
[0.293s] Level 1:colcon.colcon_core.environment:checking '/home/kazusa/kazusa/install/amcl_config/bin'
[0.293s] Level 1:colcon.colcon_core.environment:checking '/home/kazusa/kazusa/install/amcl_config/lib/pkgconfig/amcl_config.pc'
[0.294s] Level 1:colcon.colcon_core.environment:checking '/home/kazusa/kazusa/install/amcl_config/lib/python3.12/site-packages'
[0.294s] Level 1:colcon.colcon_core.environment:checking '/home/kazusa/kazusa/install/amcl_config/bin'
[0.295s] INFO:colcon.colcon_core.shell:Creating package script '/home/kazusa/kazusa/install/amcl_config/share/amcl_config/package.ps1'
[0.296s] INFO:colcon.colcon_core.shell:Creating package descriptor '/home/kazusa/kazusa/install/amcl_config/share/amcl_config/package.dsv'
[0.297s] INFO:colcon.colcon_core.shell:Creating package script '/home/kazusa/kazusa/install/amcl_config/share/amcl_config/package.sh'
[0.298s] INFO:colcon.colcon_core.shell:Creating package script '/home/kazusa/kazusa/install/amcl_config/share/amcl_config/package.bash'
[0.298s] INFO:colcon.colcon_core.shell:Creating package script '/home/kazusa/kazusa/install/amcl_config/share/amcl_config/package.zsh'
[0.299s] Level 1:colcon.colcon_core.environment:create_file_with_runtime_dependencies(/home/kazusa/kazusa/install/amcl_config/share/colcon-core/packages/amcl_config)
[0.299s] Level 1:colcon.colcon_core.environment:create_environment_scripts_only(launcher)
[0.299s] Level 1:colcon.colcon_core.environment:checking '/home/kazusa/kazusa/install/launcher' for CMake module files
[0.302s] DEBUG:colcon.colcon_core.event_handler.log_command:Invoked command in '/home/kazusa/kazusa/build/launcher' returned '0': CMAKE_PREFIX_PATH=${CMAKE_PREFIX_PATH}:/opt/ros/jazzy DEBUGINFOD_URLS=https://debuginfod.ubuntu.com /usr/bin/cmake --install /home/kazusa/kazusa/build/launcher
[0.302s] Level 1:colcon.colcon_core.environment:checking '/home/kazusa/kazusa/install/launcher' for CMake config files
[0.302s] Level 1:colcon.colcon_core.shell:create_environment_hook('launcher', 'cmake_prefix_path')
[0.302s] INFO:colcon.colcon_core.shell:Creating environment hook '/home/kazusa/kazusa/install/launcher/share/launcher/hook/cmake_prefix_path.ps1'
[0.303s] INFO:colcon.colcon_core.shell:Creating environment descriptor '/home/kazusa/kazusa/install/launcher/share/launcher/hook/cmake_prefix_path.dsv'
[0.303s] INFO:colcon.colcon_core.shell:Creating environment hook '/home/kazusa/kazusa/install/launcher/share/launcher/hook/cmake_prefix_path.sh'
[0.304s] Level 1:colcon.colcon_core.environment:checking '/home/kazusa/kazusa/install/launcher/bin'
[0.304s] Level 1:colcon.colcon_core.environment:checking '/home/kazusa/kazusa/install/launcher/lib/pkgconfig/launcher.pc'
[0.304s] Level 1:colcon.colcon_core.environment:checking '/home/kazusa/kazusa/install/launcher/lib/python3.12/site-packages'
[0.304s] Level 1:colcon.colcon_core.environment:checking '/home/kazusa/kazusa/install/launcher/bin'
[0.305s] INFO:colcon.colcon_core.shell:Creating package script '/home/kazusa/kazusa/install/launcher/share/launcher/package.ps1'
[0.306s] INFO:colcon.colcon_core.shell:Creating package descriptor '/home/kazusa/kazusa/install/launcher/share/launcher/package.dsv'
[0.306s] INFO:colcon.colcon_core.shell:Creating package script '/home/kazusa/kazusa/install/launcher/share/launcher/package.sh'
[0.306s] INFO:colcon.colcon_core.shell:Creating package script '/home/kazusa/kazusa/install/launcher/share/launcher/package.bash'
[0.307s] INFO:colcon.colcon_core.shell:Creating package script '/home/kazusa/kazusa/install/launcher/share/launcher/package.zsh'
[0.307s] Level 1:colcon.colcon_core.environment:create_file_with_runtime_dependencies(/home/kazusa/kazusa/install/launcher/share/colcon-core/packages/launcher)
[0.307s] Level 1:colcon.colcon_core.environment:create_environment_scripts_only(launcher)
[0.308s] Level 1:colcon.colcon_core.environment:checking '/home/kazusa/kazusa/install/launcher' for CMake module files
[0.308s] Level 1:colcon.colcon_core.environment:checking '/home/kazusa/kazusa/install/launcher' for CMake config files
[0.308s] Level 1:colcon.colcon_core.shell:create_environment_hook('launcher', 'cmake_prefix_path')
[0.309s] INFO:colcon.colcon_core.shell:Creating environment hook '/home/kazusa/kazusa/install/launcher/share/launcher/hook/cmake_prefix_path.ps1'
[0.309s] INFO:colcon.colcon_core.shell:Creating environment descriptor '/home/kazusa/kazusa/install/launcher/share/launcher/hook/cmake_prefix_path.dsv'
[0.310s] INFO:colcon.colcon_core.shell:Creating environment hook '/home/kazusa/kazusa/install/launcher/share/launcher/hook/cmake_prefix_path.sh'
[0.310s] Level 1:colcon.colcon_core.environment:checking '/home/kazusa/kazusa/install/launcher/bin'
[0.310s] Level 1:colcon.colcon_core.environment:checking '/home/kazusa/kazusa/install/launcher/lib/pkgconfig/launcher.pc'
[0.311s] Level 1:colcon.colcon_core.environment:checking '/home/kazusa/kazusa/install/launcher/lib/python3.12/site-packages'
[0.311s] Level 1:colcon.colcon_core.environment:checking '/home/kazusa/kazusa/install/launcher/bin'
[0.311s] INFO:colcon.colcon_core.shell:Creating package script '/home/kazusa/kazusa/install/launcher/share/launcher/package.ps1'
[0.312s] INFO:colcon.colcon_core.shell:Creating package descriptor '/home/kazusa/kazusa/install/launcher/share/launcher/package.dsv'
[0.313s] INFO:colcon.colcon_core.shell:Creating package script '/home/kazusa/kazusa/install/launcher/share/launcher/package.sh'
[0.313s] INFO:colcon.colcon_core.shell:Creating package script '/home/kazusa/kazusa/install/launcher/share/launcher/package.bash'
[0.314s] INFO:colcon.colcon_core.shell:Creating package script '/home/kazusa/kazusa/install/launcher/share/launcher/package.zsh'
[0.314s] Level 1:colcon.colcon_core.environment:create_file_with_runtime_dependencies(/home/kazusa/kazusa/install/launcher/share/colcon-core/packages/launcher)
[0.316s] DEBUG:colcon.colcon_core.event_handler.log_command:Invoked command in '/home/kazusa/kazusa/build/my_cart2' returned '0': CMAKE_PREFIX_PATH=${CMAKE_PREFIX_PATH}:/opt/ros/jazzy DEBUGINFOD_URLS=https://debuginfod.ubuntu.com /usr/bin/cmake --build /home/kazusa/kazusa/build/my_cart2 -- -j12 -l12
[0.319s] DEBUG:colcon.colcon_core.event_handler.log_command:Invoking command in '/home/kazusa/kazusa/build/my_cart2': CMAKE_PREFIX_PATH=${CMAKE_PREFIX_PATH}:/opt/ros/jazzy DEBUGINFOD_URLS=https://debuginfod.ubuntu.com /usr/bin/cmake --install /home/kazusa/kazusa/build/my_cart2
[0.320s] Level 1:colcon.colcon_core.environment:create_environment_scripts_only(mola_conf)
[0.320s] Level 1:colcon.colcon_core.environment:checking '/home/kazusa/kazusa/install/mola_conf' for CMake module files
[0.320s] Level 1:colcon.colcon_core.environment:checking '/home/kazusa/kazusa/install/mola_conf' for CMake config files
[0.321s] Level 1:colcon.colcon_core.shell:create_environment_hook('mola_conf', 'cmake_prefix_path')
[0.321s] INFO:colcon.colcon_core.shell:Creating environment hook '/home/kazusa/kazusa/install/mola_conf/share/mola_conf/hook/cmake_prefix_path.ps1'
[0.321s] INFO:colcon.colcon_core.shell:Creating environment descriptor '/home/kazusa/kazusa/install/mola_conf/share/mola_conf/hook/cmake_prefix_path.dsv'
[0.322s] INFO:colcon.colcon_core.shell:Creating environment hook '/home/kazusa/kazusa/install/mola_conf/share/mola_conf/hook/cmake_prefix_path.sh'
[0.322s] Level 1:colcon.colcon_core.environment:checking '/home/kazusa/kazusa/install/mola_conf/bin'
[0.322s] Level 1:colcon.colcon_core.environment:checking '/home/kazusa/kazusa/install/mola_conf/lib/pkgconfig/mola_conf.pc'
[0.323s] Level 1:colcon.colcon_core.environment:checking '/home/kazusa/kazusa/install/mola_conf/lib/python3.12/site-packages'
[0.324s] Level 1:colcon.colcon_core.environment:checking '/home/kazusa/kazusa/install/mola_conf/bin'
[0.324s] DEBUG:colcon.colcon_core.event_handler.log_command:Invoked command in '/home/kazusa/kazusa/build/mola_conf' returned '0': CMAKE_PREFIX_PATH=${CMAKE_PREFIX_PATH}:/opt/ros/jazzy DEBUGINFOD_URLS=https://debuginfod.ubuntu.com /usr/bin/cmake --install /home/kazusa/kazusa/build/mola_conf
[0.325s] INFO:colcon.colcon_core.shell:Creating package script '/home/kazusa/kazusa/install/mola_conf/share/mola_conf/package.ps1'
[0.326s] INFO:colcon.colcon_core.shell:Creating package descriptor '/home/kazusa/kazusa/install/mola_conf/share/mola_conf/package.dsv'
[0.326s] INFO:colcon.colcon_core.shell:Creating package script '/home/kazusa/kazusa/install/mola_conf/share/mola_conf/package.sh'
[0.326s] INFO:colcon.colcon_core.shell:Creating package script '/home/kazusa/kazusa/install/mola_conf/share/mola_conf/package.bash'
[0.327s] INFO:colcon.colcon_core.shell:Creating package script '/home/kazusa/kazusa/install/mola_conf/share/mola_conf/package.zsh'
[0.327s] Level 1:colcon.colcon_core.environment:create_file_with_runtime_dependencies(/home/kazusa/kazusa/install/mola_conf/share/colcon-core/packages/mola_conf)
[0.328s] Level 1:colcon.colcon_core.environment:create_environment_scripts_only(mola_conf)
[0.328s] Level 1:colcon.colcon_core.environment:checking '/home/kazusa/kazusa/install/mola_conf' for CMake module files
[0.328s] Level 1:colcon.colcon_core.environment:checking '/home/kazusa/kazusa/install/mola_conf' for CMake config files
[0.329s] Level 1:colcon.colcon_core.shell:create_environment_hook('mola_conf', 'cmake_prefix_path')
[0.329s] INFO:colcon.colcon_core.shell:Creating environment hook '/home/kazusa/kazusa/install/mola_conf/share/mola_conf/hook/cmake_prefix_path.ps1'
[0.329s] INFO:colcon.colcon_core.shell:Creating environment descriptor '/home/kazusa/kazusa/install/mola_conf/share/mola_conf/hook/cmake_prefix_path.dsv'
[0.330s] INFO:colcon.colcon_core.shell:Creating environment hook '/home/kazusa/kazusa/install/mola_conf/share/mola_conf/hook/cmake_prefix_path.sh'
[0.330s] Level 1:colcon.colcon_core.environment:checking '/home/kazusa/kazusa/install/mola_conf/bin'
[0.331s] Level 1:colcon.colcon_core.environment:checking '/home/kazusa/kazusa/install/mola_conf/lib/pkgconfig/mola_conf.pc'
[0.331s] Level 1:colcon.colcon_core.environment:checking '/home/kazusa/kazusa/install/mola_conf/lib/python3.12/site-packages'
[0.331s] Level 1:colcon.colcon_core.environment:checking '/home/kazusa/kazusa/install/mola_conf/bin'
[0.332s] INFO:colcon.colcon_core.shell:Creating package script '/home/kazusa/kazusa/install/mola_conf/share/mola_conf/package.ps1'
[0.332s] INFO:colcon.colcon_core.shell:Creating package descriptor '/home/kazusa/kazusa/install/mola_conf/share/mola_conf/package.dsv'
[0.333s] INFO:colcon.colcon_core.shell:Creating package script '/home/kazusa/kazusa/install/mola_conf/share/mola_conf/package.sh'
[0.333s] INFO:colcon.colcon_core.shell:Creating package script '/home/kazusa/kazusa/install/mola_conf/share/mola_conf/package.bash'
[0.334s] INFO:colcon.colcon_core.shell:Creating package script '/home/kazusa/kazusa/install/mola_conf/share/mola_conf/package.zsh'
[0.334s] Level 1:colcon.colcon_core.environment:create_file_with_runtime_dependencies(/home/kazusa/kazusa/install/mola_conf/share/colcon-core/packages/mola_conf)
[0.337s] Level 1:colcon.colcon_core.environment:create_environment_scripts_only(my_cart2)
[0.337s] Level 1:colcon.colcon_core.environment:checking '/home/kazusa/kazusa/install/my_cart2' for CMake module files
[0.338s] Level 1:colcon.colcon_core.environment:checking '/home/kazusa/kazusa/install/my_cart2' for CMake config files
[0.342s] DEBUG:colcon.colcon_core.event_handler.log_command:Invoked command in '/home/kazusa/kazusa/build/my_cart2' returned '0': CMAKE_PREFIX_PATH=${CMAKE_PREFIX_PATH}:/opt/ros/jazzy DEBUGINFOD_URLS=https://debuginfod.ubuntu.com /usr/bin/cmake --install /home/kazusa/kazusa/build/my_cart2
[0.342s] Level 1:colcon.colcon_core.shell:create_environment_hook('my_cart2', 'cmake_prefix_path')
[0.342s] INFO:colcon.colcon_core.shell:Creating environment hook '/home/kazusa/kazusa/install/my_cart2/share/my_cart2/hook/cmake_prefix_path.ps1'
[0.343s] INFO:colcon.colcon_core.shell:Creating environment descriptor '/home/kazusa/kazusa/install/my_cart2/share/my_cart2/hook/cmake_prefix_path.dsv'
[0.343s] INFO:colcon.colcon_core.shell:Creating environment hook '/home/kazusa/kazusa/install/my_cart2/share/my_cart2/hook/cmake_prefix_path.sh'
[0.343s] Level 1:colcon.colcon_core.environment:checking '/home/kazusa/kazusa/install/my_cart2/lib'
[0.344s] Level 1:colcon.colcon_core.environment:checking '/home/kazusa/kazusa/install/my_cart2/bin'
[0.344s] Level 1:colcon.colcon_core.environment:checking '/home/kazusa/kazusa/install/my_cart2/lib/pkgconfig/my_cart2.pc'
[0.344s] Level 1:colcon.colcon_core.environment:checking '/home/kazusa/kazusa/install/my_cart2/lib/python3.12/site-packages'
[0.344s] Level 1:colcon.colcon_core.environment:checking '/home/kazusa/kazusa/install/my_cart2/bin'
[0.344s] INFO:colcon.colcon_core.shell:Creating package script '/home/kazusa/kazusa/install/my_cart2/share/my_cart2/package.ps1'
[0.345s] INFO:colcon.colcon_core.shell:Creating package descriptor '/home/kazusa/kazusa/install/my_cart2/share/my_cart2/package.dsv'
[0.345s] INFO:colcon.colcon_core.shell:Creating package script '/home/kazusa/kazusa/install/my_cart2/share/my_cart2/package.sh'
[0.345s] INFO:colcon.colcon_core.shell:Creating package script '/home/kazusa/kazusa/install/my_cart2/share/my_cart2/package.bash'
[0.345s] INFO:colcon.colcon_core.shell:Creating package script '/home/kazusa/kazusa/install/my_cart2/share/my_cart2/package.zsh'
[0.346s] Level 1:colcon.colcon_core.environment:create_file_with_runtime_dependencies(/home/kazusa/kazusa/install/my_cart2/share/colcon-core/packages/my_cart2)
[0.346s] Level 1:colcon.colcon_core.environment:create_environment_scripts_only(my_cart2)
[0.346s] Level 1:colcon.colcon_core.environment:checking '/home/kazusa/kazusa/install/my_cart2' for CMake module files
[0.346s] Level 1:colcon.colcon_core.environment:checking '/home/kazusa/kazusa/install/my_cart2' for CMake config files
[0.346s] Level 1:colcon.colcon_core.shell:create_environment_hook('my_cart2', 'cmake_prefix_path')
[0.347s] INFO:colcon.colcon_core.shell:Creating environment hook '/home/kazusa/kazusa/install/my_cart2/share/my_cart2/hook/cmake_prefix_path.ps1'
[0.347s] INFO:colcon.colcon_core.shell:Creating environment descriptor '/home/kazusa/kazusa/install/my_cart2/share/my_cart2/hook/cmake_prefix_path.dsv'
[0.347s] INFO:colcon.colcon_core.shell:Creating environment hook '/home/kazusa/kazusa/install/my_cart2/share/my_cart2/hook/cmake_prefix_path.sh'
[0.347s] Level 1:colcon.colcon_core.environment:checking '/home/kazusa/kazusa/install/my_cart2/lib'
[0.347s] Level 1:colcon.colcon_core.environment:checking '/home/kazusa/kazusa/install/my_cart2/bin'
[0.347s] Level 1:colcon.colcon_core.environment:checking '/home/kazusa/kazusa/install/my_cart2/lib/pkgconfig/my_cart2.pc'
[0.348s] Level 1:colcon.colcon_core.environment:checking '/home/kazusa/kazusa/install/my_cart2/lib/python3.12/site-packages'
[0.348s] Level 1:colcon.colcon_core.environment:checking '/home/kazusa/kazusa/install/my_cart2/bin'
[0.348s] INFO:colcon.colcon_core.shell:Creating package script '/home/kazusa/kazusa/install/my_cart2/share/my_cart2/package.ps1'
[0.348s] INFO:colcon.colcon_core.shell:Creating package descriptor '/home/kazusa/kazusa/install/my_cart2/share/my_cart2/package.dsv'
[0.349s] INFO:colcon.colcon_core.shell:Creating package script '/home/kazusa/kazusa/install/my_cart2/share/my_cart2/package.sh'
[0.349s] INFO:colcon.colcon_core.shell:Creating package script '/home/kazusa/kazusa/install/my_cart2/share/my_cart2/package.bash'
[0.349s] INFO:colcon.colcon_core.shell:Creating package script '/home/kazusa/kazusa/install/my_cart2/share/my_cart2/package.zsh'
[0.349s] Level 1:colcon.colcon_core.environment:create_file_with_runtime_dependencies(/home/kazusa/kazusa/install/my_cart2/share/colcon-core/packages/my_cart2)
[0.538s] DEBUG:colcon.colcon_core.event_handler.log_command:Invoked command in '/home/kazusa/kazusa/build/controller' returned '0': CMAKE_PREFIX_PATH=${CMAKE_PREFIX_PATH}:/opt/ros/jazzy DEBUGINFOD_URLS=https://debuginfod.ubuntu.com /usr/bin/cmake --build /home/kazusa/kazusa/build/controller -- -j12 -l12
[0.539s] DEBUG:colcon.colcon_core.event_handler.log_command:Invoking command in '/home/kazusa/kazusa/build/controller': CMAKE_PREFIX_PATH=${CMAKE_PREFIX_PATH}:/opt/ros/jazzy DEBUGINFOD_URLS=https://debuginfod.ubuntu.com /usr/bin/cmake --install /home/kazusa/kazusa/build/controller
[0.561s] DEBUG:colcon.colcon_core.event_handler.log_command:Invoked command in '/home/kazusa/kazusa/build/custom_msgs' returned '0': CMAKE_PREFIX_PATH=${CMAKE_PREFIX_PATH}:/opt/ros/jazzy DEBUGINFOD_URLS=https://debuginfod.ubuntu.com /usr/bin/cmake --build /home/kazusa/kazusa/build/custom_msgs -- -j12 -l12
[0.562s] DEBUG:colcon.colcon_core.event_handler.log_command:Invoking command in '/home/kazusa/kazusa/build/custom_msgs': CMAKE_PREFIX_PATH=${CMAKE_PREFIX_PATH}:/opt/ros/jazzy DEBUGINFOD_URLS=https://debuginfod.ubuntu.com /usr/bin/cmake --install /home/kazusa/kazusa/build/custom_msgs
[0.599s] Level 1:colcon.colcon_core.environment:create_environment_scripts_only(controller)
[0.600s] Level 1:colcon.colcon_core.environment:checking '/home/kazusa/kazusa/install/controller' for CMake module files
[0.600s] DEBUG:colcon.colcon_core.event_handler.log_command:Invoked command in '/home/kazusa/kazusa/build/controller' returned '0': CMAKE_PREFIX_PATH=${CMAKE_PREFIX_PATH}:/opt/ros/jazzy DEBUGINFOD_URLS=https://debuginfod.ubuntu.com /usr/bin/cmake --install /home/kazusa/kazusa/build/controller
[0.601s] Level 1:colcon.colcon_core.environment:checking '/home/kazusa/kazusa/install/controller' for CMake config files
[0.601s] Level 1:colcon.colcon_core.shell:create_environment_hook('controller', 'cmake_prefix_path')
[0.601s] INFO:colcon.colcon_core.shell:Creating environment hook '/home/kazusa/kazusa/install/controller/share/controller/hook/cmake_prefix_path.ps1'
[0.602s] INFO:colcon.colcon_core.shell:Creating environment descriptor '/home/kazusa/kazusa/install/controller/share/controller/hook/cmake_prefix_path.dsv'
[0.602s] INFO:colcon.colcon_core.shell:Creating environment hook '/home/kazusa/kazusa/install/controller/share/controller/hook/cmake_prefix_path.sh'
[0.602s] Level 1:colcon.colcon_core.environment:checking '/home/kazusa/kazusa/install/controller/lib'
[0.602s] Level 1:colcon.colcon_core.shell:create_environment_hook('controller', 'ld_library_path_lib')
[0.602s] INFO:colcon.colcon_core.shell:Creating environment hook '/home/kazusa/kazusa/install/controller/share/controller/hook/ld_library_path_lib.ps1'
[0.603s] INFO:colcon.colcon_core.shell:Creating environment descriptor '/home/kazusa/kazusa/install/controller/share/controller/hook/ld_library_path_lib.dsv'
[0.603s] INFO:colcon.colcon_core.shell:Creating environment hook '/home/kazusa/kazusa/install/controller/share/controller/hook/ld_library_path_lib.sh'
[0.603s] Level 1:colcon.colcon_core.environment:checking '/home/kazusa/kazusa/install/controller/bin'
[0.603s] Level 1:colcon.colcon_core.environment:checking '/home/kazusa/kazusa/install/controller/lib/pkgconfig/controller.pc'
[0.603s] Level 1:colcon.colcon_core.environment:checking '/home/kazusa/kazusa/install/controller/lib/python3.12/site-packages'
[0.603s] Level 1:colcon.colcon_core.shell:create_environment_hook('controller', 'pythonpath')
[0.603s] INFO:colcon.colcon_core.shell:Creating environment hook '/home/kazusa/kazusa/install/controller/share/controller/hook/pythonpath.ps1'
[0.604s] INFO:colcon.colcon_core.shell:Creating environment descriptor '/home/kazusa/kazusa/install/controller/share/controller/hook/pythonpath.dsv'
[0.604s] INFO:colcon.colcon_core.shell:Creating environment hook '/home/kazusa/kazusa/install/controller/share/controller/hook/pythonpath.sh'
[0.604s] Level 1:colcon.colcon_core.environment:checking '/home/kazusa/kazusa/install/controller/bin'
[0.604s] INFO:colcon.colcon_core.shell:Creating package script '/home/kazusa/kazusa/install/controller/share/controller/package.ps1'
[0.605s] INFO:colcon.colcon_core.shell:Creating package descriptor '/home/kazusa/kazusa/install/controller/share/controller/package.dsv'
[0.605s] INFO:colcon.colcon_core.shell:Creating package script '/home/kazusa/kazusa/install/controller/share/controller/package.sh'
[0.605s] INFO:colcon.colcon_core.shell:Creating package script '/home/kazusa/kazusa/install/controller/share/controller/package.bash'
[0.605s] INFO:colcon.colcon_core.shell:Creating package script '/home/kazusa/kazusa/install/controller/share/controller/package.zsh'
[0.606s] Level 1:colcon.colcon_core.environment:create_file_with_runtime_dependencies(/home/kazusa/kazusa/install/controller/share/colcon-core/packages/controller)
[0.606s] Level 1:colcon.colcon_core.environment:create_environment_scripts_only(controller)
[0.606s] Level 1:colcon.colcon_core.environment:checking '/home/kazusa/kazusa/install/controller' for CMake module files
[0.606s] Level 1:colcon.colcon_core.environment:checking '/home/kazusa/kazusa/install/controller' for CMake config files
[0.607s] Level 1:colcon.colcon_core.shell:create_environment_hook('controller', 'cmake_prefix_path')
[0.607s] INFO:colcon.colcon_core.shell:Creating environment hook '/home/kazusa/kazusa/install/controller/share/controller/hook/cmake_prefix_path.ps1'
[0.607s] INFO:colcon.colcon_core.shell:Creating environment descriptor '/home/kazusa/kazusa/install/controller/share/controller/hook/cmake_prefix_path.dsv'
[0.607s] INFO:colcon.colcon_core.shell:Creating environment hook '/home/kazusa/kazusa/install/controller/share/controller/hook/cmake_prefix_path.sh'
[0.607s] Level 1:colcon.colcon_core.environment:checking '/home/kazusa/kazusa/install/controller/lib'
[0.607s] Level 1:colcon.colcon_core.shell:create_environment_hook('controller', 'ld_library_path_lib')
[0.608s] INFO:colcon.colcon_core.shell:Creating environment hook '/home/kazusa/kazusa/install/controller/share/controller/hook/ld_library_path_lib.ps1'
[0.608s] INFO:colcon.colcon_core.shell:Creating environment descriptor '/home/kazusa/kazusa/install/controller/share/controller/hook/ld_library_path_lib.dsv'
[0.608s] INFO:colcon.colcon_core.shell:Creating environment hook '/home/kazusa/kazusa/install/controller/share/controller/hook/ld_library_path_lib.sh'
[0.609s] Level 1:colcon.colcon_core.environment:checking '/home/kazusa/kazusa/install/controller/bin'
[0.609s] Level 1:colcon.colcon_core.environment:checking '/home/kazusa/kazusa/install/controller/lib/pkgconfig/controller.pc'
[0.609s] Level 1:colcon.colcon_core.environment:checking '/home/kazusa/kazusa/install/controller/lib/python3.12/site-packages'
[0.609s] Level 1:colcon.colcon_core.shell:create_environment_hook('controller', 'pythonpath')
[0.609s] INFO:colcon.colcon_core.shell:Creating environment hook '/home/kazusa/kazusa/install/controller/share/controller/hook/pythonpath.ps1'
[0.610s] INFO:colcon.colcon_core.shell:Creating environment descriptor '/home/kazusa/kazusa/install/controller/share/controller/hook/pythonpath.dsv'
[0.610s] INFO:colcon.colcon_core.shell:Creating environment hook '/home/kazusa/kazusa/install/controller/share/controller/hook/pythonpath.sh'
[0.610s] Level 1:colcon.colcon_core.environment:checking '/home/kazusa/kazusa/install/controller/bin'
[0.610s] INFO:colcon.colcon_core.shell:Creating package script '/home/kazusa/kazusa/install/controller/share/controller/package.ps1'
[0.611s] INFO:colcon.colcon_core.shell:Creating package descriptor '/home/kazusa/kazusa/install/controller/share/controller/package.dsv'
[0.611s] INFO:colcon.colcon_core.shell:Creating package script '/home/kazusa/kazusa/install/controller/share/controller/package.sh'
[0.611s] INFO:colcon.colcon_core.shell:Creating package script '/home/kazusa/kazusa/install/controller/share/controller/package.bash'
[0.612s] INFO:colcon.colcon_core.shell:Creating package script '/home/kazusa/kazusa/install/controller/share/controller/package.zsh'
[0.612s] Level 1:colcon.colcon_core.environment:create_file_with_runtime_dependencies(/home/kazusa/kazusa/install/controller/share/colcon-core/packages/controller)
[0.612s] INFO:colcon.colcon_ros.task.ament_cmake.build:Building ROS package in '/home/kazusa/kazusa/ver0/controller_src' with build type 'ament_cmake'
[0.612s] INFO:colcon.colcon_cmake.task.cmake.build:Building CMake package in '/home/kazusa/kazusa/ver0/controller_src'
[0.612s] INFO:colcon.colcon_core.shell:Skip shell extension 'powershell' for command environment: Not usable outside of PowerShell
[0.612s] DEBUG:colcon.colcon_core.shell:Skip shell extension 'dsv' for command environment
[0.621s] Level 1:colcon.colcon_core.environment:create_environment_scripts_only(custom_msgs)
[0.621s] Level 1:colcon.colcon_core.environment:checking '/home/kazusa/kazusa/install/custom_msgs' for CMake module files
[0.622s] DEBUG:colcon.colcon_core.event_handler.log_command:Invoked command in '/home/kazusa/kazusa/build/custom_msgs' returned '0': CMAKE_PREFIX_PATH=${CMAKE_PREFIX_PATH}:/opt/ros/jazzy DEBUGINFOD_URLS=https://debuginfod.ubuntu.com /usr/bin/cmake --install /home/kazusa/kazusa/build/custom_msgs
[0.622s] Level 1:colcon.colcon_core.environment:checking '/home/kazusa/kazusa/install/custom_msgs' for CMake config files
[0.622s] Level 1:colcon.colcon_core.shell:create_environment_hook('custom_msgs', 'cmake_prefix_path')
[0.622s] INFO:colcon.colcon_core.shell:Creating environment hook '/home/kazusa/kazusa/install/custom_msgs/share/custom_msgs/hook/cmake_prefix_path.ps1'
[0.623s] INFO:colcon.colcon_core.shell:Creating environment descriptor '/home/kazusa/kazusa/install/custom_msgs/share/custom_msgs/hook/cmake_prefix_path.dsv'
[0.623s] INFO:colcon.colcon_core.shell:Creating environment hook '/home/kazusa/kazusa/install/custom_msgs/share/custom_msgs/hook/cmake_prefix_path.sh'
[0.623s] Level 1:colcon.colcon_core.environment:checking '/home/kazusa/kazusa/install/custom_msgs/lib'
[0.623s] Level 1:colcon.colcon_core.shell:create_environment_hook('custom_msgs', 'ld_library_path_lib')
[0.623s] INFO:colcon.colcon_core.shell:Creating environment hook '/home/kazusa/kazusa/install/custom_msgs/share/custom_msgs/hook/ld_library_path_lib.ps1'
[0.623s] INFO:colcon.colcon_core.shell:Creating environment descriptor '/home/kazusa/kazusa/install/custom_msgs/share/custom_msgs/hook/ld_library_path_lib.dsv'
[0.624s] INFO:colcon.colcon_core.shell:Creating environment hook '/home/kazusa/kazusa/install/custom_msgs/share/custom_msgs/hook/ld_library_path_lib.sh'
[0.624s] Level 1:colcon.colcon_core.environment:checking '/home/kazusa/kazusa/install/custom_msgs/bin'
[0.624s] Level 1:colcon.colcon_core.environment:checking '/home/kazusa/kazusa/install/custom_msgs/lib/pkgconfig/custom_msgs.pc'
[0.624s] Level 1:colcon.colcon_core.environment:checking '/home/kazusa/kazusa/install/custom_msgs/lib/python3.12/site-packages'
[0.624s] Level 1:colcon.colcon_core.shell:create_environment_hook('custom_msgs', 'pythonpath')
[0.624s] INFO:colcon.colcon_core.shell:Creating environment hook '/home/kazusa/kazusa/install/custom_msgs/share/custom_msgs/hook/pythonpath.ps1'
[0.625s] INFO:colcon.colcon_core.shell:Creating environment descriptor '/home/kazusa/kazusa/install/custom_msgs/share/custom_msgs/hook/pythonpath.dsv'
[0.625s] INFO:colcon.colcon_core.shell:Creating environment hook '/home/kazusa/kazusa/install/custom_msgs/share/custom_msgs/hook/pythonpath.sh'
[0.625s] Level 1:colcon.colcon_core.environment:checking '/home/kazusa/kazusa/install/custom_msgs/bin'
[0.625s] INFO:colcon.colcon_core.shell:Creating package script '/home/kazusa/kazusa/install/custom_msgs/share/custom_msgs/package.ps1'
[0.626s] INFO:colcon.colcon_core.shell:Creating package descriptor '/home/kazusa/kazusa/install/custom_msgs/share/custom_msgs/package.dsv'
[0.626s] INFO:colcon.colcon_core.shell:Creating package script '/home/kazusa/kazusa/install/custom_msgs/share/custom_msgs/package.sh'
[0.626s] INFO:colcon.colcon_core.shell:Creating package script '/home/kazusa/kazusa/install/custom_msgs/share/custom_msgs/package.bash'
[0.626s] INFO:colcon.colcon_core.shell:Creating package script '/home/kazusa/kazusa/install/custom_msgs/share/custom_msgs/package.zsh'
[0.627s] Level 1:colcon.colcon_core.environment:create_file_with_runtime_dependencies(/home/kazusa/kazusa/install/custom_msgs/share/colcon-core/packages/custom_msgs)
[0.627s] Level 1:colcon.colcon_core.environment:create_environment_scripts_only(custom_msgs)
[0.627s] Level 1:colcon.colcon_core.environment:checking '/home/kazusa/kazusa/install/custom_msgs' for CMake module files
[0.627s] Level 1:colcon.colcon_core.environment:checking '/home/kazusa/kazusa/install/custom_msgs' for CMake config files
[0.628s] Level 1:colcon.colcon_core.shell:create_environment_hook('custom_msgs', 'cmake_prefix_path')
[0.628s] INFO:colcon.colcon_core.shell:Creating environment hook '/home/kazusa/kazusa/install/custom_msgs/share/custom_msgs/hook/cmake_prefix_path.ps1'
[0.628s] INFO:colcon.colcon_core.shell:Creating environment descriptor '/home/kazusa/kazusa/install/custom_msgs/share/custom_msgs/hook/cmake_prefix_path.dsv'
[0.628s] INFO:colcon.colcon_core.shell:Creating environment hook '/home/kazusa/kazusa/install/custom_msgs/share/custom_msgs/hook/cmake_prefix_path.sh'
[0.628s] Level 1:colcon.colcon_core.environment:checking '/home/kazusa/kazusa/install/custom_msgs/lib'
[0.628s] Level 1:colcon.colcon_core.shell:create_environment_hook('custom_msgs', 'ld_library_path_lib')
[0.629s] INFO:colcon.colcon_core.shell:Creating environment hook '/home/kazusa/kazusa/install/custom_msgs/share/custom_msgs/hook/ld_library_path_lib.ps1'
[0.629s] INFO:colcon.colcon_core.shell:Creating environment descriptor '/home/kazusa/kazusa/install/custom_msgs/share/custom_msgs/hook/ld_library_path_lib.dsv'
[0.629s] INFO:colcon.colcon_core.shell:Creating environment hook '/home/kazusa/kazusa/install/custom_msgs/share/custom_msgs/hook/ld_library_path_lib.sh'
[0.629s] Level 1:colcon.colcon_core.environment:checking '/home/kazusa/kazusa/install/custom_msgs/bin'
[0.629s] Level 1:colcon.colcon_core.environment:checking '/home/kazusa/kazusa/install/custom_msgs/lib/pkgconfig/custom_msgs.pc'
[0.629s] Level 1:colcon.colcon_core.environment:checking '/home/kazusa/kazusa/install/custom_msgs/lib/python3.12/site-packages'
[0.629s] Level 1:colcon.colcon_core.shell:create_environment_hook('custom_msgs', 'pythonpath')
[0.629s] INFO:colcon.colcon_core.shell:Creating environment hook '/home/kazusa/kazusa/install/custom_msgs/share/custom_msgs/hook/pythonpath.ps1'
[0.630s] INFO:colcon.colcon_core.shell:Creating environment descriptor '/home/kazusa/kazusa/install/custom_msgs/share/custom_msgs/hook/pythonpath.dsv'
[0.630s] INFO:colcon.colcon_core.shell:Creating environment hook '/home/kazusa/kazusa/install/custom_msgs/share/custom_msgs/hook/pythonpath.sh'
[0.630s] Level 1:colcon.colcon_core.environment:checking '/home/kazusa/kazusa/install/custom_msgs/bin'
[0.630s] INFO:colcon.colcon_core.shell:Creating package script '/home/kazusa/kazusa/install/custom_msgs/share/custom_msgs/package.ps1'
[0.631s] INFO:colcon.colcon_core.shell:Creating package descriptor '/home/kazusa/kazusa/install/custom_msgs/share/custom_msgs/package.dsv'
[0.631s] INFO:colcon.colcon_core.shell:Creating package script '/home/kazusa/kazusa/install/custom_msgs/share/custom_msgs/package.sh'
[0.631s] INFO:colcon.colcon_core.shell:Creating package script '/home/kazusa/kazusa/install/custom_msgs/share/custom_msgs/package.bash'
[0.631s] INFO:colcon.colcon_core.shell:Creating package script '/home/kazusa/kazusa/install/custom_msgs/share/custom_msgs/package.zsh'
[0.632s] Level 1:colcon.colcon_core.environment:create_file_with_runtime_dependencies(/home/kazusa/kazusa/install/custom_msgs/share/colcon-core/packages/custom_msgs)
[0.632s] INFO:colcon.colcon_ros.task.ament_cmake.build:Building ROS package in '/home/kazusa/kazusa/ver0/esp_agent' with build type 'ament_cmake'
[0.632s] INFO:colcon.colcon_cmake.task.cmake.build:Building CMake package in '/home/kazusa/kazusa/ver0/esp_agent'
[0.632s] INFO:colcon.colcon_core.shell:Skip shell extension 'powershell' for command environment: Not usable outside of PowerShell
[0.632s] DEBUG:colcon.colcon_core.shell:Skip shell extension 'dsv' for command environment
[0.636s] INFO:colcon.colcon_ros.task.ament_cmake.build:Building ROS package in '/home/kazusa/kazusa/ver0/mast' with build type 'ament_cmake'
[0.636s] INFO:colcon.colcon_cmake.task.cmake.build:Building CMake package in '/home/kazusa/kazusa/ver0/mast'
[0.636s] INFO:colcon.colcon_core.shell:Skip shell extension 'powershell' for command environment: Not usable outside of PowerShell
[0.636s] DEBUG:colcon.colcon_core.shell:Skip shell extension 'dsv' for command environment
[0.642s] DEBUG:colcon.colcon_core.event_handler.log_command:Invoking command in '/home/kazusa/kazusa/build/controller_src': CMAKE_PREFIX_PATH=/home/kazusa/kazusa/install/controller:/home/kazusa/kazusa/install/my_cart2:/home/kazusa/kazusa/install/mola_conf:/home/kazusa/kazusa/install/mast:/home/kazusa/kazusa/install/launcher:/home/kazusa/kazusa/install/esp_agent:/home/kazusa/kazusa/install/custom_msgs:/home/kazusa/kazusa/install/controller_src:/home/kazusa/kazusa/install/amcl_config:/home/kazusa/ros2_deps_ws/install/emcl2:/opt/ros/jazzy/opt/gz_sim_vendor:/opt/ros/jazzy/opt/gz_sensors_vendor:/opt/ros/jazzy/opt/gz_physics_vendor:/opt/ros/jazzy/opt/sdformat_vendor:/opt/ros/jazzy/opt/gz_gui_vendor:/opt/ros/jazzy/opt/gz_transport_vendor:/opt/ros/jazzy/opt/gz_rendering_vendor:/opt/ros/jazzy/opt/gz_plugin_vendor:/opt/ros/jazzy/opt/gz_fuel_tools_vendor:/opt/ros/jazzy/opt/gz_msgs_vendor:/opt/ros/jazzy/opt/gz_common_vendor:/opt/ros/jazzy/opt/gz_math_vendor:/opt/ros/jazzy/opt/gz_utils_vendor:/opt/ros/jazzy/opt/gz_tools_vendor:/opt/ros/jazzy/opt/gz_ogre_next_vendor:/opt/ros/jazzy/opt/gz_dartsim_vendor:/opt/ros/jazzy/opt/gz_cmake_vendor:/opt/ros/jazzy DEBUGINFOD_URLS=https://debuginfod.ubuntu.com LD_LIBRARY_PATH=/home/kazusa/kazusa/install/controller/lib:/home/kazusa/kazusa/install/custom_msgs/lib:/opt/ros/jazzy/opt/gz_sim_vendor/lib:/opt/ros/jazzy/opt/gz_sensors_vendor/lib:/opt/ros/jazzy/opt/gz_physics_vendor/lib:/opt/ros/jazzy/opt/sdformat_vendor/lib:/opt/ros/jazzy/opt/rviz_ogre_vendor/lib:/opt/ros/jazzy/lib/x86_64-linux-gnu:/opt/ros/jazzy/opt/gz_gui_vendor/lib:/opt/ros/jazzy/opt/gz_transport_vendor/lib:/opt/ros/jazzy/opt/gz_rendering_vendor/lib:/opt/ros/jazzy/opt/gz_plugin_vendor/lib:/opt/ros/jazzy/opt/gz_fuel_tools_vendor/lib:/opt/ros/jazzy/opt/gz_msgs_vendor/lib:/opt/ros/jazzy/opt/gz_common_vendor/lib:/opt/ros/jazzy/opt/gz_math_vendor/lib:/opt/ros/jazzy/opt/gz_utils_vendor/lib:/opt/ros/jazzy/opt/gz_tools_vendor/lib:/opt/ros/jazzy/opt/gz_ogre_next_vendor/lib:/opt/ros/jazzy/opt/gz_dartsim_vendor/lib:/opt/ros/jazzy/opt/gz_cmake_vendor/lib:/opt/ros/jazzy/lib PYTHONPATH=/home/kazusa/kazusa/install/controller/lib/python3.12/site-packages:/home/kazusa/kazusa/install/custom_msgs/lib/python3.12/site-packages:/opt/ros/jazzy/lib/python3.12/site-packages /usr/bin/cmake --build /home/kazusa/kazusa/build/controller_src -- -j12 -l12
[0.644s] DEBUG:colcon.colcon_core.event_handler.log_command:Invoking command in '/home/kazusa/kazusa/build/esp_agent': CMAKE_PREFIX_PATH=/home/kazusa/kazusa/install/custom_msgs:/home/kazusa/kazusa/install/my_cart2:/home/kazusa/kazusa/install/mola_conf:/home/kazusa/kazusa/install/mast:/home/kazusa/kazusa/install/launcher:/home/kazusa/kazusa/install/esp_agent:/home/kazusa/kazusa/install/controller_src:/home/kazusa/kazusa/install/controller:/home/kazusa/kazusa/install/amcl_config:/home/kazusa/ros2_deps_ws/install/emcl2:/opt/ros/jazzy/opt/gz_sim_vendor:/opt/ros/jazzy/opt/gz_sensors_vendor:/opt/ros/jazzy/opt/gz_physics_vendor:/opt/ros/jazzy/opt/sdformat_vendor:/opt/ros/jazzy/opt/gz_gui_vendor:/opt/ros/jazzy/opt/gz_transport_vendor:/opt/ros/jazzy/opt/gz_rendering_vendor:/opt/ros/jazzy/opt/gz_plugin_vendor:/opt/ros/jazzy/opt/gz_fuel_tools_vendor:/opt/ros/jazzy/opt/gz_msgs_vendor:/opt/ros/jazzy/opt/gz_common_vendor:/opt/ros/jazzy/opt/gz_math_vendor:/opt/ros/jazzy/opt/gz_utils_vendor:/opt/ros/jazzy/opt/gz_tools_vendor:/opt/ros/jazzy/opt/gz_ogre_next_vendor:/opt/ros/jazzy/opt/gz_dartsim_vendor:/opt/ros/jazzy/opt/gz_cmake_vendor:/opt/ros/jazzy DEBUGINFOD_URLS=https://debuginfod.ubuntu.com /usr/bin/cmake --build /home/kazusa/kazusa/build/esp_agent -- -j12 -l12
[0.648s] DEBUG:colcon.colcon_core.event_handler.log_command:Invoking command in '/home/kazusa/kazusa/build/mast': CMAKE_PREFIX_PATH=/home/kazusa/kazusa/install/custom_msgs:/home/kazusa/kazusa/install/controller:/home/kazusa/kazusa/install/my_cart2:/home/kazusa/kazusa/install/mola_conf:/home/kazusa/kazusa/install/mast:/home/kazusa/kazusa/install/launcher:/home/kazusa/kazusa/install/esp_agent:/home/kazusa/kazusa/install/controller_src:/home/kazusa/kazusa/install/amcl_config:/home/kazusa/ros2_deps_ws/install/emcl2:/opt/ros/jazzy/opt/gz_sim_vendor:/opt/ros/jazzy/opt/gz_sensors_vendor:/opt/ros/jazzy/opt/gz_physics_vendor:/opt/ros/jazzy/opt/sdformat_vendor:/opt/ros/jazzy/opt/gz_gui_vendor:/opt/ros/jazzy/opt/gz_transport_vendor:/opt/ros/jazzy/opt/gz_rendering_vendor:/opt/ros/jazzy/opt/gz_plugin_vendor:/opt/ros/jazzy/opt/gz_fuel_tools_vendor:/opt/ros/jazzy/opt/gz_msgs_vendor:/opt/ros/jazzy/opt/gz_common_vendor:/opt/ros/jazzy/opt/gz_math_vendor:/opt/ros/jazzy/opt/gz_utils_vendor:/opt/ros/jazzy/opt/gz_tools_vendor:/opt/ros/jazzy/opt/gz_ogre_next_vendor:/opt/ros/jazzy/opt/gz_dartsim_vendor:/opt/ros/jazzy/opt/gz_cmake_vendor:/opt/ros/jazzy DEBUGINFOD_URLS=https://debuginfod.ubuntu.com /usr/bin/cmake --build /home/kazusa/kazusa/build/mast -- -j12 -l12
[0.688s] DEBUG:colcon.colcon_core.event_handler.log_command:Invoked command in '/home/kazusa/kazusa/build/controller_src' returned '0': CMAKE_PREFIX_PATH=/home/kazusa/kazusa/install/controller:/home/kazusa/kazusa/install/my_cart2:/home/kazusa/kazusa/install/mola_conf:/home/kazusa/kazusa/install/mast:/home/kazusa/kazusa/install/launcher:/home/kazusa/kazusa/install/esp_agent:/home/kazusa/kazusa/install/custom_msgs:/home/kazusa/kazusa/install/controller_src:/home/kazusa/kazusa/install/amcl_config:/home/kazusa/ros2_deps_ws/install/emcl2:/opt/ros/jazzy/opt/gz_sim_vendor:/opt/ros/jazzy/opt/gz_sensors_vendor:/opt/ros/jazzy/opt/gz_physics_vendor:/opt/ros/jazzy/opt/sdformat_vendor:/opt/ros/jazzy/opt/gz_gui_vendor:/opt/ros/jazzy/opt/gz_transport_vendor:/opt/ros/jazzy/opt/gz_rendering_vendor:/opt/ros/jazzy/opt/gz_plugin_vendor:/opt/ros/jazzy/opt/gz_fuel_tools_vendor:/opt/ros/jazzy/opt/gz_msgs_vendor:/opt/ros/jazzy/opt/gz_common_vendor:/opt/ros/jazzy/opt/gz_math_vendor:/opt/ros/jazzy/opt/gz_utils_vendor:/opt/ros/jazzy/opt/gz_tools_vendor:/opt/ros/jazzy/opt/gz_ogre_next_vendor:/opt/ros/jazzy/opt/gz_dartsim_vendor:/opt/ros/jazzy/opt/gz_cmake_vendor:/opt/ros/jazzy DEBUGINFOD_URLS=https://debuginfod.ubuntu.com LD_LIBRARY_PATH=/home/kazusa/kazusa/install/controller/lib:/home/kazusa/kazusa/install/custom_msgs/lib:/opt/ros/jazzy/opt/gz_sim_vendor/lib:/opt/ros/jazzy/opt/gz_sensors_vendor/lib:/opt/ros/jazzy/opt/gz_physics_vendor/lib:/opt/ros/jazzy/opt/sdformat_vendor/lib:/opt/ros/jazzy/opt/rviz_ogre_vendor/lib:/opt/ros/jazzy/lib/x86_64-linux-gnu:/opt/ros/jazzy/opt/gz_gui_vendor/lib:/opt/ros/jazzy/opt/gz_transport_vendor/lib:/opt/ros/jazzy/opt/gz_rendering_vendor/lib:/opt/ros/jazzy/opt/gz_plugin_vendor/lib:/opt/ros/jazzy/opt/gz_fuel_tools_vendor/lib:/opt/ros/jazzy/opt/gz_msgs_vendor/lib:/opt/ros/jazzy/opt/gz_common_vendor/lib:/opt/ros/jazzy/opt/gz_math_vendor/lib:/opt/ros/jazzy/opt/gz_utils_vendor/lib:/opt/ros/jazzy/opt/gz_tools_vendor/lib:/opt/ros/jazzy/opt/gz_ogre_next_vendor/lib:/opt/ros/jazzy/opt/gz_dartsim_vendor/lib:/opt/ros/jazzy/opt/gz_cmake_vendor/lib:/opt/ros/jazzy/lib PYTHONPATH=/home/kazusa/kazusa/install/controller/lib/python3.12/site-packages:/home/kazusa/kazusa/install/custom_msgs/lib/python3.12/site-packages:/opt/ros/jazzy/lib/python3.12/site-packages /usr/bin/cmake --build /home/kazusa/kazusa/build/controller_src -- -j12 -l12
[0.689s] DEBUG:colcon.colcon_core.event_handler.log_command:Invoking command in '/home/kazusa/kazusa/build/controller_src': CMAKE_PREFIX_PATH=/home/kazusa/kazusa/install/controller:/home/kazusa/kazusa/install/my_cart2:/home/kazusa/kazusa/install/mola_conf:/home/kazusa/kazusa/install/mast:/home/kazusa/kazusa/install/launcher:/home/kazusa/kazusa/install/esp_agent:/home/kazusa/kazusa/install/custom_msgs:/home/kazusa/kazusa/install/controller_src:/home/kazusa/kazusa/install/amcl_config:/home/kazusa/ros2_deps_ws/install/emcl2:/opt/ros/jazzy/opt/gz_sim_vendor:/opt/ros/jazzy/opt/gz_sensors_vendor:/opt/ros/jazzy/opt/gz_physics_vendor:/opt/ros/jazzy/opt/sdformat_vendor:/opt/ros/jazzy/opt/gz_gui_vendor:/opt/ros/jazzy/opt/gz_transport_vendor:/opt/ros/jazzy/opt/gz_rendering_vendor:/opt/ros/jazzy/opt/gz_plugin_vendor:/opt/ros/jazzy/opt/gz_fuel_tools_vendor:/opt/ros/jazzy/opt/gz_msgs_vendor:/opt/ros/jazzy/opt/gz_common_vendor:/opt/ros/jazzy/opt/gz_math_vendor:/opt/ros/jazzy/opt/gz_utils_vendor:/opt/ros/jazzy/opt/gz_tools_vendor:/opt/ros/jazzy/opt/gz_ogre_next_vendor:/opt/ros/jazzy/opt/gz_dartsim_vendor:/opt/ros/jazzy/opt/gz_cmake_vendor:/opt/ros/jazzy DEBUGINFOD_URLS=https://debuginfod.ubuntu.com LD_LIBRARY_PATH=/home/kazusa/kazusa/install/controller/lib:/home/kazusa/kazusa/install/custom_msgs/lib:/opt/ros/jazzy/opt/gz_sim_vendor/lib:/opt/ros/jazzy/opt/gz_sensors_vendor/lib:/opt/ros/jazzy/opt/gz_physics_vendor/lib:/opt/ros/jazzy/opt/sdformat_vendor/lib:/opt/ros/jazzy/opt/rviz_ogre_vendor/lib:/opt/ros/jazzy/lib/x86_64-linux-gnu:/opt/ros/jazzy/opt/gz_gui_vendor/lib:/opt/ros/jazzy/opt/gz_transport_vendor/lib:/opt/ros/jazzy/opt/gz_rendering_vendor/lib:/opt/ros/jazzy/opt/gz_plugin_vendor/lib:/opt/ros/jazzy/opt/gz_fuel_tools_vendor/lib:/opt/ros/jazzy/opt/gz_msgs_vendor/lib:/opt/ros/jazzy/opt/gz_common_vendor/lib:/opt/ros/jazzy/opt/gz_math_vendor/lib:/opt/ros/jazzy/opt/gz_utils_vendor/lib:/opt/ros/jazzy/opt/gz_tools_vendor/lib:/opt/ros/jazzy/opt/gz_ogre_next_vendor/lib:/opt/ros/jazzy/opt/gz_dartsim_vendor/lib:/opt/ros/jazzy/opt/gz_cmake_vendor/lib:/opt/ros/jazzy/lib PYTHONPATH=/home/kazusa/kazusa/install/controller/lib/python3.12/site-packages:/home/kazusa/kazusa/install/custom_msgs/lib/python3.12/site-packages:/opt/ros/jazzy/lib/python3.12/site-packages /usr/bin/cmake --install /home/kazusa/kazusa/build/controller_src
[0.702s] Level 1:colcon.colcon_core.environment:create_environment_scripts_only(controller_src)
[0.703s] Level 1:colcon.colcon_core.environment:checking '/home/kazusa/kazusa/install/controller_src' for CMake module files
[0.703s] DEBUG:colcon.colcon_core.event_handler.log_command:Invoked command in '/home/kazusa/kazusa/build/controller_src' returned '0': CMAKE_PREFIX_PATH=/home/kazusa/kazusa/install/controller:/home/kazusa/kazusa/install/my_cart2:/home/kazusa/kazusa/install/mola_conf:/home/kazusa/kazusa/install/mast:/home/kazusa/kazusa/install/launcher:/home/kazusa/kazusa/install/esp_agent:/home/kazusa/kazusa/install/custom_msgs:/home/kazusa/kazusa/install/controller_src:/home/kazusa/kazusa/install/amcl_config:/home/kazusa/ros2_deps_ws/install/emcl2:/opt/ros/jazzy/opt/gz_sim_vendor:/opt/ros/jazzy/opt/gz_sensors_vendor:/opt/ros/jazzy/opt/gz_physics_vendor:/opt/ros/jazzy/opt/sdformat_vendor:/opt/ros/jazzy/opt/gz_gui_vendor:/opt/ros/jazzy/opt/gz_transport_vendor:/opt/ros/jazzy/opt/gz_rendering_vendor:/opt/ros/jazzy/opt/gz_plugin_vendor:/opt/ros/jazzy/opt/gz_fuel_tools_vendor:/opt/ros/jazzy/opt/gz_msgs_vendor:/opt/ros/jazzy/opt/gz_common_vendor:/opt/ros/jazzy/opt/gz_math_vendor:/opt/ros/jazzy/opt/gz_utils_vendor:/opt/ros/jazzy/opt/gz_tools_vendor:/opt/ros/jazzy/opt/gz_ogre_next_vendor:/opt/ros/jazzy/opt/gz_dartsim_vendor:/opt/ros/jazzy/opt/gz_cmake_vendor:/opt/ros/jazzy DEBUGINFOD_URLS=https://debuginfod.ubuntu.com LD_LIBRARY_PATH=/home/kazusa/kazusa/install/controller/lib:/home/kazusa/kazusa/install/custom_msgs/lib:/opt/ros/jazzy/opt/gz_sim_vendor/lib:/opt/ros/jazzy/opt/gz_sensors_vendor/lib:/opt/ros/jazzy/opt/gz_physics_vendor/lib:/opt/ros/jazzy/opt/sdformat_vendor/lib:/opt/ros/jazzy/opt/rviz_ogre_vendor/lib:/opt/ros/jazzy/lib/x86_64-linux-gnu:/opt/ros/jazzy/opt/gz_gui_vendor/lib:/opt/ros/jazzy/opt/gz_transport_vendor/lib:/opt/ros/jazzy/opt/gz_rendering_vendor/lib:/opt/ros/jazzy/opt/gz_plugin_vendor/lib:/opt/ros/jazzy/opt/gz_fuel_tools_vendor/lib:/opt/ros/jazzy/opt/gz_msgs_vendor/lib:/opt/ros/jazzy/opt/gz_common_vendor/lib:/opt/ros/jazzy/opt/gz_math_vendor/lib:/opt/ros/jazzy/opt/gz_utils_vendor/lib:/opt/ros/jazzy/opt/gz_tools_vendor/lib:/opt/ros/jazzy/opt/gz_ogre_next_vendor/lib:/opt/ros/jazzy/opt/gz_dartsim_vendor/lib:/opt/ros/jazzy/opt/gz_cmake_vendor/lib:/opt/ros/jazzy/lib PYTHONPATH=/home/kazusa/kazusa/install/controller/lib/python3.12/site-packages:/home/kazusa/kazusa/install/custom_msgs/lib/python3.12/site-packages:/opt/ros/jazzy/lib/python3.12/site-packages /usr/bin/cmake --install /home/kazusa/kazusa/build/controller_src
[0.704s] Level 1:colcon.colcon_core.environment:checking '/home/kazusa/kazusa/install/controller_src' for CMake config files
[0.704s] Level 1:colcon.colcon_core.shell:create_environment_hook('controller_src', 'cmake_prefix_path')
[0.704s] INFO:colcon.colcon_core.shell:Creating environment hook '/home/kazusa/kazusa/install/controller_src/share/controller_src/hook/cmake_prefix_path.ps1'
[0.704s] INFO:colcon.colcon_core.shell:Creating environment descriptor '/home/kazusa/kazusa/install/controller_src/share/controller_src/hook/cmake_prefix_path.dsv'
[0.705s] INFO:colcon.colcon_core.shell:Creating environment hook '/home/kazusa/kazusa/install/controller_src/share/controller_src/hook/cmake_prefix_path.sh'
[0.705s] Level 1:colcon.colcon_core.environment:checking '/home/kazusa/kazusa/install/controller_src/lib'
[0.705s] Level 1:colcon.colcon_core.environment:checking '/home/kazusa/kazusa/install/controller_src/bin'
[0.705s] Level 1:colcon.colcon_core.environment:checking '/home/kazusa/kazusa/install/controller_src/lib/pkgconfig/controller_src.pc'
[0.705s] Level 1:colcon.colcon_core.environment:checking '/home/kazusa/kazusa/install/controller_src/lib/python3.12/site-packages'
[0.706s] Level 1:colcon.colcon_core.environment:checking '/home/kazusa/kazusa/install/controller_src/bin'
[0.706s] INFO:colcon.colcon_core.shell:Creating package script '/home/kazusa/kazusa/install/controller_src/share/controller_src/package.ps1'
[0.707s] INFO:colcon.colcon_core.shell:Creating package descriptor '/home/kazusa/kazusa/install/controller_src/share/controller_src/package.dsv'
[0.707s] INFO:colcon.colcon_core.shell:Creating package script '/home/kazusa/kazusa/install/controller_src/share/controller_src/package.sh'
[0.707s] INFO:colcon.colcon_core.shell:Creating package script '/home/kazusa/kazusa/install/controller_src/share/controller_src/package.bash'
[0.708s] INFO:colcon.colcon_core.shell:Creating package script '/home/kazusa/kazusa/install/controller_src/share/controller_src/package.zsh'
[0.708s] Level 1:colcon.colcon_core.environment:create_file_with_runtime_dependencies(/home/kazusa/kazusa/install/controller_src/share/colcon-core/packages/controller_src)
[0.709s] Level 1:colcon.colcon_core.environment:create_environment_scripts_only(controller_src)
[0.709s] Level 1:colcon.colcon_core.environment:checking '/home/kazusa/kazusa/install/controller_src' for CMake module files
[0.709s] Level 1:colcon.colcon_core.environment:checking '/home/kazusa/kazusa/install/controller_src' for CMake config files
[0.710s] Level 1:colcon.colcon_core.shell:create_environment_hook('controller_src', 'cmake_prefix_path')
[0.710s] INFO:colcon.colcon_core.shell:Creating environment hook '/home/kazusa/kazusa/install/controller_src/share/controller_src/hook/cmake_prefix_path.ps1'
[0.710s] INFO:colcon.colcon_core.shell:Creating environment descriptor '/home/kazusa/kazusa/install/controller_src/share/controller_src/hook/cmake_prefix_path.dsv'
[0.711s] INFO:colcon.colcon_core.shell:Creating environment hook '/home/kazusa/kazusa/install/controller_src/share/controller_src/hook/cmake_prefix_path.sh'
[0.711s] Level 1:colcon.colcon_core.environment:checking '/home/kazusa/kazusa/install/controller_src/lib'
[0.711s] Level 1:colcon.colcon_core.environment:checking '/home/kazusa/kazusa/install/controller_src/bin'
[0.711s] Level 1:colcon.colcon_core.environment:checking '/home/kazusa/kazusa/install/controller_src/lib/pkgconfig/controller_src.pc'
[0.711s] Level 1:colcon.colcon_core.environment:checking '/home/kazusa/kazusa/install/controller_src/lib/python3.12/site-packages'
[0.712s] Level 1:colcon.colcon_core.environment:checking '/home/kazusa/kazusa/install/controller_src/bin'
[0.712s] INFO:colcon.colcon_core.shell:Creating package script '/home/kazusa/kazusa/install/controller_src/share/controller_src/package.ps1'
[0.712s] INFO:colcon.colcon_core.shell:Creating package descriptor '/home/kazusa/kazusa/install/controller_src/share/controller_src/package.dsv'
[0.713s] INFO:colcon.colcon_core.shell:Creating package script '/home/kazusa/kazusa/install/controller_src/share/controller_src/package.sh'
[0.713s] INFO:colcon.colcon_core.shell:Creating package script '/home/kazusa/kazusa/install/controller_src/share/controller_src/package.bash'
[0.714s] INFO:colcon.colcon_core.shell:Creating package script '/home/kazusa/kazusa/install/controller_src/share/controller_src/package.zsh'
[0.714s] Level 1:colcon.colcon_core.environment:create_file_with_runtime_dependencies(/home/kazusa/kazusa/install/controller_src/share/colcon-core/packages/controller_src)
[0.718s] DEBUG:colcon.colcon_core.event_handler.log_command:Invoked command in '/home/kazusa/kazusa/build/esp_agent' returned '0': CMAKE_PREFIX_PATH=/home/kazusa/kazusa/install/custom_msgs:/home/kazusa/kazusa/install/my_cart2:/home/kazusa/kazusa/install/mola_conf:/home/kazusa/kazusa/install/mast:/home/kazusa/kazusa/install/launcher:/home/kazusa/kazusa/install/esp_agent:/home/kazusa/kazusa/install/controller_src:/home/kazusa/kazusa/install/controller:/home/kazusa/kazusa/install/amcl_config:/home/kazusa/ros2_deps_ws/install/emcl2:/opt/ros/jazzy/opt/gz_sim_vendor:/opt/ros/jazzy/opt/gz_sensors_vendor:/opt/ros/jazzy/opt/gz_physics_vendor:/opt/ros/jazzy/opt/sdformat_vendor:/opt/ros/jazzy/opt/gz_gui_vendor:/opt/ros/jazzy/opt/gz_transport_vendor:/opt/ros/jazzy/opt/gz_rendering_vendor:/opt/ros/jazzy/opt/gz_plugin_vendor:/opt/ros/jazzy/opt/gz_fuel_tools_vendor:/opt/ros/jazzy/opt/gz_msgs_vendor:/opt/ros/jazzy/opt/gz_common_vendor:/opt/ros/jazzy/opt/gz_math_vendor:/opt/ros/jazzy/opt/gz_utils_vendor:/opt/ros/jazzy/opt/gz_tools_vendor:/opt/ros/jazzy/opt/gz_ogre_next_vendor:/opt/ros/jazzy/opt/gz_dartsim_vendor:/opt/ros/jazzy/opt/gz_cmake_vendor:/opt/ros/jazzy DEBUGINFOD_URLS=https://debuginfod.ubuntu.com /usr/bin/cmake --build /home/kazusa/kazusa/build/esp_agent -- -j12 -l12
[0.719s] DEBUG:colcon.colcon_core.event_handler.log_command:Invoking command in '/home/kazusa/kazusa/build/esp_agent': CMAKE_PREFIX_PATH=/home/kazusa/kazusa/install/custom_msgs:/home/kazusa/kazusa/install/my_cart2:/home/kazusa/kazusa/install/mola_conf:/home/kazusa/kazusa/install/mast:/home/kazusa/kazusa/install/launcher:/home/kazusa/kazusa/install/esp_agent:/home/kazusa/kazusa/install/controller_src:/home/kazusa/kazusa/install/controller:/home/kazusa/kazusa/install/amcl_config:/home/kazusa/ros2_deps_ws/install/emcl2:/opt/ros/jazzy/opt/gz_sim_vendor:/opt/ros/jazzy/opt/gz_sensors_vendor:/opt/ros/jazzy/opt/gz_physics_vendor:/opt/ros/jazzy/opt/sdformat_vendor:/opt/ros/jazzy/opt/gz_gui_vendor:/opt/ros/jazzy/opt/gz_transport_vendor:/opt/ros/jazzy/opt/gz_rendering_vendor:/opt/ros/jazzy/opt/gz_plugin_vendor:/opt/ros/jazzy/opt/gz_fuel_tools_vendor:/opt/ros/jazzy/opt/gz_msgs_vendor:/opt/ros/jazzy/opt/gz_common_vendor:/opt/ros/jazzy/opt/gz_math_vendor:/opt/ros/jazzy/opt/gz_utils_vendor:/opt/ros/jazzy/opt/gz_tools_vendor:/opt/ros/jazzy/opt/gz_ogre_next_vendor:/opt/ros/jazzy/opt/gz_dartsim_vendor:/opt/ros/jazzy/opt/gz_cmake_vendor:/opt/ros/jazzy DEBUGINFOD_URLS=https://debuginfod.ubuntu.com /usr/bin/cmake --install /home/kazusa/kazusa/build/esp_agent
[0.732s] Level 1:colcon.colcon_core.environment:create_environment_scripts_only(esp_agent)
[0.733s] Level 1:colcon.colcon_core.environment:checking '/home/kazusa/kazusa/install/esp_agent' for CMake module files
[0.733s] DEBUG:colcon.colcon_core.event_handler.log_command:Invoked command in '/home/kazusa/kazusa/build/esp_agent' returned '0': CMAKE_PREFIX_PATH=/home/kazusa/kazusa/install/custom_msgs:/home/kazusa/kazusa/install/my_cart2:/home/kazusa/kazusa/install/mola_conf:/home/kazusa/kazusa/install/mast:/home/kazusa/kazusa/install/launcher:/home/kazusa/kazusa/install/esp_agent:/home/kazusa/kazusa/install/controller_src:/home/kazusa/kazusa/install/controller:/home/kazusa/kazusa/install/amcl_config:/home/kazusa/ros2_deps_ws/install/emcl2:/opt/ros/jazzy/opt/gz_sim_vendor:/opt/ros/jazzy/opt/gz_sensors_vendor:/opt/ros/jazzy/opt/gz_physics_vendor:/opt/ros/jazzy/opt/sdformat_vendor:/opt/ros/jazzy/opt/gz_gui_vendor:/opt/ros/jazzy/opt/gz_transport_vendor:/opt/ros/jazzy/opt/gz_rendering_vendor:/opt/ros/jazzy/opt/gz_plugin_vendor:/opt/ros/jazzy/opt/gz_fuel_tools_vendor:/opt/ros/jazzy/opt/gz_msgs_vendor:/opt/ros/jazzy/opt/gz_common_vendor:/opt/ros/jazzy/opt/gz_math_vendor:/opt/ros/jazzy/opt/gz_utils_vendor:/opt/ros/jazzy/opt/gz_tools_vendor:/opt/ros/jazzy/opt/gz_ogre_next_vendor:/opt/ros/jazzy/opt/gz_dartsim_vendor:/opt/ros/jazzy/opt/gz_cmake_vendor:/opt/ros/jazzy DEBUGINFOD_URLS=https://debuginfod.ubuntu.com /usr/bin/cmake --install /home/kazusa/kazusa/build/esp_agent
[0.733s] Level 1:colcon.colcon_core.environment:checking '/home/kazusa/kazusa/install/esp_agent' for CMake config files
[0.733s] Level 1:colcon.colcon_core.shell:create_environment_hook('esp_agent', 'cmake_prefix_path')
[0.733s] INFO:colcon.colcon_core.shell:Creating environment hook '/home/kazusa/kazusa/install/esp_agent/share/esp_agent/hook/cmake_prefix_path.ps1'
[0.734s] INFO:colcon.colcon_core.shell:Creating environment descriptor '/home/kazusa/kazusa/install/esp_agent/share/esp_agent/hook/cmake_prefix_path.dsv'
[0.734s] INFO:colcon.colcon_core.shell:Creating environment hook '/home/kazusa/kazusa/install/esp_agent/share/esp_agent/hook/cmake_prefix_path.sh'
[0.734s] Level 1:colcon.colcon_core.environment:checking '/home/kazusa/kazusa/install/esp_agent/lib'
[0.734s] Level 1:colcon.colcon_core.environment:checking '/home/kazusa/kazusa/install/esp_agent/bin'
[0.734s] Level 1:colcon.colcon_core.environment:checking '/home/kazusa/kazusa/install/esp_agent/lib/pkgconfig/esp_agent.pc'
[0.734s] Level 1:colcon.colcon_core.environment:checking '/home/kazusa/kazusa/install/esp_agent/lib/python3.12/site-packages'
[0.735s] Level 1:colcon.colcon_core.environment:checking '/home/kazusa/kazusa/install/esp_agent/bin'
[0.735s] INFO:colcon.colcon_core.shell:Creating package script '/home/kazusa/kazusa/install/esp_agent/share/esp_agent/package.ps1'
[0.735s] INFO:colcon.colcon_core.shell:Creating package descriptor '/home/kazusa/kazusa/install/esp_agent/share/esp_agent/package.dsv'
[0.735s] INFO:colcon.colcon_core.shell:Creating package script '/home/kazusa/kazusa/install/esp_agent/share/esp_agent/package.sh'
[0.735s] INFO:colcon.colcon_core.shell:Creating package script '/home/kazusa/kazusa/install/esp_agent/share/esp_agent/package.bash'
[0.736s] INFO:colcon.colcon_core.shell:Creating package script '/home/kazusa/kazusa/install/esp_agent/share/esp_agent/package.zsh'
[0.736s] Level 1:colcon.colcon_core.environment:create_file_with_runtime_dependencies(/home/kazusa/kazusa/install/esp_agent/share/colcon-core/packages/esp_agent)
[0.736s] Level 1:colcon.colcon_core.environment:create_environment_scripts_only(esp_agent)
[0.736s] Level 1:colcon.colcon_core.environment:checking '/home/kazusa/kazusa/install/esp_agent' for CMake module files
[0.737s] Level 1:colcon.colcon_core.environment:checking '/home/kazusa/kazusa/install/esp_agent' for CMake config files
[0.737s] Level 1:colcon.colcon_core.shell:create_environment_hook('esp_agent', 'cmake_prefix_path')
[0.737s] INFO:colcon.colcon_core.shell:Creating environment hook '/home/kazusa/kazusa/install/esp_agent/share/esp_agent/hook/cmake_prefix_path.ps1'
[0.737s] INFO:colcon.colcon_core.shell:Creating environment descriptor '/home/kazusa/kazusa/install/esp_agent/share/esp_agent/hook/cmake_prefix_path.dsv'
[0.737s] INFO:colcon.colcon_core.shell:Creating environment hook '/home/kazusa/kazusa/install/esp_agent/share/esp_agent/hook/cmake_prefix_path.sh'
[0.738s] Level 1:colcon.colcon_core.environment:checking '/home/kazusa/kazusa/install/esp_agent/lib'
[0.738s] Level 1:colcon.colcon_core.environment:checking '/home/kazusa/kazusa/install/esp_agent/bin'
[0.738s] Level 1:colcon.colcon_core.environment:checking '/home/kazusa/kazusa/install/esp_agent/lib/pkgconfig/esp_agent.pc'
[0.738s] Level 1:colcon.colcon_core.environment:checking '/home/kazusa/kazusa/install/esp_agent/lib/python3.12/site-packages'
[0.738s] Level 1:colcon.colcon_core.environment:checking '/home/kazusa/kazusa/install/esp_agent/bin'
[0.738s] INFO:colcon.colcon_core.shell:Creating package script '/home/kazusa/kazusa/install/esp_agent/share/esp_agent/package.ps1'
[0.738s] INFO:colcon.colcon_core.shell:Creating package descriptor '/home/kazusa/kazusa/install/esp_agent/share/esp_agent/package.dsv'
[0.739s] INFO:colcon.colcon_core.shell:Creating package script '/home/kazusa/kazusa/install/esp_agent/share/esp_agent/package.sh'
[0.739s] INFO:colcon.colcon_core.shell:Creating package script '/home/kazusa/kazusa/install/esp_agent/share/esp_agent/package.bash'
[0.739s] INFO:colcon.colcon_core.shell:Creating package script '/home/kazusa/kazusa/install/esp_agent/share/esp_agent/package.zsh'
[0.739s] Level 1:colcon.colcon_core.environment:create_file_with_runtime_dependencies(/home/kazusa/kazusa/install/esp_agent/share/colcon-core/packages/esp_agent)
[9.954s] DEBUG:colcon.colcon_core.event_handler.log_command:Invoked command in '/home/kazusa/kazusa/build/mast' returned '0': CMAKE_PREFIX_PATH=/home/kazusa/kazusa/install/custom_msgs:/home/kazusa/kazusa/install/controller:/home/kazusa/kazusa/install/my_cart2:/home/kazusa/kazusa/install/mola_conf:/home/kazusa/kazusa/install/mast:/home/kazusa/kazusa/install/launcher:/home/kazusa/kazusa/install/esp_agent:/home/kazusa/kazusa/install/controller_src:/home/kazusa/kazusa/install/amcl_config:/home/kazusa/ros2_deps_ws/install/emcl2:/opt/ros/jazzy/opt/gz_sim_vendor:/opt/ros/jazzy/opt/gz_sensors_vendor:/opt/ros/jazzy/opt/gz_physics_vendor:/opt/ros/jazzy/opt/sdformat_vendor:/opt/ros/jazzy/opt/gz_gui_vendor:/opt/ros/jazzy/opt/gz_transport_vendor:/opt/ros/jazzy/opt/gz_rendering_vendor:/opt/ros/jazzy/opt/gz_plugin_vendor:/opt/ros/jazzy/opt/gz_fuel_tools_vendor:/opt/ros/jazzy/opt/gz_msgs_vendor:/opt/ros/jazzy/opt/gz_common_vendor:/opt/ros/jazzy/opt/gz_math_vendor:/opt/ros/jazzy/opt/gz_utils_vendor:/opt/ros/jazzy/opt/gz_tools_vendor:/opt/ros/jazzy/opt/gz_ogre_next_vendor:/opt/ros/jazzy/opt/gz_dartsim_vendor:/opt/ros/jazzy/opt/gz_cmake_vendor:/opt/ros/jazzy DEBUGINFOD_URLS=https://debuginfod.ubuntu.com /usr/bin/cmake --build /home/kazusa/kazusa/build/mast -- -j12 -l12
[9.955s] DEBUG:colcon.colcon_core.event_handler.log_command:Invoking command in '/home/kazusa/kazusa/build/mast': CMAKE_PREFIX_PATH=/home/kazusa/kazusa/install/custom_msgs:/home/kazusa/kazusa/install/controller:/home/kazusa/kazusa/install/my_cart2:/home/kazusa/kazusa/install/mola_conf:/home/kazusa/kazusa/install/mast:/home/kazusa/kazusa/install/launcher:/home/kazusa/kazusa/install/esp_agent:/home/kazusa/kazusa/install/controller_src:/home/kazusa/kazusa/install/amcl_config:/home/kazusa/ros2_deps_ws/install/emcl2:/opt/ros/jazzy/opt/gz_sim_vendor:/opt/ros/jazzy/opt/gz_sensors_vendor:/opt/ros/jazzy/opt/gz_physics_vendor:/opt/ros/jazzy/opt/sdformat_vendor:/opt/ros/jazzy/opt/gz_gui_vendor:/opt/ros/jazzy/opt/gz_transport_vendor:/opt/ros/jazzy/opt/gz_rendering_vendor:/opt/ros/jazzy/opt/gz_plugin_vendor:/opt/ros/jazzy/opt/gz_fuel_tools_vendor:/opt/ros/jazzy/opt/gz_msgs_vendor:/opt/ros/jazzy/opt/gz_common_vendor:/opt/ros/jazzy/opt/gz_math_vendor:/opt/ros/jazzy/opt/gz_utils_vendor:/opt/ros/jazzy/opt/gz_tools_vendor:/opt/ros/jazzy/opt/gz_ogre_next_vendor:/opt/ros/jazzy/opt/gz_dartsim_vendor:/opt/ros/jazzy/opt/gz_cmake_vendor:/opt/ros/jazzy DEBUGINFOD_URLS=https://debuginfod.ubuntu.com /usr/bin/cmake --install /home/kazusa/kazusa/build/mast
[9.974s] Level 1:colcon.colcon_core.environment:create_environment_scripts_only(mast)
[9.974s] Level 1:colcon.colcon_core.environment:checking '/home/kazusa/kazusa/install/mast' for CMake module files
[9.974s] DEBUG:colcon.colcon_core.event_handler.log_command:Invoked command in '/home/kazusa/kazusa/build/mast' returned '0': CMAKE_PREFIX_PATH=/home/kazusa/kazusa/install/custom_msgs:/home/kazusa/kazusa/install/controller:/home/kazusa/kazusa/install/my_cart2:/home/kazusa/kazusa/install/mola_conf:/home/kazusa/kazusa/install/mast:/home/kazusa/kazusa/install/launcher:/home/kazusa/kazusa/install/esp_agent:/home/kazusa/kazusa/install/controller_src:/home/kazusa/kazusa/install/amcl_config:/home/kazusa/ros2_deps_ws/install/emcl2:/opt/ros/jazzy/opt/gz_sim_vendor:/opt/ros/jazzy/opt/gz_sensors_vendor:/opt/ros/jazzy/opt/gz_physics_vendor:/opt/ros/jazzy/opt/sdformat_vendor:/opt/ros/jazzy/opt/gz_gui_vendor:/opt/ros/jazzy/opt/gz_transport_vendor:/opt/ros/jazzy/opt/gz_rendering_vendor:/opt/ros/jazzy/opt/gz_plugin_vendor:/opt/ros/jazzy/opt/gz_fuel_tools_vendor:/opt/ros/jazzy/opt/gz_msgs_vendor:/opt/ros/jazzy/opt/gz_common_vendor:/opt/ros/jazzy/opt/gz_math_vendor:/opt/ros/jazzy/opt/gz_utils_vendor:/opt/ros/jazzy/opt/gz_tools_vendor:/opt/ros/jazzy/opt/gz_ogre_next_vendor:/opt/ros/jazzy/opt/gz_dartsim_vendor:/opt/ros/jazzy/opt/gz_cmake_vendor:/opt/ros/jazzy DEBUGINFOD_URLS=https://debuginfod.ubuntu.com /usr/bin/cmake --install /home/kazusa/kazusa/build/mast
[9.975s] Level 1:colcon.colcon_core.environment:checking '/home/kazusa/kazusa/install/mast' for CMake config files
[9.975s] Level 1:colcon.colcon_core.shell:create_environment_hook('mast', 'cmake_prefix_path')
[9.975s] INFO:colcon.colcon_core.shell:Creating environment hook '/home/kazusa/kazusa/install/mast/share/mast/hook/cmake_prefix_path.ps1'
[9.975s] INFO:colcon.colcon_core.shell:Creating environment descriptor '/home/kazusa/kazusa/install/mast/share/mast/hook/cmake_prefix_path.dsv'
[9.975s] INFO:colcon.colcon_core.shell:Creating environment hook '/home/kazusa/kazusa/install/mast/share/mast/hook/cmake_prefix_path.sh'
[9.976s] Level 1:colcon.colcon_core.environment:checking '/home/kazusa/kazusa/install/mast/lib'
[9.976s] Level 1:colcon.colcon_core.environment:checking '/home/kazusa/kazusa/install/mast/bin'
[9.976s] Level 1:colcon.colcon_core.environment:checking '/home/kazusa/kazusa/install/mast/lib/pkgconfig/mast.pc'
[9.976s] Level 1:colcon.colcon_core.environment:checking '/home/kazusa/kazusa/install/mast/lib/python3.12/site-packages'
[9.976s] Level 1:colcon.colcon_core.environment:checking '/home/kazusa/kazusa/install/mast/bin'
[9.976s] INFO:colcon.colcon_core.shell:Creating package script '/home/kazusa/kazusa/install/mast/share/mast/package.ps1'
[9.977s] INFO:colcon.colcon_core.shell:Creating package descriptor '/home/kazusa/kazusa/install/mast/share/mast/package.dsv'
[9.977s] INFO:colcon.colcon_core.shell:Creating package script '/home/kazusa/kazusa/install/mast/share/mast/package.sh'
[9.977s] INFO:colcon.colcon_core.shell:Creating package script '/home/kazusa/kazusa/install/mast/share/mast/package.bash'
[9.977s] INFO:colcon.colcon_core.shell:Creating package script '/home/kazusa/kazusa/install/mast/share/mast/package.zsh'
[9.977s] Level 1:colcon.colcon_core.environment:create_file_with_runtime_dependencies(/home/kazusa/kazusa/install/mast/share/colcon-core/packages/mast)
[9.978s] Level 1:colcon.colcon_core.environment:create_environment_scripts_only(mast)
[9.978s] Level 1:colcon.colcon_core.environment:checking '/home/kazusa/kazusa/install/mast' for CMake module files
[9.978s] Level 1:colcon.colcon_core.environment:checking '/home/kazusa/kazusa/install/mast' for CMake config files
[9.978s] Level 1:colcon.colcon_core.shell:create_environment_hook('mast', 'cmake_prefix_path')
[9.978s] INFO:colcon.colcon_core.shell:Creating environment hook '/home/kazusa/kazusa/install/mast/share/mast/hook/cmake_prefix_path.ps1'
[9.978s] INFO:colcon.colcon_core.shell:Creating environment descriptor '/home/kazusa/kazusa/install/mast/share/mast/hook/cmake_prefix_path.dsv'
[9.979s] INFO:colcon.colcon_core.shell:Creating environment hook '/home/kazusa/kazusa/install/mast/share/mast/hook/cmake_prefix_path.sh'
[9.979s] Level 1:colcon.colcon_core.environment:checking '/home/kazusa/kazusa/install/mast/lib'
[9.979s] Level 1:colcon.colcon_core.environment:checking '/home/kazusa/kazusa/install/mast/bin'
[9.979s] Level 1:colcon.colcon_core.environment:checking '/home/kazusa/kazusa/install/mast/lib/pkgconfig/mast.pc'
[9.979s] Level 1:colcon.colcon_core.environment:checking '/home/kazusa/kazusa/install/mast/lib/python3.12/site-packages'
[9.979s] Level 1:colcon.colcon_core.environment:checking '/home/kazusa/kazusa/install/mast/bin'
[9.979s] INFO:colcon.colcon_core.shell:Creating package script '/home/kazusa/kazusa/install/mast/share/mast/package.ps1'
[9.980s] INFO:colcon.colcon_core.shell:Creating package descriptor '/home/kazusa/kazusa/install/mast/share/mast/package.dsv'
[9.980s] INFO:colcon.colcon_core.shell:Creating package script '/home/kazusa/kazusa/install/mast/share/mast/package.sh'
[9.980s] INFO:colcon.colcon_core.shell:Creating package script '/home/kazusa/kazusa/install/mast/share/mast/package.bash'
[9.980s] INFO:colcon.colcon_core.shell:Creating package script '/home/kazusa/kazusa/install/mast/share/mast/package.zsh'
[9.980s] Level 1:colcon.colcon_core.environment:create_file_with_runtime_dependencies(/home/kazusa/kazusa/install/mast/share/colcon-core/packages/mast)
[9.981s] DEBUG:colcon.colcon_parallel_executor.executor.parallel:closing loop
[9.981s] DEBUG:colcon.colcon_parallel_executor.executor.parallel:loop closed
[9.981s] DEBUG:colcon.colcon_parallel_executor.executor.parallel:run_until_complete finished with '0'
[9.981s] DEBUG:colcon.colcon_core.event_reactor:joining thread
[9.989s] INFO:colcon.colcon_core.plugin_system:Skipping extension 'colcon_notification.desktop_notification.terminal_notifier': Not used on non-Darwin systems
[9.989s] INFO:colcon.colcon_core.plugin_system:Skipping extension 'colcon_notification.desktop_notification.win32': Not used on non-Windows systems
[9.989s] INFO:colcon.colcon_notification.desktop_notification:Sending desktop notification using 'notify2'
[9.998s] DEBUG:colcon.colcon_core.event_reactor:joined thread
[9.998s] INFO:colcon.colcon_core.shell:Creating prefix script '/home/kazusa/kazusa/install/local_setup.ps1'
[9.999s] INFO:colcon.colcon_core.shell:Creating prefix util module '/home/kazusa/kazusa/install/_local_setup_util_ps1.py'
[10.000s] INFO:colcon.colcon_core.shell:Creating prefix chain script '/home/kazusa/kazusa/install/setup.ps1'
[10.002s] INFO:colcon.colcon_core.shell:Creating prefix script '/home/kazusa/kazusa/install/local_setup.sh'
[10.002s] INFO:colcon.colcon_core.shell:Creating prefix util module '/home/kazusa/kazusa/install/_local_setup_util_sh.py'
[10.003s] INFO:colcon.colcon_core.shell:Creating prefix chain script '/home/kazusa/kazusa/install/setup.sh'
[10.003s] INFO:colcon.colcon_core.shell:Creating prefix script '/home/kazusa/kazusa/install/local_setup.bash'
[10.004s] INFO:colcon.colcon_core.shell:Creating prefix chain script '/home/kazusa/kazusa/install/setup.bash'
[10.004s] INFO:colcon.colcon_core.shell:Creating prefix script '/home/kazusa/kazusa/install/local_setup.zsh'
[10.005s] INFO:colcon.colcon_core.shell:Creating prefix chain script '/home/kazusa/kazusa/install/setup.zsh'
