[0.089s] DEBUG:colcon:Command line arguments: ['/usr/bin/colcon', 'build']
[0.089s] DEBUG:colcon:Parsed command line arguments: Namespace(log_base=None, log_level=None, verb_name='build', build_base='build', install_base='install', merge_install=False, symlink_install=False, test_result_base=None, continue_on_error=False, executor='parallel', parallel_workers=12, event_handlers=None, ignore_user_meta=False, metas=['./colcon.meta'], base_paths=['.'], packages_ignore=None, packages_ignore_regex=None, paths=None, packages_up_to=None, packages_up_to_regex=None, packages_above=None, packages_above_and_dependencies=None, packages_above_depth=None, packages_select_by_dep=None, packages_skip_by_dep=None, packages_skip_up_to=None, packages_select_build_failed=False, packages_skip_build_finished=False, packages_select_test_failures=False, packages_skip_test_passed=False, packages_select=None, packages_skip=None, packages_select_regex=None, packages_skip_regex=None, packages_start=None, packages_end=None, allow_overriding=[], cmake_args=None, cmake_target=None, cmake_target_skip_unavailable=False, cmake_clean_cache=False, cmake_clean_first=False, cmake_force_configure=False, ament_cmake_args=None, catkin_cmake_args=None, catkin_skip_building_tests=False, mixin_files=None, mixin=None, verb_parser=<colcon_mixin.mixin.mixin_argument.MixinArgumentDecorator object at 0x7b80b09950d0>, verb_extension=<colcon_core.verb.build.BuildVerb object at 0x7b80b0994cb0>, main=<bound method BuildVerb.main of <colcon_core.verb.build.BuildVerb object at 0x7b80b0994cb0>>, mixin_verb=('build',))
[0.130s] Level 1:colcon.colcon_core.package_discovery:discover_packages(colcon_meta) check parameters
[0.130s] Level 1:colcon.colcon_core.package_discovery:discover_packages(recursive) check parameters
[0.130s] Level 1:colcon.colcon_core.package_discovery:discover_packages(ignore) check parameters
[0.130s] Level 1:colcon.colcon_core.package_discovery:discover_packages(path) check parameters
[0.130s] Level 1:colcon.colcon_core.package_discovery:discover_packages(colcon_meta) discover
[0.130s] Level 1:colcon.colcon_core.package_discovery:discover_packages(recursive) discover
[0.130s] INFO:colcon.colcon_core.package_discovery:Crawling recursively for packages in '/home/kazusa/kazusa'
[0.130s] Level 1:colcon.colcon_core.package_identification:_identify(.) by extensions ['ignore', 'ignore_ament_install']
[0.130s] Level 1:colcon.colcon_core.package_identification:_identify(.) by extension 'ignore'
[0.130s] Level 1:colcon.colcon_core.package_identification:_identify(.) by extension 'ignore_ament_install'
[0.130s] Level 1:colcon.colcon_core.package_identification:_identify(.) by extensions ['colcon_pkg']
[0.130s] Level 1:colcon.colcon_core.package_identification:_identify(.) by extension 'colcon_pkg'
[0.131s] Level 1:colcon.colcon_core.package_identification:_identify(.) by extensions ['colcon_meta']
[0.131s] Level 1:colcon.colcon_core.package_identification:_identify(.) by extension 'colcon_meta'
[0.131s] Level 1:colcon.colcon_core.package_identification:_identify(.) by extensions ['ros']
[0.131s] Level 1:colcon.colcon_core.package_identification:_identify(.) by extension 'ros'
[0.154s] Level 1:colcon.colcon_core.package_identification:_identify(.) by extensions ['cmake', 'python']
[0.154s] Level 1:colcon.colcon_core.package_identification:_identify(.) by extension 'cmake'
[0.154s] Level 1:colcon.colcon_core.package_identification:_identify(.) by extension 'python'
[0.155s] Level 1:colcon.colcon_core.package_identification:_identify(.) by extensions ['python_setup_py']
[0.155s] Level 1:colcon.colcon_core.package_identification:_identify(.) by extension 'python_setup_py'
[0.155s] Level 1:colcon.colcon_core.package_identification:_identify(build) by extensions ['ignore', 'ignore_ament_install']
[0.155s] Level 1:colcon.colcon_core.package_identification:_identify(build) by extension 'ignore'
[0.155s] Level 1:colcon.colcon_core.package_identification:_identify(build) ignored
[0.155s] Level 1:colcon.colcon_core.package_identification:_identify(install) by extensions ['ignore', 'ignore_ament_install']
[0.155s] Level 1:colcon.colcon_core.package_identification:_identify(install) by extension 'ignore'
[0.155s] Level 1:colcon.colcon_core.package_identification:_identify(install) ignored
[0.155s] Level 1:colcon.colcon_core.package_identification:_identify(log) by extensions ['ignore', 'ignore_ament_install']
[0.155s] Level 1:colcon.colcon_core.package_identification:_identify(log) by extension 'ignore'
[0.155s] Level 1:colcon.colcon_core.package_identification:_identify(log) ignored
[0.155s] Level 1:colcon.colcon_core.package_identification:_identify(ver0) by extensions ['ignore', 'ignore_ament_install']
[0.155s] Level 1:colcon.colcon_core.package_identification:_identify(ver0) by extension 'ignore'
[0.155s] Level 1:colcon.colcon_core.package_identification:_identify(ver0) by extension 'ignore_ament_install'
[0.155s] Level 1:colcon.colcon_core.package_identification:_identify(ver0) by extensions ['colcon_pkg']
[0.156s] Level 1:colcon.colcon_core.package_identification:_identify(ver0) by extension 'colcon_pkg'
[0.156s] Level 1:colcon.colcon_core.package_identification:_identify(ver0) by extensions ['colcon_meta']
[0.156s] Level 1:colcon.colcon_core.package_identification:_identify(ver0) by extension 'colcon_meta'
[0.156s] Level 1:colcon.colcon_core.package_identification:_identify(ver0) by extensions ['ros']
[0.156s] Level 1:colcon.colcon_core.package_identification:_identify(ver0) by extension 'ros'
[0.156s] Level 1:colcon.colcon_core.package_identification:_identify(ver0) by extensions ['cmake', 'python']
[0.156s] Level 1:colcon.colcon_core.package_identification:_identify(ver0) by extension 'cmake'
[0.156s] Level 1:colcon.colcon_core.package_identification:_identify(ver0) by extension 'python'
[0.156s] Level 1:colcon.colcon_core.package_identification:_identify(ver0) by extensions ['python_setup_py']
[0.156s] Level 1:colcon.colcon_core.package_identification:_identify(ver0) by extension 'python_setup_py'
[0.156s] Level 1:colcon.colcon_core.package_identification:_identify(ver0/amcl_config) by extensions ['ignore', 'ignore_ament_install']
[0.156s] Level 1:colcon.colcon_core.package_identification:_identify(ver0/amcl_config) by extension 'ignore'
[0.156s] Level 1:colcon.colcon_core.package_identification:_identify(ver0/amcl_config) by extension 'ignore_ament_install'
[0.156s] Level 1:colcon.colcon_core.package_identification:_identify(ver0/amcl_config) by extensions ['colcon_pkg']
[0.156s] Level 1:colcon.colcon_core.package_identification:_identify(ver0/amcl_config) by extension 'colcon_pkg'
[0.156s] Level 1:colcon.colcon_core.package_identification:_identify(ver0/amcl_config) by extensions ['colcon_meta']
[0.156s] Level 1:colcon.colcon_core.package_identification:_identify(ver0/amcl_config) by extension 'colcon_meta'
[0.156s] Level 1:colcon.colcon_core.package_identification:_identify(ver0/amcl_config) by extensions ['ros']
[0.156s] Level 1:colcon.colcon_core.package_identification:_identify(ver0/amcl_config) by extension 'ros'
[0.158s] DEBUG:colcon.colcon_core.package_identification:Package 'ver0/amcl_config' with type 'ros.ament_cmake' and name 'amcl_config'
[0.158s] Level 1:colcon.colcon_core.package_identification:_identify(ver0/controller) by extensions ['ignore', 'ignore_ament_install']
[0.159s] Level 1:colcon.colcon_core.package_identification:_identify(ver0/controller) by extension 'ignore'
[0.159s] Level 1:colcon.colcon_core.package_identification:_identify(ver0/controller) by extension 'ignore_ament_install'
[0.159s] Level 1:colcon.colcon_core.package_identification:_identify(ver0/controller) by extensions ['colcon_pkg']
[0.159s] Level 1:colcon.colcon_core.package_identification:_identify(ver0/controller) by extension 'colcon_pkg'
[0.159s] Level 1:colcon.colcon_core.package_identification:_identify(ver0/controller) by extensions ['colcon_meta']
[0.159s] Level 1:colcon.colcon_core.package_identification:_identify(ver0/controller) by extension 'colcon_meta'
[0.159s] Level 1:colcon.colcon_core.package_identification:_identify(ver0/controller) by extensions ['ros']
[0.159s] Level 1:colcon.colcon_core.package_identification:_identify(ver0/controller) by extension 'ros'
[0.159s] DEBUG:colcon.colcon_core.package_identification:Package 'ver0/controller' with type 'ros.ament_cmake' and name 'controller'
[0.159s] Level 1:colcon.colcon_core.package_identification:_identify(ver0/controller_src) by extensions ['ignore', 'ignore_ament_install']
[0.160s] Level 1:colcon.colcon_core.package_identification:_identify(ver0/controller_src) by extension 'ignore'
[0.160s] Level 1:colcon.colcon_core.package_identification:_identify(ver0/controller_src) by extension 'ignore_ament_install'
[0.160s] Level 1:colcon.colcon_core.package_identification:_identify(ver0/controller_src) by extensions ['colcon_pkg']
[0.160s] Level 1:colcon.colcon_core.package_identification:_identify(ver0/controller_src) by extension 'colcon_pkg'
[0.160s] Level 1:colcon.colcon_core.package_identification:_identify(ver0/controller_src) by extensions ['colcon_meta']
[0.160s] Level 1:colcon.colcon_core.package_identification:_identify(ver0/controller_src) by extension 'colcon_meta'
[0.160s] Level 1:colcon.colcon_core.package_identification:_identify(ver0/controller_src) by extensions ['ros']
[0.160s] Level 1:colcon.colcon_core.package_identification:_identify(ver0/controller_src) by extension 'ros'
[0.160s] DEBUG:colcon.colcon_core.package_identification:Package 'ver0/controller_src' with type 'ros.ament_cmake' and name 'controller_src'
[0.160s] Level 1:colcon.colcon_core.package_identification:_identify(ver0/custom_msgs) by extensions ['ignore', 'ignore_ament_install']
[0.160s] Level 1:colcon.colcon_core.package_identification:_identify(ver0/custom_msgs) by extension 'ignore'
[0.160s] Level 1:colcon.colcon_core.package_identification:_identify(ver0/custom_msgs) by extension 'ignore_ament_install'
[0.160s] Level 1:colcon.colcon_core.package_identification:_identify(ver0/custom_msgs) by extensions ['colcon_pkg']
[0.160s] Level 1:colcon.colcon_core.package_identification:_identify(ver0/custom_msgs) by extension 'colcon_pkg'
[0.160s] Level 1:colcon.colcon_core.package_identification:_identify(ver0/custom_msgs) by extensions ['colcon_meta']
[0.160s] Level 1:colcon.colcon_core.package_identification:_identify(ver0/custom_msgs) by extension 'colcon_meta'
[0.161s] Level 1:colcon.colcon_core.package_identification:_identify(ver0/custom_msgs) by extensions ['ros']
[0.161s] Level 1:colcon.colcon_core.package_identification:_identify(ver0/custom_msgs) by extension 'ros'
[0.161s] DEBUG:colcon.colcon_core.package_identification:Package 'ver0/custom_msgs' with type 'ros.ament_cmake' and name 'custom_msgs'
[0.161s] Level 1:colcon.colcon_core.package_identification:_identify(ver0/esp_agent) by extensions ['ignore', 'ignore_ament_install']
[0.161s] Level 1:colcon.colcon_core.package_identification:_identify(ver0/esp_agent) by extension 'ignore'
[0.161s] Level 1:colcon.colcon_core.package_identification:_identify(ver0/esp_agent) by extension 'ignore_ament_install'
[0.161s] Level 1:colcon.colcon_core.package_identification:_identify(ver0/esp_agent) by extensions ['colcon_pkg']
[0.161s] Level 1:colcon.colcon_core.package_identification:_identify(ver0/esp_agent) by extension 'colcon_pkg'
[0.161s] Level 1:colcon.colcon_core.package_identification:_identify(ver0/esp_agent) by extensions ['colcon_meta']
[0.161s] Level 1:colcon.colcon_core.package_identification:_identify(ver0/esp_agent) by extension 'colcon_meta'
[0.161s] Level 1:colcon.colcon_core.package_identification:_identify(ver0/esp_agent) by extensions ['ros']
[0.161s] Level 1:colcon.colcon_core.package_identification:_identify(ver0/esp_agent) by extension 'ros'
[0.162s] DEBUG:colcon.colcon_core.package_identification:Package 'ver0/esp_agent' with type 'ros.ament_cmake' and name 'esp_agent'
[0.162s] Level 1:colcon.colcon_core.package_identification:_identify(ver0/launcher) by extensions ['ignore', 'ignore_ament_install']
[0.162s] Level 1:colcon.colcon_core.package_identification:_identify(ver0/launcher) by extension 'ignore'
[0.162s] Level 1:colcon.colcon_core.package_identification:_identify(ver0/launcher) by extension 'ignore_ament_install'
[0.162s] Level 1:colcon.colcon_core.package_identification:_identify(ver0/launcher) by extensions ['colcon_pkg']
[0.162s] Level 1:colcon.colcon_core.package_identification:_identify(ver0/launcher) by extension 'colcon_pkg'
[0.162s] Level 1:colcon.colcon_core.package_identification:_identify(ver0/launcher) by extensions ['colcon_meta']
[0.162s] Level 1:colcon.colcon_core.package_identification:_identify(ver0/launcher) by extension 'colcon_meta'
[0.162s] Level 1:colcon.colcon_core.package_identification:_identify(ver0/launcher) by extensions ['ros']
[0.162s] Level 1:colcon.colcon_core.package_identification:_identify(ver0/launcher) by extension 'ros'
[0.162s] DEBUG:colcon.colcon_core.package_identification:Package 'ver0/launcher' with type 'ros.ament_cmake' and name 'launcher'
[0.163s] Level 1:colcon.colcon_core.package_identification:_identify(ver0/mast) by extensions ['ignore', 'ignore_ament_install']
[0.163s] Level 1:colcon.colcon_core.package_identification:_identify(ver0/mast) by extension 'ignore'
[0.163s] Level 1:colcon.colcon_core.package_identification:_identify(ver0/mast) by extension 'ignore_ament_install'
[0.163s] Level 1:colcon.colcon_core.package_identification:_identify(ver0/mast) by extensions ['colcon_pkg']
[0.163s] Level 1:colcon.colcon_core.package_identification:_identify(ver0/mast) by extension 'colcon_pkg'
[0.163s] Level 1:colcon.colcon_core.package_identification:_identify(ver0/mast) by extensions ['colcon_meta']
[0.163s] Level 1:colcon.colcon_core.package_identification:_identify(ver0/mast) by extension 'colcon_meta'
[0.163s] Level 1:colcon.colcon_core.package_identification:_identify(ver0/mast) by extensions ['ros']
[0.163s] Level 1:colcon.colcon_core.package_identification:_identify(ver0/mast) by extension 'ros'
[0.164s] DEBUG:colcon.colcon_core.package_identification:Package 'ver0/mast' with type 'ros.ament_cmake' and name 'mast'
[0.164s] Level 1:colcon.colcon_core.package_identification:_identify(ver0/mola_conf) by extensions ['ignore', 'ignore_ament_install']
[0.164s] Level 1:colcon.colcon_core.package_identification:_identify(ver0/mola_conf) by extension 'ignore'
[0.164s] Level 1:colcon.colcon_core.package_identification:_identify(ver0/mola_conf) by extension 'ignore_ament_install'
[0.164s] Level 1:colcon.colcon_core.package_identification:_identify(ver0/mola_conf) by extensions ['colcon_pkg']
[0.164s] Level 1:colcon.colcon_core.package_identification:_identify(ver0/mola_conf) by extension 'colcon_pkg'
[0.164s] Level 1:colcon.colcon_core.package_identification:_identify(ver0/mola_conf) by extensions ['colcon_meta']
[0.164s] Level 1:colcon.colcon_core.package_identification:_identify(ver0/mola_conf) by extension 'colcon_meta'
[0.164s] Level 1:colcon.colcon_core.package_identification:_identify(ver0/mola_conf) by extensions ['ros']
[0.164s] Level 1:colcon.colcon_core.package_identification:_identify(ver0/mola_conf) by extension 'ros'
[0.164s] DEBUG:colcon.colcon_core.package_identification:Package 'ver0/mola_conf' with type 'ros.ament_cmake' and name 'mola_conf'
[0.165s] Level 1:colcon.colcon_core.package_identification:_identify(ver0/my_cart2) by extensions ['ignore', 'ignore_ament_install']
[0.165s] Level 1:colcon.colcon_core.package_identification:_identify(ver0/my_cart2) by extension 'ignore'
[0.165s] Level 1:colcon.colcon_core.package_identification:_identify(ver0/my_cart2) by extension 'ignore_ament_install'
[0.165s] Level 1:colcon.colcon_core.package_identification:_identify(ver0/my_cart2) by extensions ['colcon_pkg']
[0.165s] Level 1:colcon.colcon_core.package_identification:_identify(ver0/my_cart2) by extension 'colcon_pkg'
[0.165s] Level 1:colcon.colcon_core.package_identification:_identify(ver0/my_cart2) by extensions ['colcon_meta']
[0.165s] Level 1:colcon.colcon_core.package_identification:_identify(ver0/my_cart2) by extension 'colcon_meta'
[0.165s] Level 1:colcon.colcon_core.package_identification:_identify(ver0/my_cart2) by extensions ['ros']
[0.165s] Level 1:colcon.colcon_core.package_identification:_identify(ver0/my_cart2) by extension 'ros'
[0.166s] DEBUG:colcon.colcon_core.package_identification:Package 'ver0/my_cart2' with type 'ros.ament_cmake' and name 'my_cart2'
[0.166s] Level 1:colcon.colcon_core.package_discovery:discover_packages(recursive) using defaults
[0.166s] Level 1:colcon.colcon_core.package_discovery:discover_packages(ignore) discover
[0.166s] Level 1:colcon.colcon_core.package_discovery:discover_packages(ignore) using defaults
[0.166s] Level 1:colcon.colcon_core.package_discovery:discover_packages(path) discover
[0.166s] Level 1:colcon.colcon_core.package_discovery:discover_packages(path) using defaults
[0.183s] Level 1:colcon.colcon_core.package_discovery:discover_packages(prefix_path) check parameters
[0.183s] Level 1:colcon.colcon_core.package_discovery:discover_packages(prefix_path) discover
[0.185s] DEBUG:colcon.colcon_installed_package_information.package_discovery:Found 9 installed packages in /home/kazusa/kazusa/install
[0.185s] DEBUG:colcon.colcon_installed_package_information.package_discovery:Found 1 installed packages in /home/kazusa/ros2_deps_ws/install
[0.187s] DEBUG:colcon.colcon_installed_package_information.package_discovery:Found 434 installed packages in /opt/ros/jazzy
[0.189s] Level 1:colcon.colcon_core.package_discovery:discover_packages(prefix_path) using defaults
[0.237s] Level 5:colcon.colcon_core.verb:set package 'amcl_config' build argument 'cmake_args' from command line to 'None'
[0.237s] Level 5:colcon.colcon_core.verb:set package 'amcl_config' build argument 'cmake_target' from command line to 'None'
[0.237s] Level 5:colcon.colcon_core.verb:set package 'amcl_config' build argument 'cmake_target_skip_unavailable' from command line to 'False'
[0.237s] Level 5:colcon.colcon_core.verb:set package 'amcl_config' build argument 'cmake_clean_cache' from command line to 'False'
[0.237s] Level 5:colcon.colcon_core.verb:set package 'amcl_config' build argument 'cmake_clean_first' from command line to 'False'
[0.238s] Level 5:colcon.colcon_core.verb:set package 'amcl_config' build argument 'cmake_force_configure' from command line to 'False'
[0.238s] Level 5:colcon.colcon_core.verb:set package 'amcl_config' build argument 'ament_cmake_args' from command line to 'None'
[0.238s] Level 5:colcon.colcon_core.verb:set package 'amcl_config' build argument 'catkin_cmake_args' from command line to 'None'
[0.238s] Level 5:colcon.colcon_core.verb:set package 'amcl_config' build argument 'catkin_skip_building_tests' from command line to 'False'
[0.238s] DEBUG:colcon.colcon_core.verb:Building package 'amcl_config' with the following arguments: {'ament_cmake_args': None, 'build_base': '/home/kazusa/kazusa/build/amcl_config', 'catkin_cmake_args': None, 'catkin_skip_building_tests': False, 'cmake_args': None, 'cmake_clean_cache': False, 'cmake_clean_first': False, 'cmake_force_configure': False, 'cmake_target': None, 'cmake_target_skip_unavailable': False, 'install_base': '/home/kazusa/kazusa/install/amcl_config', 'merge_install': False, 'path': '/home/kazusa/kazusa/ver0/amcl_config', 'symlink_install': False, 'test_result_base': None}
[0.238s] Level 5:colcon.colcon_core.verb:set package 'controller' build argument 'cmake_args' from command line to 'None'
[0.238s] Level 5:colcon.colcon_core.verb:set package 'controller' build argument 'cmake_target' from command line to 'None'
[0.238s] Level 5:colcon.colcon_core.verb:set package 'controller' build argument 'cmake_target_skip_unavailable' from command line to 'False'
[0.238s] Level 5:colcon.colcon_core.verb:set package 'controller' build argument 'cmake_clean_cache' from command line to 'False'
[0.238s] Level 5:colcon.colcon_core.verb:set package 'controller' build argument 'cmake_clean_first' from command line to 'False'
[0.238s] Level 5:colcon.colcon_core.verb:set package 'controller' build argument 'cmake_force_configure' from command line to 'False'
[0.238s] Level 5:colcon.colcon_core.verb:set package 'controller' build argument 'ament_cmake_args' from command line to 'None'
[0.238s] Level 5:colcon.colcon_core.verb:set package 'controller' build argument 'catkin_cmake_args' from command line to 'None'
[0.238s] Level 5:colcon.colcon_core.verb:set package 'controller' build argument 'catkin_skip_building_tests' from command line to 'False'
[0.238s] DEBUG:colcon.colcon_core.verb:Building package 'controller' with the following arguments: {'ament_cmake_args': None, 'build_base': '/home/kazusa/kazusa/build/controller', 'catkin_cmake_args': None, 'catkin_skip_building_tests': False, 'cmake_args': None, 'cmake_clean_cache': False, 'cmake_clean_first': False, 'cmake_force_configure': False, 'cmake_target': None, 'cmake_target_skip_unavailable': False, 'install_base': '/home/kazusa/kazusa/install/controller', 'merge_install': False, 'path': '/home/kazusa/kazusa/ver0/controller', 'symlink_install': False, 'test_result_base': None}
[0.238s] Level 5:colcon.colcon_core.verb:set package 'custom_msgs' build argument 'cmake_args' from command line to 'None'
[0.238s] Level 5:colcon.colcon_core.verb:set package 'custom_msgs' build argument 'cmake_target' from command line to 'None'
[0.238s] Level 5:colcon.colcon_core.verb:set package 'custom_msgs' build argument 'cmake_target_skip_unavailable' from command line to 'False'
[0.238s] Level 5:colcon.colcon_core.verb:set package 'custom_msgs' build argument 'cmake_clean_cache' from command line to 'False'
[0.238s] Level 5:colcon.colcon_core.verb:set package 'custom_msgs' build argument 'cmake_clean_first' from command line to 'False'
[0.238s] Level 5:colcon.colcon_core.verb:set package 'custom_msgs' build argument 'cmake_force_configure' from command line to 'False'
[0.238s] Level 5:colcon.colcon_core.verb:set package 'custom_msgs' build argument 'ament_cmake_args' from command line to 'None'
[0.238s] Level 5:colcon.colcon_core.verb:set package 'custom_msgs' build argument 'catkin_cmake_args' from command line to 'None'
[0.238s] Level 5:colcon.colcon_core.verb:set package 'custom_msgs' build argument 'catkin_skip_building_tests' from command line to 'False'
[0.238s] DEBUG:colcon.colcon_core.verb:Building package 'custom_msgs' with the following arguments: {'ament_cmake_args': None, 'build_base': '/home/kazusa/kazusa/build/custom_msgs', 'catkin_cmake_args': None, 'catkin_skip_building_tests': False, 'cmake_args': None, 'cmake_clean_cache': False, 'cmake_clean_first': False, 'cmake_force_configure': False, 'cmake_target': None, 'cmake_target_skip_unavailable': False, 'install_base': '/home/kazusa/kazusa/install/custom_msgs', 'merge_install': False, 'path': '/home/kazusa/kazusa/ver0/custom_msgs', 'symlink_install': False, 'test_result_base': None}
[0.239s] Level 5:colcon.colcon_core.verb:set package 'launcher' build argument 'cmake_args' from command line to 'None'
[0.239s] Level 5:colcon.colcon_core.verb:set package 'launcher' build argument 'cmake_target' from command line to 'None'
[0.239s] Level 5:colcon.colcon_core.verb:set package 'launcher' build argument 'cmake_target_skip_unavailable' from command line to 'False'
[0.239s] Level 5:colcon.colcon_core.verb:set package 'launcher' build argument 'cmake_clean_cache' from command line to 'False'
[0.239s] Level 5:colcon.colcon_core.verb:set package 'launcher' build argument 'cmake_clean_first' from command line to 'False'
[0.239s] Level 5:colcon.colcon_core.verb:set package 'launcher' build argument 'cmake_force_configure' from command line to 'False'
[0.239s] Level 5:colcon.colcon_core.verb:set package 'launcher' build argument 'ament_cmake_args' from command line to 'None'
[0.239s] Level 5:colcon.colcon_core.verb:set package 'launcher' build argument 'catkin_cmake_args' from command line to 'None'
[0.239s] Level 5:colcon.colcon_core.verb:set package 'launcher' build argument 'catkin_skip_building_tests' from command line to 'False'
[0.239s] DEBUG:colcon.colcon_core.verb:Building package 'launcher' with the following arguments: {'ament_cmake_args': None, 'build_base': '/home/kazusa/kazusa/build/launcher', 'catkin_cmake_args': None, 'catkin_skip_building_tests': False, 'cmake_args': None, 'cmake_clean_cache': False, 'cmake_clean_first': False, 'cmake_force_configure': False, 'cmake_target': None, 'cmake_target_skip_unavailable': False, 'install_base': '/home/kazusa/kazusa/install/launcher', 'merge_install': False, 'path': '/home/kazusa/kazusa/ver0/launcher', 'symlink_install': False, 'test_result_base': None}
[0.239s] Level 5:colcon.colcon_core.verb:set package 'mola_conf' build argument 'cmake_args' from command line to 'None'
[0.239s] Level 5:colcon.colcon_core.verb:set package 'mola_conf' build argument 'cmake_target' from command line to 'None'
[0.239s] Level 5:colcon.colcon_core.verb:set package 'mola_conf' build argument 'cmake_target_skip_unavailable' from command line to 'False'
[0.239s] Level 5:colcon.colcon_core.verb:set package 'mola_conf' build argument 'cmake_clean_cache' from command line to 'False'
[0.239s] Level 5:colcon.colcon_core.verb:set package 'mola_conf' build argument 'cmake_clean_first' from command line to 'False'
[0.239s] Level 5:colcon.colcon_core.verb:set package 'mola_conf' build argument 'cmake_force_configure' from command line to 'False'
[0.239s] Level 5:colcon.colcon_core.verb:set package 'mola_conf' build argument 'ament_cmake_args' from command line to 'None'
[0.239s] Level 5:colcon.colcon_core.verb:set package 'mola_conf' build argument 'catkin_cmake_args' from command line to 'None'
[0.239s] Level 5:colcon.colcon_core.verb:set package 'mola_conf' build argument 'catkin_skip_building_tests' from command line to 'False'
[0.239s] DEBUG:colcon.colcon_core.verb:Building package 'mola_conf' with the following arguments: {'ament_cmake_args': None, 'build_base': '/home/kazusa/kazusa/build/mola_conf', 'catkin_cmake_args': None, 'catkin_skip_building_tests': False, 'cmake_args': None, 'cmake_clean_cache': False, 'cmake_clean_first': False, 'cmake_force_configure': False, 'cmake_target': None, 'cmake_target_skip_unavailable': False, 'install_base': '/home/kazusa/kazusa/install/mola_conf', 'merge_install': False, 'path': '/home/kazusa/kazusa/ver0/mola_conf', 'symlink_install': False, 'test_result_base': None}
[0.239s] Level 5:colcon.colcon_core.verb:set package 'my_cart2' build argument 'cmake_args' from command line to 'None'
[0.239s] Level 5:colcon.colcon_core.verb:set package 'my_cart2' build argument 'cmake_target' from command line to 'None'
[0.239s] Level 5:colcon.colcon_core.verb:set package 'my_cart2' build argument 'cmake_target_skip_unavailable' from command line to 'False'
[0.239s] Level 5:colcon.colcon_core.verb:set package 'my_cart2' build argument 'cmake_clean_cache' from command line to 'False'
[0.239s] Level 5:colcon.colcon_core.verb:set package 'my_cart2' build argument 'cmake_clean_first' from command line to 'False'
[0.239s] Level 5:colcon.colcon_core.verb:set package 'my_cart2' build argument 'cmake_force_configure' from command line to 'False'
[0.239s] Level 5:colcon.colcon_core.verb:set package 'my_cart2' build argument 'ament_cmake_args' from command line to 'None'
[0.239s] Level 5:colcon.colcon_core.verb:set package 'my_cart2' build argument 'catkin_cmake_args' from command line to 'None'
[0.239s] Level 5:colcon.colcon_core.verb:set package 'my_cart2' build argument 'catkin_skip_building_tests' from command line to 'False'
[0.240s] DEBUG:colcon.colcon_core.verb:Building package 'my_cart2' with the following arguments: {'ament_cmake_args': None, 'build_base': '/home/kazusa/kazusa/build/my_cart2', 'catkin_cmake_args': None, 'catkin_skip_building_tests': False, 'cmake_args': None, 'cmake_clean_cache': False, 'cmake_clean_first': False, 'cmake_force_configure': False, 'cmake_target': None, 'cmake_target_skip_unavailable': False, 'install_base': '/home/kazusa/kazusa/install/my_cart2', 'merge_install': False, 'path': '/home/kazusa/kazusa/ver0/my_cart2', 'symlink_install': False, 'test_result_base': None}
[0.240s] Level 5:colcon.colcon_core.verb:set package 'controller_src' build argument 'cmake_args' from command line to 'None'
[0.240s] Level 5:colcon.colcon_core.verb:set package 'controller_src' build argument 'cmake_target' from command line to 'None'
[0.240s] Level 5:colcon.colcon_core.verb:set package 'controller_src' build argument 'cmake_target_skip_unavailable' from command line to 'False'
[0.240s] Level 5:colcon.colcon_core.verb:set package 'controller_src' build argument 'cmake_clean_cache' from command line to 'False'
[0.240s] Level 5:colcon.colcon_core.verb:set package 'controller_src' build argument 'cmake_clean_first' from command line to 'False'
[0.240s] Level 5:colcon.colcon_core.verb:set package 'controller_src' build argument 'cmake_force_configure' from command line to 'False'
[0.240s] Level 5:colcon.colcon_core.verb:set package 'controller_src' build argument 'ament_cmake_args' from command line to 'None'
[0.240s] Level 5:colcon.colcon_core.verb:set package 'controller_src' build argument 'catkin_cmake_args' from command line to 'None'
[0.240s] Level 5:colcon.colcon_core.verb:set package 'controller_src' build argument 'catkin_skip_building_tests' from command line to 'False'
[0.240s] DEBUG:colcon.colcon_core.verb:Building package 'controller_src' with the following arguments: {'ament_cmake_args': None, 'build_base': '/home/kazusa/kazusa/build/controller_src', 'catkin_cmake_args': None, 'catkin_skip_building_tests': False, 'cmake_args': None, 'cmake_clean_cache': False, 'cmake_clean_first': False, 'cmake_force_configure': False, 'cmake_target': None, 'cmake_target_skip_unavailable': False, 'install_base': '/home/kazusa/kazusa/install/controller_src', 'merge_install': False, 'path': '/home/kazusa/kazusa/ver0/controller_src', 'symlink_install': False, 'test_result_base': None}
[0.240s] Level 5:colcon.colcon_core.verb:set package 'esp_agent' build argument 'cmake_args' from command line to 'None'
[0.240s] Level 5:colcon.colcon_core.verb:set package 'esp_agent' build argument 'cmake_target' from command line to 'None'
[0.240s] Level 5:colcon.colcon_core.verb:set package 'esp_agent' build argument 'cmake_target_skip_unavailable' from command line to 'False'
[0.240s] Level 5:colcon.colcon_core.verb:set package 'esp_agent' build argument 'cmake_clean_cache' from command line to 'False'
[0.240s] Level 5:colcon.colcon_core.verb:set package 'esp_agent' build argument 'cmake_clean_first' from command line to 'False'
[0.240s] Level 5:colcon.colcon_core.verb:set package 'esp_agent' build argument 'cmake_force_configure' from command line to 'False'
[0.240s] Level 5:colcon.colcon_core.verb:set package 'esp_agent' build argument 'ament_cmake_args' from command line to 'None'
[0.240s] Level 5:colcon.colcon_core.verb:set package 'esp_agent' build argument 'catkin_cmake_args' from command line to 'None'
[0.240s] Level 5:colcon.colcon_core.verb:set package 'esp_agent' build argument 'catkin_skip_building_tests' from command line to 'False'
[0.240s] DEBUG:colcon.colcon_core.verb:Building package 'esp_agent' with the following arguments: {'ament_cmake_args': None, 'build_base': '/home/kazusa/kazusa/build/esp_agent', 'catkin_cmake_args': None, 'catkin_skip_building_tests': False, 'cmake_args': None, 'cmake_clean_cache': False, 'cmake_clean_first': False, 'cmake_force_configure': False, 'cmake_target': None, 'cmake_target_skip_unavailable': False, 'install_base': '/home/kazusa/kazusa/install/esp_agent', 'merge_install': False, 'path': '/home/kazusa/kazusa/ver0/esp_agent', 'symlink_install': False, 'test_result_base': None}
[0.240s] Level 5:colcon.colcon_core.verb:set package 'mast' build argument 'cmake_args' from command line to 'None'
[0.240s] Level 5:colcon.colcon_core.verb:set package 'mast' build argument 'cmake_target' from command line to 'None'
[0.240s] Level 5:colcon.colcon_core.verb:set package 'mast' build argument 'cmake_target_skip_unavailable' from command line to 'False'
[0.240s] Level 5:colcon.colcon_core.verb:set package 'mast' build argument 'cmake_clean_cache' from command line to 'False'
[0.240s] Level 5:colcon.colcon_core.verb:set package 'mast' build argument 'cmake_clean_first' from command line to 'False'
[0.240s] Level 5:colcon.colcon_core.verb:set package 'mast' build argument 'cmake_force_configure' from command line to 'False'
[0.241s] Level 5:colcon.colcon_core.verb:set package 'mast' build argument 'ament_cmake_args' from command line to 'None'
[0.241s] Level 5:colcon.colcon_core.verb:set package 'mast' build argument 'catkin_cmake_args' from command line to 'None'
[0.241s] Level 5:colcon.colcon_core.verb:set package 'mast' build argument 'catkin_skip_building_tests' from command line to 'False'
[0.241s] DEBUG:colcon.colcon_core.verb:Building package 'mast' with the following arguments: {'ament_cmake_args': None, 'build_base': '/home/kazusa/kazusa/build/mast', 'catkin_cmake_args': None, 'catkin_skip_building_tests': False, 'cmake_args': None, 'cmake_clean_cache': False, 'cmake_clean_first': False, 'cmake_force_configure': False, 'cmake_target': None, 'cmake_target_skip_unavailable': False, 'install_base': '/home/kazusa/kazusa/install/mast', 'merge_install': False, 'path': '/home/kazusa/kazusa/ver0/mast', 'symlink_install': False, 'test_result_base': None}
[0.241s] INFO:colcon.colcon_core.executor:Executing jobs using 'parallel' executor
[0.242s] DEBUG:colcon.colcon_parallel_executor.executor.parallel:run_until_complete
[0.242s] INFO:colcon.colcon_ros.task.ament_cmake.build:Building ROS package in '/home/kazusa/kazusa/ver0/controller' with build type 'ament_cmake'
[0.242s] INFO:colcon.colcon_cmake.task.cmake.build:Building CMake package in '/home/kazusa/kazusa/ver0/controller'
[0.244s] INFO:colcon.colcon_core.plugin_system:Skipping extension 'colcon_core.shell.bat': Not used on non-Windows systems
[0.244s] INFO:colcon.colcon_core.shell:Skip shell extension 'powershell' for command environment: Not usable outside of PowerShell
[0.244s] DEBUG:colcon.colcon_core.shell:Skip shell extension 'dsv' for command environment
[0.250s] INFO:colcon.colcon_ros.task.ament_cmake.build:Building ROS package in '/home/kazusa/kazusa/ver0/custom_msgs' with build type 'ament_cmake'
[0.250s] INFO:colcon.colcon_cmake.task.cmake.build:Building CMake package in '/home/kazusa/kazusa/ver0/custom_msgs'
[0.250s] INFO:colcon.colcon_core.shell:Skip shell extension 'powershell' for command environment: Not usable outside of PowerShell
[0.250s] DEBUG:colcon.colcon_core.shell:Skip shell extension 'dsv' for command environment
[0.256s] INFO:colcon.colcon_ros.task.ament_cmake.build:Building ROS package in '/home/kazusa/kazusa/ver0/amcl_config' with build type 'ament_cmake'
[0.257s] INFO:colcon.colcon_cmake.task.cmake.build:Building CMake package in '/home/kazusa/kazusa/ver0/amcl_config'
[0.257s] INFO:colcon.colcon_core.shell:Skip shell extension 'powershell' for command environment: Not usable outside of PowerShell
[0.257s] DEBUG:colcon.colcon_core.shell:Skip shell extension 'dsv' for command environment
[0.263s] INFO:colcon.colcon_ros.task.ament_cmake.build:Building ROS package in '/home/kazusa/kazusa/ver0/launcher' with build type 'ament_cmake'
[0.264s] INFO:colcon.colcon_cmake.task.cmake.build:Building CMake package in '/home/kazusa/kazusa/ver0/launcher'
[0.264s] INFO:colcon.colcon_core.shell:Skip shell extension 'powershell' for command environment: Not usable outside of PowerShell
[0.264s] DEBUG:colcon.colcon_core.shell:Skip shell extension 'dsv' for command environment
[0.270s] INFO:colcon.colcon_ros.task.ament_cmake.build:Building ROS package in '/home/kazusa/kazusa/ver0/mola_conf' with build type 'ament_cmake'
[0.270s] INFO:colcon.colcon_cmake.task.cmake.build:Building CMake package in '/home/kazusa/kazusa/ver0/mola_conf'
[0.270s] INFO:colcon.colcon_core.shell:Skip shell extension 'powershell' for command environment: Not usable outside of PowerShell
[0.270s] DEBUG:colcon.colcon_core.shell:Skip shell extension 'dsv' for command environment
[0.275s] INFO:colcon.colcon_ros.task.ament_cmake.build:Building ROS package in '/home/kazusa/kazusa/ver0/my_cart2' with build type 'ament_cmake'
[0.275s] INFO:colcon.colcon_cmake.task.cmake.build:Building CMake package in '/home/kazusa/kazusa/ver0/my_cart2'
[0.275s] INFO:colcon.colcon_core.shell:Skip shell extension 'powershell' for command environment: Not usable outside of PowerShell
[0.275s] DEBUG:colcon.colcon_core.shell:Skip shell extension 'dsv' for command environment
[0.284s] DEBUG:colcon.colcon_core.event_handler.log_command:Invoking command in '/home/kazusa/kazusa/build/controller': CMAKE_PREFIX_PATH=${CMAKE_PREFIX_PATH}:/opt/ros/jazzy DEBUGINFOD_URLS=https://debuginfod.ubuntu.com /usr/bin/cmake --build /home/kazusa/kazusa/build/controller -- -j12 -l12
[0.286s] DEBUG:colcon.colcon_core.event_handler.log_command:Invoking command in '/home/kazusa/kazusa/build/custom_msgs': CMAKE_PREFIX_PATH=${CMAKE_PREFIX_PATH}:/opt/ros/jazzy DEBUGINFOD_URLS=https://debuginfod.ubuntu.com /usr/bin/cmake --build /home/kazusa/kazusa/build/custom_msgs -- -j12 -l12
[0.289s] DEBUG:colcon.colcon_core.event_handler.log_command:Invoking command in '/home/kazusa/kazusa/build/amcl_config': CMAKE_PREFIX_PATH=${CMAKE_PREFIX_PATH}:/opt/ros/jazzy DEBUGINFOD_URLS=https://debuginfod.ubuntu.com /usr/bin/cmake --build /home/kazusa/kazusa/build/amcl_config -- -j12 -l12
[0.290s] DEBUG:colcon.colcon_core.event_handler.log_command:Invoking command in '/home/kazusa/kazusa/build/launcher': CMAKE_PREFIX_PATH=${CMAKE_PREFIX_PATH}:/opt/ros/jazzy DEBUGINFOD_URLS=https://debuginfod.ubuntu.com /usr/bin/cmake --build /home/kazusa/kazusa/build/launcher -- -j12 -l12
[0.293s] DEBUG:colcon.colcon_core.event_handler.log_command:Invoking command in '/home/kazusa/kazusa/build/mola_conf': CMAKE_PREFIX_PATH=${CMAKE_PREFIX_PATH}:/opt/ros/jazzy DEBUGINFOD_URLS=https://debuginfod.ubuntu.com /usr/bin/cmake --build /home/kazusa/kazusa/build/mola_conf -- -j12 -l12
[0.300s] DEBUG:colcon.colcon_core.event_handler.log_command:Invoking command in '/home/kazusa/kazusa/build/my_cart2': CMAKE_PREFIX_PATH=${CMAKE_PREFIX_PATH}:/opt/ros/jazzy DEBUGINFOD_URLS=https://debuginfod.ubuntu.com /usr/bin/cmake --build /home/kazusa/kazusa/build/my_cart2 -- -j12 -l12
[0.334s] DEBUG:colcon.colcon_core.event_handler.log_command:Invoked command in '/home/kazusa/kazusa/build/amcl_config' returned '0': CMAKE_PREFIX_PATH=${CMAKE_PREFIX_PATH}:/opt/ros/jazzy DEBUGINFOD_URLS=https://debuginfod.ubuntu.com /usr/bin/cmake --build /home/kazusa/kazusa/build/amcl_config -- -j12 -l12
[0.346s] DEBUG:colcon.colcon_core.event_handler.log_command:Invoking command in '/home/kazusa/kazusa/build/amcl_config': CMAKE_PREFIX_PATH=${CMAKE_PREFIX_PATH}:/opt/ros/jazzy DEBUGINFOD_URLS=https://debuginfod.ubuntu.com /usr/bin/cmake --install /home/kazusa/kazusa/build/amcl_config
[0.348s] DEBUG:colcon.colcon_core.event_handler.log_command:Invoked command in '/home/kazusa/kazusa/build/mola_conf' returned '0': CMAKE_PREFIX_PATH=${CMAKE_PREFIX_PATH}:/opt/ros/jazzy DEBUGINFOD_URLS=https://debuginfod.ubuntu.com /usr/bin/cmake --build /home/kazusa/kazusa/build/mola_conf -- -j12 -l12
[0.349s] DEBUG:colcon.colcon_core.event_handler.log_command:Invoking command in '/home/kazusa/kazusa/build/mola_conf': CMAKE_PREFIX_PATH=${CMAKE_PREFIX_PATH}:/opt/ros/jazzy DEBUGINFOD_URLS=https://debuginfod.ubuntu.com /usr/bin/cmake --install /home/kazusa/kazusa/build/mola_conf
[0.350s] DEBUG:colcon.colcon_core.event_handler.log_command:Invoked command in '/home/kazusa/kazusa/build/launcher' returned '0': CMAKE_PREFIX_PATH=${CMAKE_PREFIX_PATH}:/opt/ros/jazzy DEBUGINFOD_URLS=https://debuginfod.ubuntu.com /usr/bin/cmake --build /home/kazusa/kazusa/build/launcher -- -j12 -l12
[0.351s] DEBUG:colcon.colcon_core.event_handler.log_command:Invoking command in '/home/kazusa/kazusa/build/launcher': CMAKE_PREFIX_PATH=${CMAKE_PREFIX_PATH}:/opt/ros/jazzy DEBUGINFOD_URLS=https://debuginfod.ubuntu.com /usr/bin/cmake --install /home/kazusa/kazusa/build/launcher
[0.369s] Level 1:colcon.colcon_core.environment:create_environment_scripts_only(mola_conf)
[0.370s] DEBUG:colcon.colcon_core.event_handler.log_command:Invoked command in '/home/kazusa/kazusa/build/mola_conf' returned '0': CMAKE_PREFIX_PATH=${CMAKE_PREFIX_PATH}:/opt/ros/jazzy DEBUGINFOD_URLS=https://debuginfod.ubuntu.com /usr/bin/cmake --install /home/kazusa/kazusa/build/mola_conf
[0.372s] Level 1:colcon.colcon_core.environment:checking '/home/kazusa/kazusa/install/mola_conf' for CMake module files
[0.373s] Level 1:colcon.colcon_core.environment:checking '/home/kazusa/kazusa/install/mola_conf' for CMake config files
[0.373s] Level 1:colcon.colcon_core.shell:create_environment_hook('mola_conf', 'cmake_prefix_path')
[0.374s] INFO:colcon.colcon_core.shell:Creating environment hook '/home/kazusa/kazusa/install/mola_conf/share/mola_conf/hook/cmake_prefix_path.ps1'
[0.374s] INFO:colcon.colcon_core.shell:Creating environment descriptor '/home/kazusa/kazusa/install/mola_conf/share/mola_conf/hook/cmake_prefix_path.dsv'
[0.375s] INFO:colcon.colcon_core.shell:Creating environment hook '/home/kazusa/kazusa/install/mola_conf/share/mola_conf/hook/cmake_prefix_path.sh'
[0.376s] Level 1:colcon.colcon_core.environment:checking '/home/kazusa/kazusa/install/mola_conf/bin'
[0.376s] Level 1:colcon.colcon_core.environment:checking '/home/kazusa/kazusa/install/mola_conf/lib/pkgconfig/mola_conf.pc'
[0.376s] Level 1:colcon.colcon_core.environment:checking '/home/kazusa/kazusa/install/mola_conf/lib/python3.12/site-packages'
[0.377s] Level 1:colcon.colcon_core.environment:checking '/home/kazusa/kazusa/install/mola_conf/bin'
[0.377s] INFO:colcon.colcon_core.shell:Creating package script '/home/kazusa/kazusa/install/mola_conf/share/mola_conf/package.ps1'
[0.378s] INFO:colcon.colcon_core.shell:Creating package descriptor '/home/kazusa/kazusa/install/mola_conf/share/mola_conf/package.dsv'
[0.379s] INFO:colcon.colcon_core.shell:Creating package script '/home/kazusa/kazusa/install/mola_conf/share/mola_conf/package.sh'
[0.379s] INFO:colcon.colcon_core.shell:Creating package script '/home/kazusa/kazusa/install/mola_conf/share/mola_conf/package.bash'
[0.380s] INFO:colcon.colcon_core.shell:Creating package script '/home/kazusa/kazusa/install/mola_conf/share/mola_conf/package.zsh'
[0.380s] Level 1:colcon.colcon_core.environment:create_file_with_runtime_dependencies(/home/kazusa/kazusa/install/mola_conf/share/colcon-core/packages/mola_conf)
[0.381s] Level 1:colcon.colcon_core.environment:create_environment_scripts_only(mola_conf)
[0.382s] Level 1:colcon.colcon_core.environment:checking '/home/kazusa/kazusa/install/mola_conf' for CMake module files
[0.382s] Level 1:colcon.colcon_core.environment:checking '/home/kazusa/kazusa/install/mola_conf' for CMake config files
[0.383s] Level 1:colcon.colcon_core.shell:create_environment_hook('mola_conf', 'cmake_prefix_path')
[0.383s] INFO:colcon.colcon_core.shell:Creating environment hook '/home/kazusa/kazusa/install/mola_conf/share/mola_conf/hook/cmake_prefix_path.ps1'
[0.383s] INFO:colcon.colcon_core.shell:Creating environment descriptor '/home/kazusa/kazusa/install/mola_conf/share/mola_conf/hook/cmake_prefix_path.dsv'
[0.384s] INFO:colcon.colcon_core.shell:Creating environment hook '/home/kazusa/kazusa/install/mola_conf/share/mola_conf/hook/cmake_prefix_path.sh'
[0.384s] Level 1:colcon.colcon_core.environment:checking '/home/kazusa/kazusa/install/mola_conf/bin'
[0.384s] Level 1:colcon.colcon_core.environment:checking '/home/kazusa/kazusa/install/mola_conf/lib/pkgconfig/mola_conf.pc'
[0.385s] Level 1:colcon.colcon_core.environment:checking '/home/kazusa/kazusa/install/mola_conf/lib/python3.12/site-packages'
[0.385s] Level 1:colcon.colcon_core.environment:checking '/home/kazusa/kazusa/install/mola_conf/bin'
[0.385s] INFO:colcon.colcon_core.shell:Creating package script '/home/kazusa/kazusa/install/mola_conf/share/mola_conf/package.ps1'
[0.387s] INFO:colcon.colcon_core.shell:Creating package descriptor '/home/kazusa/kazusa/install/mola_conf/share/mola_conf/package.dsv'
[0.387s] INFO:colcon.colcon_core.shell:Creating package script '/home/kazusa/kazusa/install/mola_conf/share/mola_conf/package.sh'
[0.388s] INFO:colcon.colcon_core.shell:Creating package script '/home/kazusa/kazusa/install/mola_conf/share/mola_conf/package.bash'
[0.388s] INFO:colcon.colcon_core.shell:Creating package script '/home/kazusa/kazusa/install/mola_conf/share/mola_conf/package.zsh'
[0.389s] Level 1:colcon.colcon_core.environment:create_file_with_runtime_dependencies(/home/kazusa/kazusa/install/mola_conf/share/colcon-core/packages/mola_conf)
[0.389s] Level 1:colcon.colcon_core.environment:create_environment_scripts_only(amcl_config)
[0.390s] Level 1:colcon.colcon_core.environment:checking '/home/kazusa/kazusa/install/amcl_config' for CMake module files
[0.391s] Level 1:colcon.colcon_core.environment:checking '/home/kazusa/kazusa/install/amcl_config' for CMake config files
[0.391s] Level 1:colcon.colcon_core.shell:create_environment_hook('amcl_config', 'cmake_prefix_path')
[0.390s] DEBUG:colcon.colcon_core.event_handler.log_command:Invoked command in '/home/kazusa/kazusa/build/amcl_config' returned '0': CMAKE_PREFIX_PATH=${CMAKE_PREFIX_PATH}:/opt/ros/jazzy DEBUGINFOD_URLS=https://debuginfod.ubuntu.com /usr/bin/cmake --install /home/kazusa/kazusa/build/amcl_config
[0.391s] INFO:colcon.colcon_core.shell:Creating environment hook '/home/kazusa/kazusa/install/amcl_config/share/amcl_config/hook/cmake_prefix_path.ps1'
[0.392s] INFO:colcon.colcon_core.shell:Creating environment descriptor '/home/kazusa/kazusa/install/amcl_config/share/amcl_config/hook/cmake_prefix_path.dsv'
[0.392s] INFO:colcon.colcon_core.shell:Creating environment hook '/home/kazusa/kazusa/install/amcl_config/share/amcl_config/hook/cmake_prefix_path.sh'
[0.393s] Level 1:colcon.colcon_core.environment:checking '/home/kazusa/kazusa/install/amcl_config/bin'
[0.393s] Level 1:colcon.colcon_core.environment:checking '/home/kazusa/kazusa/install/amcl_config/lib/pkgconfig/amcl_config.pc'
[0.394s] Level 1:colcon.colcon_core.environment:checking '/home/kazusa/kazusa/install/amcl_config/lib/python3.12/site-packages'
[0.394s] Level 1:colcon.colcon_core.environment:checking '/home/kazusa/kazusa/install/amcl_config/bin'
[0.394s] INFO:colcon.colcon_core.shell:Creating package script '/home/kazusa/kazusa/install/amcl_config/share/amcl_config/package.ps1'
[0.395s] INFO:colcon.colcon_core.shell:Creating package descriptor '/home/kazusa/kazusa/install/amcl_config/share/amcl_config/package.dsv'
[0.396s] INFO:colcon.colcon_core.shell:Creating package script '/home/kazusa/kazusa/install/amcl_config/share/amcl_config/package.sh'
[0.396s] INFO:colcon.colcon_core.shell:Creating package script '/home/kazusa/kazusa/install/amcl_config/share/amcl_config/package.bash'
[0.396s] INFO:colcon.colcon_core.shell:Creating package script '/home/kazusa/kazusa/install/amcl_config/share/amcl_config/package.zsh'
[0.397s] Level 1:colcon.colcon_core.environment:create_file_with_runtime_dependencies(/home/kazusa/kazusa/install/amcl_config/share/colcon-core/packages/amcl_config)
[0.397s] Level 1:colcon.colcon_core.environment:create_environment_scripts_only(amcl_config)
[0.397s] Level 1:colcon.colcon_core.environment:checking '/home/kazusa/kazusa/install/amcl_config' for CMake module files
[0.422s] Level 1:colcon.colcon_core.environment:checking '/home/kazusa/kazusa/install/amcl_config' for CMake config files
[0.423s] Level 1:colcon.colcon_core.shell:create_environment_hook('amcl_config', 'cmake_prefix_path')
[0.423s] INFO:colcon.colcon_core.shell:Creating environment hook '/home/kazusa/kazusa/install/amcl_config/share/amcl_config/hook/cmake_prefix_path.ps1'
[0.423s] INFO:colcon.colcon_core.shell:Creating environment descriptor '/home/kazusa/kazusa/install/amcl_config/share/amcl_config/hook/cmake_prefix_path.dsv'
[0.424s] INFO:colcon.colcon_core.shell:Creating environment hook '/home/kazusa/kazusa/install/amcl_config/share/amcl_config/hook/cmake_prefix_path.sh'
[0.425s] Level 1:colcon.colcon_core.environment:checking '/home/kazusa/kazusa/install/amcl_config/bin'
[0.425s] Level 1:colcon.colcon_core.environment:checking '/home/kazusa/kazusa/install/amcl_config/lib/pkgconfig/amcl_config.pc'
[0.425s] Level 1:colcon.colcon_core.environment:checking '/home/kazusa/kazusa/install/amcl_config/lib/python3.12/site-packages'
[0.426s] Level 1:colcon.colcon_core.environment:checking '/home/kazusa/kazusa/install/amcl_config/bin'
[0.426s] INFO:colcon.colcon_core.shell:Creating package script '/home/kazusa/kazusa/install/amcl_config/share/amcl_config/package.ps1'
[0.427s] INFO:colcon.colcon_core.shell:Creating package descriptor '/home/kazusa/kazusa/install/amcl_config/share/amcl_config/package.dsv'
[0.427s] INFO:colcon.colcon_core.shell:Creating package script '/home/kazusa/kazusa/install/amcl_config/share/amcl_config/package.sh'
[0.428s] INFO:colcon.colcon_core.shell:Creating package script '/home/kazusa/kazusa/install/amcl_config/share/amcl_config/package.bash'
[0.429s] INFO:colcon.colcon_core.shell:Creating package script '/home/kazusa/kazusa/install/amcl_config/share/amcl_config/package.zsh'
[0.429s] Level 1:colcon.colcon_core.environment:create_file_with_runtime_dependencies(/home/kazusa/kazusa/install/amcl_config/share/colcon-core/packages/amcl_config)
[0.430s] Level 1:colcon.colcon_core.environment:create_environment_scripts_only(launcher)
[0.430s] Level 1:colcon.colcon_core.environment:checking '/home/kazusa/kazusa/install/launcher' for CMake module files
[0.431s] DEBUG:colcon.colcon_core.event_handler.log_command:Invoked command in '/home/kazusa/kazusa/build/launcher' returned '0': CMAKE_PREFIX_PATH=${CMAKE_PREFIX_PATH}:/opt/ros/jazzy DEBUGINFOD_URLS=https://debuginfod.ubuntu.com /usr/bin/cmake --install /home/kazusa/kazusa/build/launcher
[0.431s] Level 1:colcon.colcon_core.environment:checking '/home/kazusa/kazusa/install/launcher' for CMake config files
[0.431s] Level 1:colcon.colcon_core.shell:create_environment_hook('launcher', 'cmake_prefix_path')
[0.431s] INFO:colcon.colcon_core.shell:Creating environment hook '/home/kazusa/kazusa/install/launcher/share/launcher/hook/cmake_prefix_path.ps1'
[0.432s] INFO:colcon.colcon_core.shell:Creating environment descriptor '/home/kazusa/kazusa/install/launcher/share/launcher/hook/cmake_prefix_path.dsv'
[0.432s] INFO:colcon.colcon_core.shell:Creating environment hook '/home/kazusa/kazusa/install/launcher/share/launcher/hook/cmake_prefix_path.sh'
[0.433s] Level 1:colcon.colcon_core.environment:checking '/home/kazusa/kazusa/install/launcher/bin'
[0.433s] Level 1:colcon.colcon_core.environment:checking '/home/kazusa/kazusa/install/launcher/lib/pkgconfig/launcher.pc'
[0.433s] Level 1:colcon.colcon_core.environment:checking '/home/kazusa/kazusa/install/launcher/lib/python3.12/site-packages'
[0.433s] Level 1:colcon.colcon_core.environment:checking '/home/kazusa/kazusa/install/launcher/bin'
[0.433s] INFO:colcon.colcon_core.shell:Creating package script '/home/kazusa/kazusa/install/launcher/share/launcher/package.ps1'
[0.434s] INFO:colcon.colcon_core.shell:Creating package descriptor '/home/kazusa/kazusa/install/launcher/share/launcher/package.dsv'
[0.434s] INFO:colcon.colcon_core.shell:Creating package script '/home/kazusa/kazusa/install/launcher/share/launcher/package.sh'
[0.434s] INFO:colcon.colcon_core.shell:Creating package script '/home/kazusa/kazusa/install/launcher/share/launcher/package.bash'
[0.435s] INFO:colcon.colcon_core.shell:Creating package script '/home/kazusa/kazusa/install/launcher/share/launcher/package.zsh'
[0.435s] Level 1:colcon.colcon_core.environment:create_file_with_runtime_dependencies(/home/kazusa/kazusa/install/launcher/share/colcon-core/packages/launcher)
[0.435s] Level 1:colcon.colcon_core.environment:create_environment_scripts_only(launcher)
[0.436s] Level 1:colcon.colcon_core.environment:checking '/home/kazusa/kazusa/install/launcher' for CMake module files
[0.436s] Level 1:colcon.colcon_core.environment:checking '/home/kazusa/kazusa/install/launcher' for CMake config files
[0.436s] Level 1:colcon.colcon_core.shell:create_environment_hook('launcher', 'cmake_prefix_path')
[0.436s] INFO:colcon.colcon_core.shell:Creating environment hook '/home/kazusa/kazusa/install/launcher/share/launcher/hook/cmake_prefix_path.ps1'
[0.437s] INFO:colcon.colcon_core.shell:Creating environment descriptor '/home/kazusa/kazusa/install/launcher/share/launcher/hook/cmake_prefix_path.dsv'
[0.437s] INFO:colcon.colcon_core.shell:Creating environment hook '/home/kazusa/kazusa/install/launcher/share/launcher/hook/cmake_prefix_path.sh'
[0.438s] Level 1:colcon.colcon_core.environment:checking '/home/kazusa/kazusa/install/launcher/bin'
[0.438s] Level 1:colcon.colcon_core.environment:checking '/home/kazusa/kazusa/install/launcher/lib/pkgconfig/launcher.pc'
[0.438s] Level 1:colcon.colcon_core.environment:checking '/home/kazusa/kazusa/install/launcher/lib/python3.12/site-packages'
[0.439s] Level 1:colcon.colcon_core.environment:checking '/home/kazusa/kazusa/install/launcher/bin'
[0.439s] INFO:colcon.colcon_core.shell:Creating package script '/home/kazusa/kazusa/install/launcher/share/launcher/package.ps1'
[0.440s] INFO:colcon.colcon_core.shell:Creating package descriptor '/home/kazusa/kazusa/install/launcher/share/launcher/package.dsv'
[0.440s] INFO:colcon.colcon_core.shell:Creating package script '/home/kazusa/kazusa/install/launcher/share/launcher/package.sh'
[0.440s] INFO:colcon.colcon_core.shell:Creating package script '/home/kazusa/kazusa/install/launcher/share/launcher/package.bash'
[0.441s] INFO:colcon.colcon_core.shell:Creating package script '/home/kazusa/kazusa/install/launcher/share/launcher/package.zsh'
[0.441s] Level 1:colcon.colcon_core.environment:create_file_with_runtime_dependencies(/home/kazusa/kazusa/install/launcher/share/colcon-core/packages/launcher)
[0.443s] DEBUG:colcon.colcon_core.event_handler.log_command:Invoked command in '/home/kazusa/kazusa/build/my_cart2' returned '0': CMAKE_PREFIX_PATH=${CMAKE_PREFIX_PATH}:/opt/ros/jazzy DEBUGINFOD_URLS=https://debuginfod.ubuntu.com /usr/bin/cmake --build /home/kazusa/kazusa/build/my_cart2 -- -j12 -l12
[0.444s] DEBUG:colcon.colcon_core.event_handler.log_command:Invoking command in '/home/kazusa/kazusa/build/my_cart2': CMAKE_PREFIX_PATH=${CMAKE_PREFIX_PATH}:/opt/ros/jazzy DEBUGINFOD_URLS=https://debuginfod.ubuntu.com /usr/bin/cmake --install /home/kazusa/kazusa/build/my_cart2
[0.458s] Level 1:colcon.colcon_core.environment:create_environment_scripts_only(my_cart2)
[0.458s] Level 1:colcon.colcon_core.environment:checking '/home/kazusa/kazusa/install/my_cart2' for CMake module files
[0.460s] DEBUG:colcon.colcon_core.event_handler.log_command:Invoked command in '/home/kazusa/kazusa/build/my_cart2' returned '0': CMAKE_PREFIX_PATH=${CMAKE_PREFIX_PATH}:/opt/ros/jazzy DEBUGINFOD_URLS=https://debuginfod.ubuntu.com /usr/bin/cmake --install /home/kazusa/kazusa/build/my_cart2
[0.460s] Level 1:colcon.colcon_core.environment:checking '/home/kazusa/kazusa/install/my_cart2' for CMake config files
[0.461s] Level 1:colcon.colcon_core.shell:create_environment_hook('my_cart2', 'cmake_prefix_path')
[0.461s] INFO:colcon.colcon_core.shell:Creating environment hook '/home/kazusa/kazusa/install/my_cart2/share/my_cart2/hook/cmake_prefix_path.ps1'
[0.461s] INFO:colcon.colcon_core.shell:Creating environment descriptor '/home/kazusa/kazusa/install/my_cart2/share/my_cart2/hook/cmake_prefix_path.dsv'
[0.462s] INFO:colcon.colcon_core.shell:Creating environment hook '/home/kazusa/kazusa/install/my_cart2/share/my_cart2/hook/cmake_prefix_path.sh'
[0.463s] Level 1:colcon.colcon_core.environment:checking '/home/kazusa/kazusa/install/my_cart2/lib'
[0.463s] Level 1:colcon.colcon_core.environment:checking '/home/kazusa/kazusa/install/my_cart2/bin'
[0.463s] Level 1:colcon.colcon_core.environment:checking '/home/kazusa/kazusa/install/my_cart2/lib/pkgconfig/my_cart2.pc'
[0.463s] Level 1:colcon.colcon_core.environment:checking '/home/kazusa/kazusa/install/my_cart2/lib/python3.12/site-packages'
[0.464s] Level 1:colcon.colcon_core.environment:checking '/home/kazusa/kazusa/install/my_cart2/bin'
[0.464s] INFO:colcon.colcon_core.shell:Creating package script '/home/kazusa/kazusa/install/my_cart2/share/my_cart2/package.ps1'
[0.465s] INFO:colcon.colcon_core.shell:Creating package descriptor '/home/kazusa/kazusa/install/my_cart2/share/my_cart2/package.dsv'
[0.465s] INFO:colcon.colcon_core.shell:Creating package script '/home/kazusa/kazusa/install/my_cart2/share/my_cart2/package.sh'
[0.466s] INFO:colcon.colcon_core.shell:Creating package script '/home/kazusa/kazusa/install/my_cart2/share/my_cart2/package.bash'
[0.466s] INFO:colcon.colcon_core.shell:Creating package script '/home/kazusa/kazusa/install/my_cart2/share/my_cart2/package.zsh'
[0.467s] Level 1:colcon.colcon_core.environment:create_file_with_runtime_dependencies(/home/kazusa/kazusa/install/my_cart2/share/colcon-core/packages/my_cart2)
[0.467s] Level 1:colcon.colcon_core.environment:create_environment_scripts_only(my_cart2)
[0.468s] Level 1:colcon.colcon_core.environment:checking '/home/kazusa/kazusa/install/my_cart2' for CMake module files
[0.468s] Level 1:colcon.colcon_core.environment:checking '/home/kazusa/kazusa/install/my_cart2' for CMake config files
[0.468s] Level 1:colcon.colcon_core.shell:create_environment_hook('my_cart2', 'cmake_prefix_path')
[0.469s] INFO:colcon.colcon_core.shell:Creating environment hook '/home/kazusa/kazusa/install/my_cart2/share/my_cart2/hook/cmake_prefix_path.ps1'
[0.469s] INFO:colcon.colcon_core.shell:Creating environment descriptor '/home/kazusa/kazusa/install/my_cart2/share/my_cart2/hook/cmake_prefix_path.dsv'
[0.469s] INFO:colcon.colcon_core.shell:Creating environment hook '/home/kazusa/kazusa/install/my_cart2/share/my_cart2/hook/cmake_prefix_path.sh'
[0.470s] Level 1:colcon.colcon_core.environment:checking '/home/kazusa/kazusa/install/my_cart2/lib'
[0.470s] Level 1:colcon.colcon_core.environment:checking '/home/kazusa/kazusa/install/my_cart2/bin'
[0.470s] Level 1:colcon.colcon_core.environment:checking '/home/kazusa/kazusa/install/my_cart2/lib/pkgconfig/my_cart2.pc'
[0.470s] Level 1:colcon.colcon_core.environment:checking '/home/kazusa/kazusa/install/my_cart2/lib/python3.12/site-packages'
[0.471s] Level 1:colcon.colcon_core.environment:checking '/home/kazusa/kazusa/install/my_cart2/bin'
[0.471s] INFO:colcon.colcon_core.shell:Creating package script '/home/kazusa/kazusa/install/my_cart2/share/my_cart2/package.ps1'
[0.471s] INFO:colcon.colcon_core.shell:Creating package descriptor '/home/kazusa/kazusa/install/my_cart2/share/my_cart2/package.dsv'
[0.472s] INFO:colcon.colcon_core.shell:Creating package script '/home/kazusa/kazusa/install/my_cart2/share/my_cart2/package.sh'
[0.472s] INFO:colcon.colcon_core.shell:Creating package script '/home/kazusa/kazusa/install/my_cart2/share/my_cart2/package.bash'
[0.472s] INFO:colcon.colcon_core.shell:Creating package script '/home/kazusa/kazusa/install/my_cart2/share/my_cart2/package.zsh'
[0.473s] Level 1:colcon.colcon_core.environment:create_file_with_runtime_dependencies(/home/kazusa/kazusa/install/my_cart2/share/colcon-core/packages/my_cart2)
[0.656s] DEBUG:colcon.colcon_core.event_handler.log_command:Invoked command in '/home/kazusa/kazusa/build/custom_msgs' returned '0': CMAKE_PREFIX_PATH=${CMAKE_PREFIX_PATH}:/opt/ros/jazzy DEBUGINFOD_URLS=https://debuginfod.ubuntu.com /usr/bin/cmake --build /home/kazusa/kazusa/build/custom_msgs -- -j12 -l12
[0.657s] DEBUG:colcon.colcon_core.event_handler.log_command:Invoking command in '/home/kazusa/kazusa/build/custom_msgs': CMAKE_PREFIX_PATH=${CMAKE_PREFIX_PATH}:/opt/ros/jazzy DEBUGINFOD_URLS=https://debuginfod.ubuntu.com /usr/bin/cmake --install /home/kazusa/kazusa/build/custom_msgs
[0.703s] Level 1:colcon.colcon_core.environment:create_environment_scripts_only(custom_msgs)
[0.704s] Level 1:colcon.colcon_core.environment:checking '/home/kazusa/kazusa/install/custom_msgs' for CMake module files
[0.705s] DEBUG:colcon.colcon_core.event_handler.log_command:Invoked command in '/home/kazusa/kazusa/build/custom_msgs' returned '0': CMAKE_PREFIX_PATH=${CMAKE_PREFIX_PATH}:/opt/ros/jazzy DEBUGINFOD_URLS=https://debuginfod.ubuntu.com /usr/bin/cmake --install /home/kazusa/kazusa/build/custom_msgs
[0.705s] Level 1:colcon.colcon_core.environment:checking '/home/kazusa/kazusa/install/custom_msgs' for CMake config files
[0.705s] Level 1:colcon.colcon_core.shell:create_environment_hook('custom_msgs', 'cmake_prefix_path')
[0.706s] INFO:colcon.colcon_core.shell:Creating environment hook '/home/kazusa/kazusa/install/custom_msgs/share/custom_msgs/hook/cmake_prefix_path.ps1'
[0.706s] INFO:colcon.colcon_core.shell:Creating environment descriptor '/home/kazusa/kazusa/install/custom_msgs/share/custom_msgs/hook/cmake_prefix_path.dsv'
[0.706s] INFO:colcon.colcon_core.shell:Creating environment hook '/home/kazusa/kazusa/install/custom_msgs/share/custom_msgs/hook/cmake_prefix_path.sh'
[0.706s] Level 1:colcon.colcon_core.environment:checking '/home/kazusa/kazusa/install/custom_msgs/lib'
[0.707s] Level 1:colcon.colcon_core.shell:create_environment_hook('custom_msgs', 'ld_library_path_lib')
[0.707s] INFO:colcon.colcon_core.shell:Creating environment hook '/home/kazusa/kazusa/install/custom_msgs/share/custom_msgs/hook/ld_library_path_lib.ps1'
[0.707s] INFO:colcon.colcon_core.shell:Creating environment descriptor '/home/kazusa/kazusa/install/custom_msgs/share/custom_msgs/hook/ld_library_path_lib.dsv'
[0.707s] INFO:colcon.colcon_core.shell:Creating environment hook '/home/kazusa/kazusa/install/custom_msgs/share/custom_msgs/hook/ld_library_path_lib.sh'
[0.707s] Level 1:colcon.colcon_core.environment:checking '/home/kazusa/kazusa/install/custom_msgs/bin'
[0.707s] Level 1:colcon.colcon_core.environment:checking '/home/kazusa/kazusa/install/custom_msgs/lib/pkgconfig/custom_msgs.pc'
[0.707s] Level 1:colcon.colcon_core.environment:checking '/home/kazusa/kazusa/install/custom_msgs/lib/python3.12/site-packages'
[0.707s] Level 1:colcon.colcon_core.shell:create_environment_hook('custom_msgs', 'pythonpath')
[0.707s] INFO:colcon.colcon_core.shell:Creating environment hook '/home/kazusa/kazusa/install/custom_msgs/share/custom_msgs/hook/pythonpath.ps1'
[0.708s] INFO:colcon.colcon_core.shell:Creating environment descriptor '/home/kazusa/kazusa/install/custom_msgs/share/custom_msgs/hook/pythonpath.dsv'
[0.708s] INFO:colcon.colcon_core.shell:Creating environment hook '/home/kazusa/kazusa/install/custom_msgs/share/custom_msgs/hook/pythonpath.sh'
[0.708s] Level 1:colcon.colcon_core.environment:checking '/home/kazusa/kazusa/install/custom_msgs/bin'
[0.708s] INFO:colcon.colcon_core.shell:Creating package script '/home/kazusa/kazusa/install/custom_msgs/share/custom_msgs/package.ps1'
[0.709s] INFO:colcon.colcon_core.shell:Creating package descriptor '/home/kazusa/kazusa/install/custom_msgs/share/custom_msgs/package.dsv'
[0.709s] INFO:colcon.colcon_core.shell:Creating package script '/home/kazusa/kazusa/install/custom_msgs/share/custom_msgs/package.sh'
[0.709s] INFO:colcon.colcon_core.shell:Creating package script '/home/kazusa/kazusa/install/custom_msgs/share/custom_msgs/package.bash'
[0.709s] INFO:colcon.colcon_core.shell:Creating package script '/home/kazusa/kazusa/install/custom_msgs/share/custom_msgs/package.zsh'
[0.710s] Level 1:colcon.colcon_core.environment:create_file_with_runtime_dependencies(/home/kazusa/kazusa/install/custom_msgs/share/colcon-core/packages/custom_msgs)
[0.710s] Level 1:colcon.colcon_core.environment:create_environment_scripts_only(custom_msgs)
[0.710s] Level 1:colcon.colcon_core.environment:checking '/home/kazusa/kazusa/install/custom_msgs' for CMake module files
[0.710s] Level 1:colcon.colcon_core.environment:checking '/home/kazusa/kazusa/install/custom_msgs' for CMake config files
[0.711s] Level 1:colcon.colcon_core.shell:create_environment_hook('custom_msgs', 'cmake_prefix_path')
[0.711s] INFO:colcon.colcon_core.shell:Creating environment hook '/home/kazusa/kazusa/install/custom_msgs/share/custom_msgs/hook/cmake_prefix_path.ps1'
[0.711s] INFO:colcon.colcon_core.shell:Creating environment descriptor '/home/kazusa/kazusa/install/custom_msgs/share/custom_msgs/hook/cmake_prefix_path.dsv'
[0.711s] INFO:colcon.colcon_core.shell:Creating environment hook '/home/kazusa/kazusa/install/custom_msgs/share/custom_msgs/hook/cmake_prefix_path.sh'
[0.712s] Level 1:colcon.colcon_core.environment:checking '/home/kazusa/kazusa/install/custom_msgs/lib'
[0.712s] Level 1:colcon.colcon_core.shell:create_environment_hook('custom_msgs', 'ld_library_path_lib')
[0.712s] INFO:colcon.colcon_core.shell:Creating environment hook '/home/kazusa/kazusa/install/custom_msgs/share/custom_msgs/hook/ld_library_path_lib.ps1'
[0.712s] INFO:colcon.colcon_core.shell:Creating environment descriptor '/home/kazusa/kazusa/install/custom_msgs/share/custom_msgs/hook/ld_library_path_lib.dsv'
[0.712s] INFO:colcon.colcon_core.shell:Creating environment hook '/home/kazusa/kazusa/install/custom_msgs/share/custom_msgs/hook/ld_library_path_lib.sh'
[0.712s] Level 1:colcon.colcon_core.environment:checking '/home/kazusa/kazusa/install/custom_msgs/bin'
[0.712s] Level 1:colcon.colcon_core.environment:checking '/home/kazusa/kazusa/install/custom_msgs/lib/pkgconfig/custom_msgs.pc'
[0.712s] Level 1:colcon.colcon_core.environment:checking '/home/kazusa/kazusa/install/custom_msgs/lib/python3.12/site-packages'
[0.712s] Level 1:colcon.colcon_core.shell:create_environment_hook('custom_msgs', 'pythonpath')
[0.712s] INFO:colcon.colcon_core.shell:Creating environment hook '/home/kazusa/kazusa/install/custom_msgs/share/custom_msgs/hook/pythonpath.ps1'
[0.713s] INFO:colcon.colcon_core.shell:Creating environment descriptor '/home/kazusa/kazusa/install/custom_msgs/share/custom_msgs/hook/pythonpath.dsv'
[0.713s] INFO:colcon.colcon_core.shell:Creating environment hook '/home/kazusa/kazusa/install/custom_msgs/share/custom_msgs/hook/pythonpath.sh'
[0.713s] Level 1:colcon.colcon_core.environment:checking '/home/kazusa/kazusa/install/custom_msgs/bin'
[0.713s] INFO:colcon.colcon_core.shell:Creating package script '/home/kazusa/kazusa/install/custom_msgs/share/custom_msgs/package.ps1'
[0.714s] INFO:colcon.colcon_core.shell:Creating package descriptor '/home/kazusa/kazusa/install/custom_msgs/share/custom_msgs/package.dsv'
[0.714s] INFO:colcon.colcon_core.shell:Creating package script '/home/kazusa/kazusa/install/custom_msgs/share/custom_msgs/package.sh'
[0.714s] INFO:colcon.colcon_core.shell:Creating package script '/home/kazusa/kazusa/install/custom_msgs/share/custom_msgs/package.bash'
[0.715s] INFO:colcon.colcon_core.shell:Creating package script '/home/kazusa/kazusa/install/custom_msgs/share/custom_msgs/package.zsh'
[0.715s] Level 1:colcon.colcon_core.environment:create_file_with_runtime_dependencies(/home/kazusa/kazusa/install/custom_msgs/share/colcon-core/packages/custom_msgs)
[0.715s] INFO:colcon.colcon_ros.task.ament_cmake.build:Building ROS package in '/home/kazusa/kazusa/ver0/esp_agent' with build type 'ament_cmake'
[0.715s] INFO:colcon.colcon_cmake.task.cmake.build:Building CMake package in '/home/kazusa/kazusa/ver0/esp_agent'
[0.715s] INFO:colcon.colcon_core.shell:Skip shell extension 'powershell' for command environment: Not usable outside of PowerShell
[0.715s] DEBUG:colcon.colcon_core.shell:Skip shell extension 'dsv' for command environment
[0.719s] DEBUG:colcon.colcon_core.event_handler.log_command:Invoked command in '/home/kazusa/kazusa/build/controller' returned '0': CMAKE_PREFIX_PATH=${CMAKE_PREFIX_PATH}:/opt/ros/jazzy DEBUGINFOD_URLS=https://debuginfod.ubuntu.com /usr/bin/cmake --build /home/kazusa/kazusa/build/controller -- -j12 -l12
[0.720s] DEBUG:colcon.colcon_core.event_handler.log_command:Invoking command in '/home/kazusa/kazusa/build/controller': CMAKE_PREFIX_PATH=${CMAKE_PREFIX_PATH}:/opt/ros/jazzy DEBUGINFOD_URLS=https://debuginfod.ubuntu.com /usr/bin/cmake --install /home/kazusa/kazusa/build/controller
[0.725s] DEBUG:colcon.colcon_core.event_handler.log_command:Invoking command in '/home/kazusa/kazusa/build/esp_agent': CMAKE_PREFIX_PATH=/home/kazusa/kazusa/install/custom_msgs:/home/kazusa/kazusa/install/my_cart2:/home/kazusa/kazusa/install/mola_conf:/home/kazusa/kazusa/install/mast:/home/kazusa/kazusa/install/launcher:/home/kazusa/kazusa/install/esp_agent:/home/kazusa/kazusa/install/controller_src:/home/kazusa/kazusa/install/controller:/home/kazusa/kazusa/install/amcl_config:/home/kazusa/ros2_deps_ws/install/emcl2:/opt/ros/jazzy/opt/gz_sim_vendor:/opt/ros/jazzy/opt/gz_sensors_vendor:/opt/ros/jazzy/opt/gz_physics_vendor:/opt/ros/jazzy/opt/sdformat_vendor:/opt/ros/jazzy/opt/gz_gui_vendor:/opt/ros/jazzy/opt/gz_transport_vendor:/opt/ros/jazzy/opt/gz_rendering_vendor:/opt/ros/jazzy/opt/gz_plugin_vendor:/opt/ros/jazzy/opt/gz_fuel_tools_vendor:/opt/ros/jazzy/opt/gz_msgs_vendor:/opt/ros/jazzy/opt/gz_common_vendor:/opt/ros/jazzy/opt/gz_math_vendor:/opt/ros/jazzy/opt/gz_utils_vendor:/opt/ros/jazzy/opt/gz_tools_vendor:/opt/ros/jazzy/opt/gz_ogre_next_vendor:/opt/ros/jazzy/opt/gz_dartsim_vendor:/opt/ros/jazzy/opt/gz_cmake_vendor:/opt/ros/jazzy DEBUGINFOD_URLS=https://debuginfod.ubuntu.com /usr/bin/cmake --build /home/kazusa/kazusa/build/esp_agent -- -j12 -l12
[0.781s] Level 1:colcon.colcon_core.environment:create_environment_scripts_only(controller)
[0.781s] Level 1:colcon.colcon_core.environment:checking '/home/kazusa/kazusa/install/controller' for CMake module files
[0.782s] DEBUG:colcon.colcon_core.event_handler.log_command:Invoked command in '/home/kazusa/kazusa/build/controller' returned '0': CMAKE_PREFIX_PATH=${CMAKE_PREFIX_PATH}:/opt/ros/jazzy DEBUGINFOD_URLS=https://debuginfod.ubuntu.com /usr/bin/cmake --install /home/kazusa/kazusa/build/controller
[0.782s] Level 1:colcon.colcon_core.environment:checking '/home/kazusa/kazusa/install/controller' for CMake config files
[0.783s] Level 1:colcon.colcon_core.shell:create_environment_hook('controller', 'cmake_prefix_path')
[0.783s] INFO:colcon.colcon_core.shell:Creating environment hook '/home/kazusa/kazusa/install/controller/share/controller/hook/cmake_prefix_path.ps1'
[0.783s] INFO:colcon.colcon_core.shell:Creating environment descriptor '/home/kazusa/kazusa/install/controller/share/controller/hook/cmake_prefix_path.dsv'
[0.783s] INFO:colcon.colcon_core.shell:Creating environment hook '/home/kazusa/kazusa/install/controller/share/controller/hook/cmake_prefix_path.sh'
[0.784s] Level 1:colcon.colcon_core.environment:checking '/home/kazusa/kazusa/install/controller/lib'
[0.784s] Level 1:colcon.colcon_core.shell:create_environment_hook('controller', 'ld_library_path_lib')
[0.784s] INFO:colcon.colcon_core.shell:Creating environment hook '/home/kazusa/kazusa/install/controller/share/controller/hook/ld_library_path_lib.ps1'
[0.784s] INFO:colcon.colcon_core.shell:Creating environment descriptor '/home/kazusa/kazusa/install/controller/share/controller/hook/ld_library_path_lib.dsv'
[0.784s] INFO:colcon.colcon_core.shell:Creating environment hook '/home/kazusa/kazusa/install/controller/share/controller/hook/ld_library_path_lib.sh'
[0.784s] Level 1:colcon.colcon_core.environment:checking '/home/kazusa/kazusa/install/controller/bin'
[0.784s] Level 1:colcon.colcon_core.environment:checking '/home/kazusa/kazusa/install/controller/lib/pkgconfig/controller.pc'
[0.785s] Level 1:colcon.colcon_core.environment:checking '/home/kazusa/kazusa/install/controller/lib/python3.12/site-packages'
[0.785s] Level 1:colcon.colcon_core.shell:create_environment_hook('controller', 'pythonpath')
[0.785s] INFO:colcon.colcon_core.shell:Creating environment hook '/home/kazusa/kazusa/install/controller/share/controller/hook/pythonpath.ps1'
[0.785s] INFO:colcon.colcon_core.shell:Creating environment descriptor '/home/kazusa/kazusa/install/controller/share/controller/hook/pythonpath.dsv'
[0.785s] INFO:colcon.colcon_core.shell:Creating environment hook '/home/kazusa/kazusa/install/controller/share/controller/hook/pythonpath.sh'
[0.786s] Level 1:colcon.colcon_core.environment:checking '/home/kazusa/kazusa/install/controller/bin'
[0.786s] INFO:colcon.colcon_core.shell:Creating package script '/home/kazusa/kazusa/install/controller/share/controller/package.ps1'
[0.786s] INFO:colcon.colcon_core.shell:Creating package descriptor '/home/kazusa/kazusa/install/controller/share/controller/package.dsv'
[0.787s] INFO:colcon.colcon_core.shell:Creating package script '/home/kazusa/kazusa/install/controller/share/controller/package.sh'
[0.787s] INFO:colcon.colcon_core.shell:Creating package script '/home/kazusa/kazusa/install/controller/share/controller/package.bash'
[0.787s] INFO:colcon.colcon_core.shell:Creating package script '/home/kazusa/kazusa/install/controller/share/controller/package.zsh'
[0.787s] Level 1:colcon.colcon_core.environment:create_file_with_runtime_dependencies(/home/kazusa/kazusa/install/controller/share/colcon-core/packages/controller)
[0.788s] Level 1:colcon.colcon_core.environment:create_environment_scripts_only(controller)
[0.788s] Level 1:colcon.colcon_core.environment:checking '/home/kazusa/kazusa/install/controller' for CMake module files
[0.789s] Level 1:colcon.colcon_core.environment:checking '/home/kazusa/kazusa/install/controller' for CMake config files
[0.789s] Level 1:colcon.colcon_core.shell:create_environment_hook('controller', 'cmake_prefix_path')
[0.790s] INFO:colcon.colcon_core.shell:Creating environment hook '/home/kazusa/kazusa/install/controller/share/controller/hook/cmake_prefix_path.ps1'
[0.790s] INFO:colcon.colcon_core.shell:Creating environment descriptor '/home/kazusa/kazusa/install/controller/share/controller/hook/cmake_prefix_path.dsv'
[0.790s] INFO:colcon.colcon_core.shell:Creating environment hook '/home/kazusa/kazusa/install/controller/share/controller/hook/cmake_prefix_path.sh'
[0.791s] Level 1:colcon.colcon_core.environment:checking '/home/kazusa/kazusa/install/controller/lib'
[0.791s] Level 1:colcon.colcon_core.shell:create_environment_hook('controller', 'ld_library_path_lib')
[0.791s] INFO:colcon.colcon_core.shell:Creating environment hook '/home/kazusa/kazusa/install/controller/share/controller/hook/ld_library_path_lib.ps1'
[0.791s] INFO:colcon.colcon_core.shell:Creating environment descriptor '/home/kazusa/kazusa/install/controller/share/controller/hook/ld_library_path_lib.dsv'
[0.792s] INFO:colcon.colcon_core.shell:Creating environment hook '/home/kazusa/kazusa/install/controller/share/controller/hook/ld_library_path_lib.sh'
[0.792s] Level 1:colcon.colcon_core.environment:checking '/home/kazusa/kazusa/install/controller/bin'
[0.792s] Level 1:colcon.colcon_core.environment:checking '/home/kazusa/kazusa/install/controller/lib/pkgconfig/controller.pc'
[0.792s] Level 1:colcon.colcon_core.environment:checking '/home/kazusa/kazusa/install/controller/lib/python3.12/site-packages'
[0.792s] Level 1:colcon.colcon_core.shell:create_environment_hook('controller', 'pythonpath')
[0.792s] INFO:colcon.colcon_core.shell:Creating environment hook '/home/kazusa/kazusa/install/controller/share/controller/hook/pythonpath.ps1'
[0.793s] INFO:colcon.colcon_core.shell:Creating environment descriptor '/home/kazusa/kazusa/install/controller/share/controller/hook/pythonpath.dsv'
[0.793s] INFO:colcon.colcon_core.shell:Creating environment hook '/home/kazusa/kazusa/install/controller/share/controller/hook/pythonpath.sh'
[0.793s] Level 1:colcon.colcon_core.environment:checking '/home/kazusa/kazusa/install/controller/bin'
[0.794s] INFO:colcon.colcon_core.shell:Creating package script '/home/kazusa/kazusa/install/controller/share/controller/package.ps1'
[0.794s] INFO:colcon.colcon_core.shell:Creating package descriptor '/home/kazusa/kazusa/install/controller/share/controller/package.dsv'
[0.794s] INFO:colcon.colcon_core.shell:Creating package script '/home/kazusa/kazusa/install/controller/share/controller/package.sh'
[0.795s] INFO:colcon.colcon_core.shell:Creating package script '/home/kazusa/kazusa/install/controller/share/controller/package.bash'
[0.795s] INFO:colcon.colcon_core.shell:Creating package script '/home/kazusa/kazusa/install/controller/share/controller/package.zsh'
[0.795s] Level 1:colcon.colcon_core.environment:create_file_with_runtime_dependencies(/home/kazusa/kazusa/install/controller/share/colcon-core/packages/controller)
[0.796s] INFO:colcon.colcon_ros.task.ament_cmake.build:Building ROS package in '/home/kazusa/kazusa/ver0/controller_src' with build type 'ament_cmake'
[0.796s] INFO:colcon.colcon_cmake.task.cmake.build:Building CMake package in '/home/kazusa/kazusa/ver0/controller_src'
[0.796s] INFO:colcon.colcon_core.shell:Skip shell extension 'powershell' for command environment: Not usable outside of PowerShell
[0.796s] DEBUG:colcon.colcon_core.shell:Skip shell extension 'dsv' for command environment
[0.800s] INFO:colcon.colcon_ros.task.ament_cmake.build:Building ROS package in '/home/kazusa/kazusa/ver0/mast' with build type 'ament_cmake'
[0.800s] INFO:colcon.colcon_cmake.task.cmake.build:Building CMake package in '/home/kazusa/kazusa/ver0/mast'
[0.800s] INFO:colcon.colcon_core.shell:Skip shell extension 'powershell' for command environment: Not usable outside of PowerShell
[0.800s] DEBUG:colcon.colcon_core.shell:Skip shell extension 'dsv' for command environment
[0.808s] DEBUG:colcon.colcon_core.event_handler.log_command:Invoking command in '/home/kazusa/kazusa/build/controller_src': CMAKE_PREFIX_PATH=/home/kazusa/kazusa/install/controller:/home/kazusa/kazusa/install/my_cart2:/home/kazusa/kazusa/install/mola_conf:/home/kazusa/kazusa/install/mast:/home/kazusa/kazusa/install/launcher:/home/kazusa/kazusa/install/esp_agent:/home/kazusa/kazusa/install/custom_msgs:/home/kazusa/kazusa/install/controller_src:/home/kazusa/kazusa/install/amcl_config:/home/kazusa/ros2_deps_ws/install/emcl2:/opt/ros/jazzy/opt/gz_sim_vendor:/opt/ros/jazzy/opt/gz_sensors_vendor:/opt/ros/jazzy/opt/gz_physics_vendor:/opt/ros/jazzy/opt/sdformat_vendor:/opt/ros/jazzy/opt/gz_gui_vendor:/opt/ros/jazzy/opt/gz_transport_vendor:/opt/ros/jazzy/opt/gz_rendering_vendor:/opt/ros/jazzy/opt/gz_plugin_vendor:/opt/ros/jazzy/opt/gz_fuel_tools_vendor:/opt/ros/jazzy/opt/gz_msgs_vendor:/opt/ros/jazzy/opt/gz_common_vendor:/opt/ros/jazzy/opt/gz_math_vendor:/opt/ros/jazzy/opt/gz_utils_vendor:/opt/ros/jazzy/opt/gz_tools_vendor:/opt/ros/jazzy/opt/gz_ogre_next_vendor:/opt/ros/jazzy/opt/gz_dartsim_vendor:/opt/ros/jazzy/opt/gz_cmake_vendor:/opt/ros/jazzy DEBUGINFOD_URLS=https://debuginfod.ubuntu.com LD_LIBRARY_PATH=/home/kazusa/kazusa/install/controller/lib:/home/kazusa/kazusa/install/custom_msgs/lib:/opt/ros/jazzy/opt/gz_sim_vendor/lib:/opt/ros/jazzy/opt/gz_sensors_vendor/lib:/opt/ros/jazzy/opt/gz_physics_vendor/lib:/opt/ros/jazzy/opt/sdformat_vendor/lib:/opt/ros/jazzy/opt/rviz_ogre_vendor/lib:/opt/ros/jazzy/lib/x86_64-linux-gnu:/opt/ros/jazzy/opt/gz_gui_vendor/lib:/opt/ros/jazzy/opt/gz_transport_vendor/lib:/opt/ros/jazzy/opt/gz_rendering_vendor/lib:/opt/ros/jazzy/opt/gz_plugin_vendor/lib:/opt/ros/jazzy/opt/gz_fuel_tools_vendor/lib:/opt/ros/jazzy/opt/gz_msgs_vendor/lib:/opt/ros/jazzy/opt/gz_common_vendor/lib:/opt/ros/jazzy/opt/gz_math_vendor/lib:/opt/ros/jazzy/opt/gz_utils_vendor/lib:/opt/ros/jazzy/opt/gz_tools_vendor/lib:/opt/ros/jazzy/opt/gz_ogre_next_vendor/lib:/opt/ros/jazzy/opt/gz_dartsim_vendor/lib:/opt/ros/jazzy/opt/gz_cmake_vendor/lib:/opt/ros/jazzy/lib PYTHONPATH=/home/kazusa/kazusa/install/controller/lib/python3.12/site-packages:/home/kazusa/kazusa/install/custom_msgs/lib/python3.12/site-packages:/opt/ros/jazzy/lib/python3.12/site-packages /usr/bin/cmake --build /home/kazusa/kazusa/build/controller_src -- -j12 -l12
[0.809s] DEBUG:colcon.colcon_core.event_handler.log_command:Invoked command in '/home/kazusa/kazusa/build/esp_agent' returned '0': CMAKE_PREFIX_PATH=/home/kazusa/kazusa/install/custom_msgs:/home/kazusa/kazusa/install/my_cart2:/home/kazusa/kazusa/install/mola_conf:/home/kazusa/kazusa/install/mast:/home/kazusa/kazusa/install/launcher:/home/kazusa/kazusa/install/esp_agent:/home/kazusa/kazusa/install/controller_src:/home/kazusa/kazusa/install/controller:/home/kazusa/kazusa/install/amcl_config:/home/kazusa/ros2_deps_ws/install/emcl2:/opt/ros/jazzy/opt/gz_sim_vendor:/opt/ros/jazzy/opt/gz_sensors_vendor:/opt/ros/jazzy/opt/gz_physics_vendor:/opt/ros/jazzy/opt/sdformat_vendor:/opt/ros/jazzy/opt/gz_gui_vendor:/opt/ros/jazzy/opt/gz_transport_vendor:/opt/ros/jazzy/opt/gz_rendering_vendor:/opt/ros/jazzy/opt/gz_plugin_vendor:/opt/ros/jazzy/opt/gz_fuel_tools_vendor:/opt/ros/jazzy/opt/gz_msgs_vendor:/opt/ros/jazzy/opt/gz_common_vendor:/opt/ros/jazzy/opt/gz_math_vendor:/opt/ros/jazzy/opt/gz_utils_vendor:/opt/ros/jazzy/opt/gz_tools_vendor:/opt/ros/jazzy/opt/gz_ogre_next_vendor:/opt/ros/jazzy/opt/gz_dartsim_vendor:/opt/ros/jazzy/opt/gz_cmake_vendor:/opt/ros/jazzy DEBUGINFOD_URLS=https://debuginfod.ubuntu.com /usr/bin/cmake --build /home/kazusa/kazusa/build/esp_agent -- -j12 -l12
[0.811s] DEBUG:colcon.colcon_core.event_handler.log_command:Invoking command in '/home/kazusa/kazusa/build/esp_agent': CMAKE_PREFIX_PATH=/home/kazusa/kazusa/install/custom_msgs:/home/kazusa/kazusa/install/my_cart2:/home/kazusa/kazusa/install/mola_conf:/home/kazusa/kazusa/install/mast:/home/kazusa/kazusa/install/launcher:/home/kazusa/kazusa/install/esp_agent:/home/kazusa/kazusa/install/controller_src:/home/kazusa/kazusa/install/controller:/home/kazusa/kazusa/install/amcl_config:/home/kazusa/ros2_deps_ws/install/emcl2:/opt/ros/jazzy/opt/gz_sim_vendor:/opt/ros/jazzy/opt/gz_sensors_vendor:/opt/ros/jazzy/opt/gz_physics_vendor:/opt/ros/jazzy/opt/sdformat_vendor:/opt/ros/jazzy/opt/gz_gui_vendor:/opt/ros/jazzy/opt/gz_transport_vendor:/opt/ros/jazzy/opt/gz_rendering_vendor:/opt/ros/jazzy/opt/gz_plugin_vendor:/opt/ros/jazzy/opt/gz_fuel_tools_vendor:/opt/ros/jazzy/opt/gz_msgs_vendor:/opt/ros/jazzy/opt/gz_common_vendor:/opt/ros/jazzy/opt/gz_math_vendor:/opt/ros/jazzy/opt/gz_utils_vendor:/opt/ros/jazzy/opt/gz_tools_vendor:/opt/ros/jazzy/opt/gz_ogre_next_vendor:/opt/ros/jazzy/opt/gz_dartsim_vendor:/opt/ros/jazzy/opt/gz_cmake_vendor:/opt/ros/jazzy DEBUGINFOD_URLS=https://debuginfod.ubuntu.com /usr/bin/cmake --install /home/kazusa/kazusa/build/esp_agent
[0.813s] DEBUG:colcon.colcon_core.event_handler.log_command:Invoking command in '/home/kazusa/kazusa/build/mast': CMAKE_PREFIX_PATH=/home/kazusa/kazusa/install/custom_msgs:/home/kazusa/kazusa/install/controller:/home/kazusa/kazusa/install/my_cart2:/home/kazusa/kazusa/install/mola_conf:/home/kazusa/kazusa/install/mast:/home/kazusa/kazusa/install/launcher:/home/kazusa/kazusa/install/esp_agent:/home/kazusa/kazusa/install/controller_src:/home/kazusa/kazusa/install/amcl_config:/home/kazusa/ros2_deps_ws/install/emcl2:/opt/ros/jazzy/opt/gz_sim_vendor:/opt/ros/jazzy/opt/gz_sensors_vendor:/opt/ros/jazzy/opt/gz_physics_vendor:/opt/ros/jazzy/opt/sdformat_vendor:/opt/ros/jazzy/opt/gz_gui_vendor:/opt/ros/jazzy/opt/gz_transport_vendor:/opt/ros/jazzy/opt/gz_rendering_vendor:/opt/ros/jazzy/opt/gz_plugin_vendor:/opt/ros/jazzy/opt/gz_fuel_tools_vendor:/opt/ros/jazzy/opt/gz_msgs_vendor:/opt/ros/jazzy/opt/gz_common_vendor:/opt/ros/jazzy/opt/gz_math_vendor:/opt/ros/jazzy/opt/gz_utils_vendor:/opt/ros/jazzy/opt/gz_tools_vendor:/opt/ros/jazzy/opt/gz_ogre_next_vendor:/opt/ros/jazzy/opt/gz_dartsim_vendor:/opt/ros/jazzy/opt/gz_cmake_vendor:/opt/ros/jazzy DEBUGINFOD_URLS=https://debuginfod.ubuntu.com /usr/bin/cmake --build /home/kazusa/kazusa/build/mast -- -j12 -l12
[0.820s] Level 1:colcon.colcon_core.environment:create_environment_scripts_only(esp_agent)
[0.820s] Level 1:colcon.colcon_core.environment:checking '/home/kazusa/kazusa/install/esp_agent' for CMake module files
[0.820s] DEBUG:colcon.colcon_core.event_handler.log_command:Invoked command in '/home/kazusa/kazusa/build/esp_agent' returned '0': CMAKE_PREFIX_PATH=/home/kazusa/kazusa/install/custom_msgs:/home/kazusa/kazusa/install/my_cart2:/home/kazusa/kazusa/install/mola_conf:/home/kazusa/kazusa/install/mast:/home/kazusa/kazusa/install/launcher:/home/kazusa/kazusa/install/esp_agent:/home/kazusa/kazusa/install/controller_src:/home/kazusa/kazusa/install/controller:/home/kazusa/kazusa/install/amcl_config:/home/kazusa/ros2_deps_ws/install/emcl2:/opt/ros/jazzy/opt/gz_sim_vendor:/opt/ros/jazzy/opt/gz_sensors_vendor:/opt/ros/jazzy/opt/gz_physics_vendor:/opt/ros/jazzy/opt/sdformat_vendor:/opt/ros/jazzy/opt/gz_gui_vendor:/opt/ros/jazzy/opt/gz_transport_vendor:/opt/ros/jazzy/opt/gz_rendering_vendor:/opt/ros/jazzy/opt/gz_plugin_vendor:/opt/ros/jazzy/opt/gz_fuel_tools_vendor:/opt/ros/jazzy/opt/gz_msgs_vendor:/opt/ros/jazzy/opt/gz_common_vendor:/opt/ros/jazzy/opt/gz_math_vendor:/opt/ros/jazzy/opt/gz_utils_vendor:/opt/ros/jazzy/opt/gz_tools_vendor:/opt/ros/jazzy/opt/gz_ogre_next_vendor:/opt/ros/jazzy/opt/gz_dartsim_vendor:/opt/ros/jazzy/opt/gz_cmake_vendor:/opt/ros/jazzy DEBUGINFOD_URLS=https://debuginfod.ubuntu.com /usr/bin/cmake --install /home/kazusa/kazusa/build/esp_agent
[0.821s] Level 1:colcon.colcon_core.environment:checking '/home/kazusa/kazusa/install/esp_agent' for CMake config files
[0.821s] Level 1:colcon.colcon_core.shell:create_environment_hook('esp_agent', 'cmake_prefix_path')
[0.821s] INFO:colcon.colcon_core.shell:Creating environment hook '/home/kazusa/kazusa/install/esp_agent/share/esp_agent/hook/cmake_prefix_path.ps1'
[0.821s] INFO:colcon.colcon_core.shell:Creating environment descriptor '/home/kazusa/kazusa/install/esp_agent/share/esp_agent/hook/cmake_prefix_path.dsv'
[0.822s] INFO:colcon.colcon_core.shell:Creating environment hook '/home/kazusa/kazusa/install/esp_agent/share/esp_agent/hook/cmake_prefix_path.sh'
[0.822s] Level 1:colcon.colcon_core.environment:checking '/home/kazusa/kazusa/install/esp_agent/lib'
[0.822s] Level 1:colcon.colcon_core.environment:checking '/home/kazusa/kazusa/install/esp_agent/bin'
[0.822s] Level 1:colcon.colcon_core.environment:checking '/home/kazusa/kazusa/install/esp_agent/lib/pkgconfig/esp_agent.pc'
[0.823s] Level 1:colcon.colcon_core.environment:checking '/home/kazusa/kazusa/install/esp_agent/lib/python3.12/site-packages'
[0.823s] Level 1:colcon.colcon_core.environment:checking '/home/kazusa/kazusa/install/esp_agent/bin'
[0.823s] INFO:colcon.colcon_core.shell:Creating package script '/home/kazusa/kazusa/install/esp_agent/share/esp_agent/package.ps1'
[0.823s] INFO:colcon.colcon_core.shell:Creating package descriptor '/home/kazusa/kazusa/install/esp_agent/share/esp_agent/package.dsv'
[0.824s] INFO:colcon.colcon_core.shell:Creating package script '/home/kazusa/kazusa/install/esp_agent/share/esp_agent/package.sh'
[0.824s] INFO:colcon.colcon_core.shell:Creating package script '/home/kazusa/kazusa/install/esp_agent/share/esp_agent/package.bash'
[0.824s] INFO:colcon.colcon_core.shell:Creating package script '/home/kazusa/kazusa/install/esp_agent/share/esp_agent/package.zsh'
[0.825s] Level 1:colcon.colcon_core.environment:create_file_with_runtime_dependencies(/home/kazusa/kazusa/install/esp_agent/share/colcon-core/packages/esp_agent)
[0.825s] Level 1:colcon.colcon_core.environment:create_environment_scripts_only(esp_agent)
[0.825s] Level 1:colcon.colcon_core.environment:checking '/home/kazusa/kazusa/install/esp_agent' for CMake module files
[0.826s] Level 1:colcon.colcon_core.environment:checking '/home/kazusa/kazusa/install/esp_agent' for CMake config files
[0.826s] Level 1:colcon.colcon_core.shell:create_environment_hook('esp_agent', 'cmake_prefix_path')
[0.826s] INFO:colcon.colcon_core.shell:Creating environment hook '/home/kazusa/kazusa/install/esp_agent/share/esp_agent/hook/cmake_prefix_path.ps1'
[0.826s] INFO:colcon.colcon_core.shell:Creating environment descriptor '/home/kazusa/kazusa/install/esp_agent/share/esp_agent/hook/cmake_prefix_path.dsv'
[0.826s] INFO:colcon.colcon_core.shell:Creating environment hook '/home/kazusa/kazusa/install/esp_agent/share/esp_agent/hook/cmake_prefix_path.sh'
[0.827s] Level 1:colcon.colcon_core.environment:checking '/home/kazusa/kazusa/install/esp_agent/lib'
[0.827s] Level 1:colcon.colcon_core.environment:checking '/home/kazusa/kazusa/install/esp_agent/bin'
[0.827s] Level 1:colcon.colcon_core.environment:checking '/home/kazusa/kazusa/install/esp_agent/lib/pkgconfig/esp_agent.pc'
[0.827s] Level 1:colcon.colcon_core.environment:checking '/home/kazusa/kazusa/install/esp_agent/lib/python3.12/site-packages'
[0.828s] Level 1:colcon.colcon_core.environment:checking '/home/kazusa/kazusa/install/esp_agent/bin'
[0.828s] INFO:colcon.colcon_core.shell:Creating package script '/home/kazusa/kazusa/install/esp_agent/share/esp_agent/package.ps1'
[0.828s] INFO:colcon.colcon_core.shell:Creating package descriptor '/home/kazusa/kazusa/install/esp_agent/share/esp_agent/package.dsv'
[0.829s] INFO:colcon.colcon_core.shell:Creating package script '/home/kazusa/kazusa/install/esp_agent/share/esp_agent/package.sh'
[0.829s] INFO:colcon.colcon_core.shell:Creating package script '/home/kazusa/kazusa/install/esp_agent/share/esp_agent/package.bash'
[0.829s] INFO:colcon.colcon_core.shell:Creating package script '/home/kazusa/kazusa/install/esp_agent/share/esp_agent/package.zsh'
[0.830s] Level 1:colcon.colcon_core.environment:create_file_with_runtime_dependencies(/home/kazusa/kazusa/install/esp_agent/share/colcon-core/packages/esp_agent)
[0.854s] DEBUG:colcon.colcon_core.event_handler.log_command:Invoked command in '/home/kazusa/kazusa/build/controller_src' returned '0': CMAKE_PREFIX_PATH=/home/kazusa/kazusa/install/controller:/home/kazusa/kazusa/install/my_cart2:/home/kazusa/kazusa/install/mola_conf:/home/kazusa/kazusa/install/mast:/home/kazusa/kazusa/install/launcher:/home/kazusa/kazusa/install/esp_agent:/home/kazusa/kazusa/install/custom_msgs:/home/kazusa/kazusa/install/controller_src:/home/kazusa/kazusa/install/amcl_config:/home/kazusa/ros2_deps_ws/install/emcl2:/opt/ros/jazzy/opt/gz_sim_vendor:/opt/ros/jazzy/opt/gz_sensors_vendor:/opt/ros/jazzy/opt/gz_physics_vendor:/opt/ros/jazzy/opt/sdformat_vendor:/opt/ros/jazzy/opt/gz_gui_vendor:/opt/ros/jazzy/opt/gz_transport_vendor:/opt/ros/jazzy/opt/gz_rendering_vendor:/opt/ros/jazzy/opt/gz_plugin_vendor:/opt/ros/jazzy/opt/gz_fuel_tools_vendor:/opt/ros/jazzy/opt/gz_msgs_vendor:/opt/ros/jazzy/opt/gz_common_vendor:/opt/ros/jazzy/opt/gz_math_vendor:/opt/ros/jazzy/opt/gz_utils_vendor:/opt/ros/jazzy/opt/gz_tools_vendor:/opt/ros/jazzy/opt/gz_ogre_next_vendor:/opt/ros/jazzy/opt/gz_dartsim_vendor:/opt/ros/jazzy/opt/gz_cmake_vendor:/opt/ros/jazzy DEBUGINFOD_URLS=https://debuginfod.ubuntu.com LD_LIBRARY_PATH=/home/kazusa/kazusa/install/controller/lib:/home/kazusa/kazusa/install/custom_msgs/lib:/opt/ros/jazzy/opt/gz_sim_vendor/lib:/opt/ros/jazzy/opt/gz_sensors_vendor/lib:/opt/ros/jazzy/opt/gz_physics_vendor/lib:/opt/ros/jazzy/opt/sdformat_vendor/lib:/opt/ros/jazzy/opt/rviz_ogre_vendor/lib:/opt/ros/jazzy/lib/x86_64-linux-gnu:/opt/ros/jazzy/opt/gz_gui_vendor/lib:/opt/ros/jazzy/opt/gz_transport_vendor/lib:/opt/ros/jazzy/opt/gz_rendering_vendor/lib:/opt/ros/jazzy/opt/gz_plugin_vendor/lib:/opt/ros/jazzy/opt/gz_fuel_tools_vendor/lib:/opt/ros/jazzy/opt/gz_msgs_vendor/lib:/opt/ros/jazzy/opt/gz_common_vendor/lib:/opt/ros/jazzy/opt/gz_math_vendor/lib:/opt/ros/jazzy/opt/gz_utils_vendor/lib:/opt/ros/jazzy/opt/gz_tools_vendor/lib:/opt/ros/jazzy/opt/gz_ogre_next_vendor/lib:/opt/ros/jazzy/opt/gz_dartsim_vendor/lib:/opt/ros/jazzy/opt/gz_cmake_vendor/lib:/opt/ros/jazzy/lib PYTHONPATH=/home/kazusa/kazusa/install/controller/lib/python3.12/site-packages:/home/kazusa/kazusa/install/custom_msgs/lib/python3.12/site-packages:/opt/ros/jazzy/lib/python3.12/site-packages /usr/bin/cmake --build /home/kazusa/kazusa/build/controller_src -- -j12 -l12
[0.855s] DEBUG:colcon.colcon_core.event_handler.log_command:Invoking command in '/home/kazusa/kazusa/build/controller_src': CMAKE_PREFIX_PATH=/home/kazusa/kazusa/install/controller:/home/kazusa/kazusa/install/my_cart2:/home/kazusa/kazusa/install/mola_conf:/home/kazusa/kazusa/install/mast:/home/kazusa/kazusa/install/launcher:/home/kazusa/kazusa/install/esp_agent:/home/kazusa/kazusa/install/custom_msgs:/home/kazusa/kazusa/install/controller_src:/home/kazusa/kazusa/install/amcl_config:/home/kazusa/ros2_deps_ws/install/emcl2:/opt/ros/jazzy/opt/gz_sim_vendor:/opt/ros/jazzy/opt/gz_sensors_vendor:/opt/ros/jazzy/opt/gz_physics_vendor:/opt/ros/jazzy/opt/sdformat_vendor:/opt/ros/jazzy/opt/gz_gui_vendor:/opt/ros/jazzy/opt/gz_transport_vendor:/opt/ros/jazzy/opt/gz_rendering_vendor:/opt/ros/jazzy/opt/gz_plugin_vendor:/opt/ros/jazzy/opt/gz_fuel_tools_vendor:/opt/ros/jazzy/opt/gz_msgs_vendor:/opt/ros/jazzy/opt/gz_common_vendor:/opt/ros/jazzy/opt/gz_math_vendor:/opt/ros/jazzy/opt/gz_utils_vendor:/opt/ros/jazzy/opt/gz_tools_vendor:/opt/ros/jazzy/opt/gz_ogre_next_vendor:/opt/ros/jazzy/opt/gz_dartsim_vendor:/opt/ros/jazzy/opt/gz_cmake_vendor:/opt/ros/jazzy DEBUGINFOD_URLS=https://debuginfod.ubuntu.com LD_LIBRARY_PATH=/home/kazusa/kazusa/install/controller/lib:/home/kazusa/kazusa/install/custom_msgs/lib:/opt/ros/jazzy/opt/gz_sim_vendor/lib:/opt/ros/jazzy/opt/gz_sensors_vendor/lib:/opt/ros/jazzy/opt/gz_physics_vendor/lib:/opt/ros/jazzy/opt/sdformat_vendor/lib:/opt/ros/jazzy/opt/rviz_ogre_vendor/lib:/opt/ros/jazzy/lib/x86_64-linux-gnu:/opt/ros/jazzy/opt/gz_gui_vendor/lib:/opt/ros/jazzy/opt/gz_transport_vendor/lib:/opt/ros/jazzy/opt/gz_rendering_vendor/lib:/opt/ros/jazzy/opt/gz_plugin_vendor/lib:/opt/ros/jazzy/opt/gz_fuel_tools_vendor/lib:/opt/ros/jazzy/opt/gz_msgs_vendor/lib:/opt/ros/jazzy/opt/gz_common_vendor/lib:/opt/ros/jazzy/opt/gz_math_vendor/lib:/opt/ros/jazzy/opt/gz_utils_vendor/lib:/opt/ros/jazzy/opt/gz_tools_vendor/lib:/opt/ros/jazzy/opt/gz_ogre_next_vendor/lib:/opt/ros/jazzy/opt/gz_dartsim_vendor/lib:/opt/ros/jazzy/opt/gz_cmake_vendor/lib:/opt/ros/jazzy/lib PYTHONPATH=/home/kazusa/kazusa/install/controller/lib/python3.12/site-packages:/home/kazusa/kazusa/install/custom_msgs/lib/python3.12/site-packages:/opt/ros/jazzy/lib/python3.12/site-packages /usr/bin/cmake --install /home/kazusa/kazusa/build/controller_src
[0.867s] Level 1:colcon.colcon_core.environment:create_environment_scripts_only(controller_src)
[0.867s] Level 1:colcon.colcon_core.environment:checking '/home/kazusa/kazusa/install/controller_src' for CMake module files
[0.868s] DEBUG:colcon.colcon_core.event_handler.log_command:Invoked command in '/home/kazusa/kazusa/build/controller_src' returned '0': CMAKE_PREFIX_PATH=/home/kazusa/kazusa/install/controller:/home/kazusa/kazusa/install/my_cart2:/home/kazusa/kazusa/install/mola_conf:/home/kazusa/kazusa/install/mast:/home/kazusa/kazusa/install/launcher:/home/kazusa/kazusa/install/esp_agent:/home/kazusa/kazusa/install/custom_msgs:/home/kazusa/kazusa/install/controller_src:/home/kazusa/kazusa/install/amcl_config:/home/kazusa/ros2_deps_ws/install/emcl2:/opt/ros/jazzy/opt/gz_sim_vendor:/opt/ros/jazzy/opt/gz_sensors_vendor:/opt/ros/jazzy/opt/gz_physics_vendor:/opt/ros/jazzy/opt/sdformat_vendor:/opt/ros/jazzy/opt/gz_gui_vendor:/opt/ros/jazzy/opt/gz_transport_vendor:/opt/ros/jazzy/opt/gz_rendering_vendor:/opt/ros/jazzy/opt/gz_plugin_vendor:/opt/ros/jazzy/opt/gz_fuel_tools_vendor:/opt/ros/jazzy/opt/gz_msgs_vendor:/opt/ros/jazzy/opt/gz_common_vendor:/opt/ros/jazzy/opt/gz_math_vendor:/opt/ros/jazzy/opt/gz_utils_vendor:/opt/ros/jazzy/opt/gz_tools_vendor:/opt/ros/jazzy/opt/gz_ogre_next_vendor:/opt/ros/jazzy/opt/gz_dartsim_vendor:/opt/ros/jazzy/opt/gz_cmake_vendor:/opt/ros/jazzy DEBUGINFOD_URLS=https://debuginfod.ubuntu.com LD_LIBRARY_PATH=/home/kazusa/kazusa/install/controller/lib:/home/kazusa/kazusa/install/custom_msgs/lib:/opt/ros/jazzy/opt/gz_sim_vendor/lib:/opt/ros/jazzy/opt/gz_sensors_vendor/lib:/opt/ros/jazzy/opt/gz_physics_vendor/lib:/opt/ros/jazzy/opt/sdformat_vendor/lib:/opt/ros/jazzy/opt/rviz_ogre_vendor/lib:/opt/ros/jazzy/lib/x86_64-linux-gnu:/opt/ros/jazzy/opt/gz_gui_vendor/lib:/opt/ros/jazzy/opt/gz_transport_vendor/lib:/opt/ros/jazzy/opt/gz_rendering_vendor/lib:/opt/ros/jazzy/opt/gz_plugin_vendor/lib:/opt/ros/jazzy/opt/gz_fuel_tools_vendor/lib:/opt/ros/jazzy/opt/gz_msgs_vendor/lib:/opt/ros/jazzy/opt/gz_common_vendor/lib:/opt/ros/jazzy/opt/gz_math_vendor/lib:/opt/ros/jazzy/opt/gz_utils_vendor/lib:/opt/ros/jazzy/opt/gz_tools_vendor/lib:/opt/ros/jazzy/opt/gz_ogre_next_vendor/lib:/opt/ros/jazzy/opt/gz_dartsim_vendor/lib:/opt/ros/jazzy/opt/gz_cmake_vendor/lib:/opt/ros/jazzy/lib PYTHONPATH=/home/kazusa/kazusa/install/controller/lib/python3.12/site-packages:/home/kazusa/kazusa/install/custom_msgs/lib/python3.12/site-packages:/opt/ros/jazzy/lib/python3.12/site-packages /usr/bin/cmake --install /home/kazusa/kazusa/build/controller_src
[0.868s] Level 1:colcon.colcon_core.environment:checking '/home/kazusa/kazusa/install/controller_src' for CMake config files
[0.868s] Level 1:colcon.colcon_core.shell:create_environment_hook('controller_src', 'cmake_prefix_path')
[0.868s] INFO:colcon.colcon_core.shell:Creating environment hook '/home/kazusa/kazusa/install/controller_src/share/controller_src/hook/cmake_prefix_path.ps1'
[0.869s] INFO:colcon.colcon_core.shell:Creating environment descriptor '/home/kazusa/kazusa/install/controller_src/share/controller_src/hook/cmake_prefix_path.dsv'
[0.869s] INFO:colcon.colcon_core.shell:Creating environment hook '/home/kazusa/kazusa/install/controller_src/share/controller_src/hook/cmake_prefix_path.sh'
[0.870s] Level 1:colcon.colcon_core.environment:checking '/home/kazusa/kazusa/install/controller_src/lib'
[0.870s] Level 1:colcon.colcon_core.environment:checking '/home/kazusa/kazusa/install/controller_src/bin'
[0.870s] Level 1:colcon.colcon_core.environment:checking '/home/kazusa/kazusa/install/controller_src/lib/pkgconfig/controller_src.pc'
[0.870s] Level 1:colcon.colcon_core.environment:checking '/home/kazusa/kazusa/install/controller_src/lib/python3.12/site-packages'
[0.870s] Level 1:colcon.colcon_core.environment:checking '/home/kazusa/kazusa/install/controller_src/bin'
[0.870s] INFO:colcon.colcon_core.shell:Creating package script '/home/kazusa/kazusa/install/controller_src/share/controller_src/package.ps1'
[0.871s] INFO:colcon.colcon_core.shell:Creating package descriptor '/home/kazusa/kazusa/install/controller_src/share/controller_src/package.dsv'
[0.871s] INFO:colcon.colcon_core.shell:Creating package script '/home/kazusa/kazusa/install/controller_src/share/controller_src/package.sh'
[0.872s] INFO:colcon.colcon_core.shell:Creating package script '/home/kazusa/kazusa/install/controller_src/share/controller_src/package.bash'
[0.872s] INFO:colcon.colcon_core.shell:Creating package script '/home/kazusa/kazusa/install/controller_src/share/controller_src/package.zsh'
[0.872s] Level 1:colcon.colcon_core.environment:create_file_with_runtime_dependencies(/home/kazusa/kazusa/install/controller_src/share/colcon-core/packages/controller_src)
[0.873s] Level 1:colcon.colcon_core.environment:create_environment_scripts_only(controller_src)
[0.873s] Level 1:colcon.colcon_core.environment:checking '/home/kazusa/kazusa/install/controller_src' for CMake module files
[0.873s] Level 1:colcon.colcon_core.environment:checking '/home/kazusa/kazusa/install/controller_src' for CMake config files
[0.874s] Level 1:colcon.colcon_core.shell:create_environment_hook('controller_src', 'cmake_prefix_path')
[0.874s] INFO:colcon.colcon_core.shell:Creating environment hook '/home/kazusa/kazusa/install/controller_src/share/controller_src/hook/cmake_prefix_path.ps1'
[0.874s] INFO:colcon.colcon_core.shell:Creating environment descriptor '/home/kazusa/kazusa/install/controller_src/share/controller_src/hook/cmake_prefix_path.dsv'
[0.874s] INFO:colcon.colcon_core.shell:Creating environment hook '/home/kazusa/kazusa/install/controller_src/share/controller_src/hook/cmake_prefix_path.sh'
[0.875s] Level 1:colcon.colcon_core.environment:checking '/home/kazusa/kazusa/install/controller_src/lib'
[0.875s] Level 1:colcon.colcon_core.environment:checking '/home/kazusa/kazusa/install/controller_src/bin'
[0.875s] Level 1:colcon.colcon_core.environment:checking '/home/kazusa/kazusa/install/controller_src/lib/pkgconfig/controller_src.pc'
[0.875s] Level 1:colcon.colcon_core.environment:checking '/home/kazusa/kazusa/install/controller_src/lib/python3.12/site-packages'
[0.876s] Level 1:colcon.colcon_core.environment:checking '/home/kazusa/kazusa/install/controller_src/bin'
[0.876s] INFO:colcon.colcon_core.shell:Creating package script '/home/kazusa/kazusa/install/controller_src/share/controller_src/package.ps1'
[0.876s] INFO:colcon.colcon_core.shell:Creating package descriptor '/home/kazusa/kazusa/install/controller_src/share/controller_src/package.dsv'
[0.877s] INFO:colcon.colcon_core.shell:Creating package script '/home/kazusa/kazusa/install/controller_src/share/controller_src/package.sh'
[0.877s] INFO:colcon.colcon_core.shell:Creating package script '/home/kazusa/kazusa/install/controller_src/share/controller_src/package.bash'
[0.877s] INFO:colcon.colcon_core.shell:Creating package script '/home/kazusa/kazusa/install/controller_src/share/controller_src/package.zsh'
[0.877s] Level 1:colcon.colcon_core.environment:create_file_with_runtime_dependencies(/home/kazusa/kazusa/install/controller_src/share/colcon-core/packages/controller_src)
[0.888s] DEBUG:colcon.colcon_core.event_handler.log_command:Invoked command in '/home/kazusa/kazusa/build/mast' returned '0': CMAKE_PREFIX_PATH=/home/kazusa/kazusa/install/custom_msgs:/home/kazusa/kazusa/install/controller:/home/kazusa/kazusa/install/my_cart2:/home/kazusa/kazusa/install/mola_conf:/home/kazusa/kazusa/install/mast:/home/kazusa/kazusa/install/launcher:/home/kazusa/kazusa/install/esp_agent:/home/kazusa/kazusa/install/controller_src:/home/kazusa/kazusa/install/amcl_config:/home/kazusa/ros2_deps_ws/install/emcl2:/opt/ros/jazzy/opt/gz_sim_vendor:/opt/ros/jazzy/opt/gz_sensors_vendor:/opt/ros/jazzy/opt/gz_physics_vendor:/opt/ros/jazzy/opt/sdformat_vendor:/opt/ros/jazzy/opt/gz_gui_vendor:/opt/ros/jazzy/opt/gz_transport_vendor:/opt/ros/jazzy/opt/gz_rendering_vendor:/opt/ros/jazzy/opt/gz_plugin_vendor:/opt/ros/jazzy/opt/gz_fuel_tools_vendor:/opt/ros/jazzy/opt/gz_msgs_vendor:/opt/ros/jazzy/opt/gz_common_vendor:/opt/ros/jazzy/opt/gz_math_vendor:/opt/ros/jazzy/opt/gz_utils_vendor:/opt/ros/jazzy/opt/gz_tools_vendor:/opt/ros/jazzy/opt/gz_ogre_next_vendor:/opt/ros/jazzy/opt/gz_dartsim_vendor:/opt/ros/jazzy/opt/gz_cmake_vendor:/opt/ros/jazzy DEBUGINFOD_URLS=https://debuginfod.ubuntu.com /usr/bin/cmake --build /home/kazusa/kazusa/build/mast -- -j12 -l12
[0.889s] DEBUG:colcon.colcon_core.event_handler.log_command:Invoking command in '/home/kazusa/kazusa/build/mast': CMAKE_PREFIX_PATH=/home/kazusa/kazusa/install/custom_msgs:/home/kazusa/kazusa/install/controller:/home/kazusa/kazusa/install/my_cart2:/home/kazusa/kazusa/install/mola_conf:/home/kazusa/kazusa/install/mast:/home/kazusa/kazusa/install/launcher:/home/kazusa/kazusa/install/esp_agent:/home/kazusa/kazusa/install/controller_src:/home/kazusa/kazusa/install/amcl_config:/home/kazusa/ros2_deps_ws/install/emcl2:/opt/ros/jazzy/opt/gz_sim_vendor:/opt/ros/jazzy/opt/gz_sensors_vendor:/opt/ros/jazzy/opt/gz_physics_vendor:/opt/ros/jazzy/opt/sdformat_vendor:/opt/ros/jazzy/opt/gz_gui_vendor:/opt/ros/jazzy/opt/gz_transport_vendor:/opt/ros/jazzy/opt/gz_rendering_vendor:/opt/ros/jazzy/opt/gz_plugin_vendor:/opt/ros/jazzy/opt/gz_fuel_tools_vendor:/opt/ros/jazzy/opt/gz_msgs_vendor:/opt/ros/jazzy/opt/gz_common_vendor:/opt/ros/jazzy/opt/gz_math_vendor:/opt/ros/jazzy/opt/gz_utils_vendor:/opt/ros/jazzy/opt/gz_tools_vendor:/opt/ros/jazzy/opt/gz_ogre_next_vendor:/opt/ros/jazzy/opt/gz_dartsim_vendor:/opt/ros/jazzy/opt/gz_cmake_vendor:/opt/ros/jazzy DEBUGINFOD_URLS=https://debuginfod.ubuntu.com /usr/bin/cmake --install /home/kazusa/kazusa/build/mast
[0.902s] Level 1:colcon.colcon_core.environment:create_environment_scripts_only(mast)
[0.902s] Level 1:colcon.colcon_core.environment:checking '/home/kazusa/kazusa/install/mast' for CMake module files
[0.902s] DEBUG:colcon.colcon_core.event_handler.log_command:Invoked command in '/home/kazusa/kazusa/build/mast' returned '0': CMAKE_PREFIX_PATH=/home/kazusa/kazusa/install/custom_msgs:/home/kazusa/kazusa/install/controller:/home/kazusa/kazusa/install/my_cart2:/home/kazusa/kazusa/install/mola_conf:/home/kazusa/kazusa/install/mast:/home/kazusa/kazusa/install/launcher:/home/kazusa/kazusa/install/esp_agent:/home/kazusa/kazusa/install/controller_src:/home/kazusa/kazusa/install/amcl_config:/home/kazusa/ros2_deps_ws/install/emcl2:/opt/ros/jazzy/opt/gz_sim_vendor:/opt/ros/jazzy/opt/gz_sensors_vendor:/opt/ros/jazzy/opt/gz_physics_vendor:/opt/ros/jazzy/opt/sdformat_vendor:/opt/ros/jazzy/opt/gz_gui_vendor:/opt/ros/jazzy/opt/gz_transport_vendor:/opt/ros/jazzy/opt/gz_rendering_vendor:/opt/ros/jazzy/opt/gz_plugin_vendor:/opt/ros/jazzy/opt/gz_fuel_tools_vendor:/opt/ros/jazzy/opt/gz_msgs_vendor:/opt/ros/jazzy/opt/gz_common_vendor:/opt/ros/jazzy/opt/gz_math_vendor:/opt/ros/jazzy/opt/gz_utils_vendor:/opt/ros/jazzy/opt/gz_tools_vendor:/opt/ros/jazzy/opt/gz_ogre_next_vendor:/opt/ros/jazzy/opt/gz_dartsim_vendor:/opt/ros/jazzy/opt/gz_cmake_vendor:/opt/ros/jazzy DEBUGINFOD_URLS=https://debuginfod.ubuntu.com /usr/bin/cmake --install /home/kazusa/kazusa/build/mast
[0.903s] Level 1:colcon.colcon_core.environment:checking '/home/kazusa/kazusa/install/mast' for CMake config files
[0.903s] Level 1:colcon.colcon_core.shell:create_environment_hook('mast', 'cmake_prefix_path')
[0.903s] INFO:colcon.colcon_core.shell:Creating environment hook '/home/kazusa/kazusa/install/mast/share/mast/hook/cmake_prefix_path.ps1'
[0.904s] INFO:colcon.colcon_core.shell:Creating environment descriptor '/home/kazusa/kazusa/install/mast/share/mast/hook/cmake_prefix_path.dsv'
[0.904s] INFO:colcon.colcon_core.shell:Creating environment hook '/home/kazusa/kazusa/install/mast/share/mast/hook/cmake_prefix_path.sh'
[0.904s] Level 1:colcon.colcon_core.environment:checking '/home/kazusa/kazusa/install/mast/lib'
[0.904s] Level 1:colcon.colcon_core.environment:checking '/home/kazusa/kazusa/install/mast/bin'
[0.905s] Level 1:colcon.colcon_core.environment:checking '/home/kazusa/kazusa/install/mast/lib/pkgconfig/mast.pc'
[0.905s] Level 1:colcon.colcon_core.environment:checking '/home/kazusa/kazusa/install/mast/lib/python3.12/site-packages'
[0.905s] Level 1:colcon.colcon_core.environment:checking '/home/kazusa/kazusa/install/mast/bin'
[0.905s] INFO:colcon.colcon_core.shell:Creating package script '/home/kazusa/kazusa/install/mast/share/mast/package.ps1'
[0.906s] INFO:colcon.colcon_core.shell:Creating package descriptor '/home/kazusa/kazusa/install/mast/share/mast/package.dsv'
[0.906s] INFO:colcon.colcon_core.shell:Creating package script '/home/kazusa/kazusa/install/mast/share/mast/package.sh'
[0.906s] INFO:colcon.colcon_core.shell:Creating package script '/home/kazusa/kazusa/install/mast/share/mast/package.bash'
[0.906s] INFO:colcon.colcon_core.shell:Creating package script '/home/kazusa/kazusa/install/mast/share/mast/package.zsh'
[0.907s] Level 1:colcon.colcon_core.environment:create_file_with_runtime_dependencies(/home/kazusa/kazusa/install/mast/share/colcon-core/packages/mast)
[0.907s] Level 1:colcon.colcon_core.environment:create_environment_scripts_only(mast)
[0.907s] Level 1:colcon.colcon_core.environment:checking '/home/kazusa/kazusa/install/mast' for CMake module files
[0.907s] Level 1:colcon.colcon_core.environment:checking '/home/kazusa/kazusa/install/mast' for CMake config files
[0.908s] Level 1:colcon.colcon_core.shell:create_environment_hook('mast', 'cmake_prefix_path')
[0.908s] INFO:colcon.colcon_core.shell:Creating environment hook '/home/kazusa/kazusa/install/mast/share/mast/hook/cmake_prefix_path.ps1'
[0.908s] INFO:colcon.colcon_core.shell:Creating environment descriptor '/home/kazusa/kazusa/install/mast/share/mast/hook/cmake_prefix_path.dsv'
[0.908s] INFO:colcon.colcon_core.shell:Creating environment hook '/home/kazusa/kazusa/install/mast/share/mast/hook/cmake_prefix_path.sh'
[0.909s] Level 1:colcon.colcon_core.environment:checking '/home/kazusa/kazusa/install/mast/lib'
[0.909s] Level 1:colcon.colcon_core.environment:checking '/home/kazusa/kazusa/install/mast/bin'
[0.909s] Level 1:colcon.colcon_core.environment:checking '/home/kazusa/kazusa/install/mast/lib/pkgconfig/mast.pc'
[0.909s] Level 1:colcon.colcon_core.environment:checking '/home/kazusa/kazusa/install/mast/lib/python3.12/site-packages'
[0.909s] Level 1:colcon.colcon_core.environment:checking '/home/kazusa/kazusa/install/mast/bin'
[0.909s] INFO:colcon.colcon_core.shell:Creating package script '/home/kazusa/kazusa/install/mast/share/mast/package.ps1'
[0.910s] INFO:colcon.colcon_core.shell:Creating package descriptor '/home/kazusa/kazusa/install/mast/share/mast/package.dsv'
[0.910s] INFO:colcon.colcon_core.shell:Creating package script '/home/kazusa/kazusa/install/mast/share/mast/package.sh'
[0.910s] INFO:colcon.colcon_core.shell:Creating package script '/home/kazusa/kazusa/install/mast/share/mast/package.bash'
[0.911s] INFO:colcon.colcon_core.shell:Creating package script '/home/kazusa/kazusa/install/mast/share/mast/package.zsh'
[0.911s] Level 1:colcon.colcon_core.environment:create_file_with_runtime_dependencies(/home/kazusa/kazusa/install/mast/share/colcon-core/packages/mast)
[0.911s] DEBUG:colcon.colcon_parallel_executor.executor.parallel:closing loop
[0.912s] DEBUG:colcon.colcon_parallel_executor.executor.parallel:loop closed
[0.912s] DEBUG:colcon.colcon_parallel_executor.executor.parallel:run_until_complete finished with '0'
[0.912s] DEBUG:colcon.colcon_core.event_reactor:joining thread
[0.916s] INFO:colcon.colcon_core.plugin_system:Skipping extension 'colcon_notification.desktop_notification.terminal_notifier': Not used on non-Darwin systems
[0.916s] INFO:colcon.colcon_core.plugin_system:Skipping extension 'colcon_notification.desktop_notification.win32': Not used on non-Windows systems
[0.916s] INFO:colcon.colcon_notification.desktop_notification:Sending desktop notification using 'notify2'
[0.924s] DEBUG:colcon.colcon_core.event_reactor:joined thread
[0.925s] INFO:colcon.colcon_core.shell:Creating prefix script '/home/kazusa/kazusa/install/local_setup.ps1'
[0.926s] INFO:colcon.colcon_core.shell:Creating prefix util module '/home/kazusa/kazusa/install/_local_setup_util_ps1.py'
[0.927s] INFO:colcon.colcon_core.shell:Creating prefix chain script '/home/kazusa/kazusa/install/setup.ps1'
[0.928s] INFO:colcon.colcon_core.shell:Creating prefix script '/home/kazusa/kazusa/install/local_setup.sh'
[0.929s] INFO:colcon.colcon_core.shell:Creating prefix util module '/home/kazusa/kazusa/install/_local_setup_util_sh.py'
[0.930s] INFO:colcon.colcon_core.shell:Creating prefix chain script '/home/kazusa/kazusa/install/setup.sh'
[0.931s] INFO:colcon.colcon_core.shell:Creating prefix script '/home/kazusa/kazusa/install/local_setup.bash'
[0.931s] INFO:colcon.colcon_core.shell:Creating prefix chain script '/home/kazusa/kazusa/install/setup.bash'
[0.932s] INFO:colcon.colcon_core.shell:Creating prefix script '/home/kazusa/kazusa/install/local_setup.zsh'
[0.932s] INFO:colcon.colcon_core.shell:Creating prefix chain script '/home/kazusa/kazusa/install/setup.zsh'
