[0.214s] DEBUG:colcon:Command line arguments: ['/usr/bin/colcon', 'build']
[0.214s] DEBUG:colcon:Parsed command line arguments: Namespace(log_base=None, log_level=None, verb_name='build', build_base='build', install_base='install', merge_install=False, symlink_install=False, test_result_base=None, continue_on_error=False, executor='parallel', parallel_workers=12, event_handlers=None, ignore_user_meta=False, metas=['./colcon.meta'], base_paths=['.'], packages_ignore=None, packages_ignore_regex=None, paths=None, packages_up_to=None, packages_up_to_regex=None, packages_above=None, packages_above_and_dependencies=None, packages_above_depth=None, packages_select_by_dep=None, packages_skip_by_dep=None, packages_skip_up_to=None, packages_select_build_failed=False, packages_skip_build_finished=False, packages_select_test_failures=False, packages_skip_test_passed=False, packages_select=None, packages_skip=None, packages_select_regex=None, packages_skip_regex=None, packages_start=None, packages_end=None, allow_overriding=[], cmake_args=None, cmake_target=None, cmake_target_skip_unavailable=False, cmake_clean_cache=False, cmake_clean_first=False, cmake_force_configure=False, ament_cmake_args=None, catkin_cmake_args=None, catkin_skip_building_tests=False, mixin_files=None, mixin=None, verb_parser=<colcon_mixin.mixin.mixin_argument.MixinArgumentDecorator object at 0x71a547a952e0>, verb_extension=<colcon_core.verb.build.BuildVerb object at 0x71a547a94f20>, main=<bound method BuildVerb.main of <colcon_core.verb.build.BuildVerb object at 0x71a547a94f20>>, mixin_verb=('build',))
[0.285s] Level 1:colcon.colcon_core.package_discovery:discover_packages(colcon_meta) check parameters
[0.285s] Level 1:colcon.colcon_core.package_discovery:discover_packages(recursive) check parameters
[0.285s] Level 1:colcon.colcon_core.package_discovery:discover_packages(ignore) check parameters
[0.285s] Level 1:colcon.colcon_core.package_discovery:discover_packages(path) check parameters
[0.285s] Level 1:colcon.colcon_core.package_discovery:discover_packages(colcon_meta) discover
[0.285s] Level 1:colcon.colcon_core.package_discovery:discover_packages(recursive) discover
[0.285s] INFO:colcon.colcon_core.package_discovery:Crawling recursively for packages in '/home/kazusa/kazusa'
[0.286s] Level 1:colcon.colcon_core.package_identification:_identify(.) by extensions ['ignore', 'ignore_ament_install']
[0.286s] Level 1:colcon.colcon_core.package_identification:_identify(.) by extension 'ignore'
[0.286s] Level 1:colcon.colcon_core.package_identification:_identify(.) by extension 'ignore_ament_install'
[0.286s] Level 1:colcon.colcon_core.package_identification:_identify(.) by extensions ['colcon_pkg']
[0.286s] Level 1:colcon.colcon_core.package_identification:_identify(.) by extension 'colcon_pkg'
[0.286s] Level 1:colcon.colcon_core.package_identification:_identify(.) by extensions ['colcon_meta']
[0.286s] Level 1:colcon.colcon_core.package_identification:_identify(.) by extension 'colcon_meta'
[0.286s] Level 1:colcon.colcon_core.package_identification:_identify(.) by extensions ['ros']
[0.286s] Level 1:colcon.colcon_core.package_identification:_identify(.) by extension 'ros'
[0.327s] Level 1:colcon.colcon_core.package_identification:_identify(.) by extensions ['cmake', 'python']
[0.327s] Level 1:colcon.colcon_core.package_identification:_identify(.) by extension 'cmake'
[0.327s] Level 1:colcon.colcon_core.package_identification:_identify(.) by extension 'python'
[0.327s] Level 1:colcon.colcon_core.package_identification:_identify(.) by extensions ['python_setup_py']
[0.327s] Level 1:colcon.colcon_core.package_identification:_identify(.) by extension 'python_setup_py'
[0.327s] Level 1:colcon.colcon_core.package_identification:_identify(build) by extensions ['ignore', 'ignore_ament_install']
[0.327s] Level 1:colcon.colcon_core.package_identification:_identify(build) by extension 'ignore'
[0.327s] Level 1:colcon.colcon_core.package_identification:_identify(build) ignored
[0.327s] Level 1:colcon.colcon_core.package_identification:_identify(install) by extensions ['ignore', 'ignore_ament_install']
[0.327s] Level 1:colcon.colcon_core.package_identification:_identify(install) by extension 'ignore'
[0.328s] Level 1:colcon.colcon_core.package_identification:_identify(install) ignored
[0.328s] Level 1:colcon.colcon_core.package_identification:_identify(log) by extensions ['ignore', 'ignore_ament_install']
[0.328s] Level 1:colcon.colcon_core.package_identification:_identify(log) by extension 'ignore'
[0.328s] Level 1:colcon.colcon_core.package_identification:_identify(log) ignored
[0.328s] Level 1:colcon.colcon_core.package_identification:_identify(ver0) by extensions ['ignore', 'ignore_ament_install']
[0.328s] Level 1:colcon.colcon_core.package_identification:_identify(ver0) by extension 'ignore'
[0.328s] Level 1:colcon.colcon_core.package_identification:_identify(ver0) by extension 'ignore_ament_install'
[0.328s] Level 1:colcon.colcon_core.package_identification:_identify(ver0) by extensions ['colcon_pkg']
[0.328s] Level 1:colcon.colcon_core.package_identification:_identify(ver0) by extension 'colcon_pkg'
[0.328s] Level 1:colcon.colcon_core.package_identification:_identify(ver0) by extensions ['colcon_meta']
[0.328s] Level 1:colcon.colcon_core.package_identification:_identify(ver0) by extension 'colcon_meta'
[0.328s] Level 1:colcon.colcon_core.package_identification:_identify(ver0) by extensions ['ros']
[0.328s] Level 1:colcon.colcon_core.package_identification:_identify(ver0) by extension 'ros'
[0.328s] Level 1:colcon.colcon_core.package_identification:_identify(ver0) by extensions ['cmake', 'python']
[0.328s] Level 1:colcon.colcon_core.package_identification:_identify(ver0) by extension 'cmake'
[0.328s] Level 1:colcon.colcon_core.package_identification:_identify(ver0) by extension 'python'
[0.328s] Level 1:colcon.colcon_core.package_identification:_identify(ver0) by extensions ['python_setup_py']
[0.329s] Level 1:colcon.colcon_core.package_identification:_identify(ver0) by extension 'python_setup_py'
[0.329s] Level 1:colcon.colcon_core.package_identification:_identify(ver0/amcl_config) by extensions ['ignore', 'ignore_ament_install']
[0.329s] Level 1:colcon.colcon_core.package_identification:_identify(ver0/amcl_config) by extension 'ignore'
[0.329s] Level 1:colcon.colcon_core.package_identification:_identify(ver0/amcl_config) by extension 'ignore_ament_install'
[0.329s] Level 1:colcon.colcon_core.package_identification:_identify(ver0/amcl_config) by extensions ['colcon_pkg']
[0.329s] Level 1:colcon.colcon_core.package_identification:_identify(ver0/amcl_config) by extension 'colcon_pkg'
[0.329s] Level 1:colcon.colcon_core.package_identification:_identify(ver0/amcl_config) by extensions ['colcon_meta']
[0.329s] Level 1:colcon.colcon_core.package_identification:_identify(ver0/amcl_config) by extension 'colcon_meta'
[0.329s] Level 1:colcon.colcon_core.package_identification:_identify(ver0/amcl_config) by extensions ['ros']
[0.329s] Level 1:colcon.colcon_core.package_identification:_identify(ver0/amcl_config) by extension 'ros'
[0.333s] DEBUG:colcon.colcon_core.package_identification:Package 'ver0/amcl_config' with type 'ros.ament_cmake' and name 'amcl_config'
[0.333s] Level 1:colcon.colcon_core.package_identification:_identify(ver0/controller) by extensions ['ignore', 'ignore_ament_install']
[0.334s] Level 1:colcon.colcon_core.package_identification:_identify(ver0/controller) by extension 'ignore'
[0.334s] Level 1:colcon.colcon_core.package_identification:_identify(ver0/controller) by extension 'ignore_ament_install'
[0.334s] Level 1:colcon.colcon_core.package_identification:_identify(ver0/controller) by extensions ['colcon_pkg']
[0.334s] Level 1:colcon.colcon_core.package_identification:_identify(ver0/controller) by extension 'colcon_pkg'
[0.334s] Level 1:colcon.colcon_core.package_identification:_identify(ver0/controller) by extensions ['colcon_meta']
[0.334s] Level 1:colcon.colcon_core.package_identification:_identify(ver0/controller) by extension 'colcon_meta'
[0.334s] Level 1:colcon.colcon_core.package_identification:_identify(ver0/controller) by extensions ['ros']
[0.334s] Level 1:colcon.colcon_core.package_identification:_identify(ver0/controller) by extension 'ros'
[0.335s] DEBUG:colcon.colcon_core.package_identification:Package 'ver0/controller' with type 'ros.ament_cmake' and name 'controller'
[0.335s] Level 1:colcon.colcon_core.package_identification:_identify(ver0/controller_src) by extensions ['ignore', 'ignore_ament_install']
[0.335s] Level 1:colcon.colcon_core.package_identification:_identify(ver0/controller_src) by extension 'ignore'
[0.335s] Level 1:colcon.colcon_core.package_identification:_identify(ver0/controller_src) by extension 'ignore_ament_install'
[0.335s] Level 1:colcon.colcon_core.package_identification:_identify(ver0/controller_src) by extensions ['colcon_pkg']
[0.335s] Level 1:colcon.colcon_core.package_identification:_identify(ver0/controller_src) by extension 'colcon_pkg'
[0.336s] Level 1:colcon.colcon_core.package_identification:_identify(ver0/controller_src) by extensions ['colcon_meta']
[0.336s] Level 1:colcon.colcon_core.package_identification:_identify(ver0/controller_src) by extension 'colcon_meta'
[0.336s] Level 1:colcon.colcon_core.package_identification:_identify(ver0/controller_src) by extensions ['ros']
[0.336s] Level 1:colcon.colcon_core.package_identification:_identify(ver0/controller_src) by extension 'ros'
[0.337s] DEBUG:colcon.colcon_core.package_identification:Package 'ver0/controller_src' with type 'ros.ament_cmake' and name 'controller_src'
[0.337s] Level 1:colcon.colcon_core.package_identification:_identify(ver0/custom_msgs) by extensions ['ignore', 'ignore_ament_install']
[0.337s] Level 1:colcon.colcon_core.package_identification:_identify(ver0/custom_msgs) by extension 'ignore'
[0.337s] Level 1:colcon.colcon_core.package_identification:_identify(ver0/custom_msgs) by extension 'ignore_ament_install'
[0.337s] Level 1:colcon.colcon_core.package_identification:_identify(ver0/custom_msgs) by extensions ['colcon_pkg']
[0.337s] Level 1:colcon.colcon_core.package_identification:_identify(ver0/custom_msgs) by extension 'colcon_pkg'
[0.337s] Level 1:colcon.colcon_core.package_identification:_identify(ver0/custom_msgs) by extensions ['colcon_meta']
[0.337s] Level 1:colcon.colcon_core.package_identification:_identify(ver0/custom_msgs) by extension 'colcon_meta'
[0.338s] Level 1:colcon.colcon_core.package_identification:_identify(ver0/custom_msgs) by extensions ['ros']
[0.338s] Level 1:colcon.colcon_core.package_identification:_identify(ver0/custom_msgs) by extension 'ros'
[0.338s] DEBUG:colcon.colcon_core.package_identification:Package 'ver0/custom_msgs' with type 'ros.ament_cmake' and name 'custom_msgs'
[0.338s] Level 1:colcon.colcon_core.package_identification:_identify(ver0/esp_agent) by extensions ['ignore', 'ignore_ament_install']
[0.339s] Level 1:colcon.colcon_core.package_identification:_identify(ver0/esp_agent) by extension 'ignore'
[0.339s] Level 1:colcon.colcon_core.package_identification:_identify(ver0/esp_agent) by extension 'ignore_ament_install'
[0.339s] Level 1:colcon.colcon_core.package_identification:_identify(ver0/esp_agent) by extensions ['colcon_pkg']
[0.339s] Level 1:colcon.colcon_core.package_identification:_identify(ver0/esp_agent) by extension 'colcon_pkg'
[0.339s] Level 1:colcon.colcon_core.package_identification:_identify(ver0/esp_agent) by extensions ['colcon_meta']
[0.339s] Level 1:colcon.colcon_core.package_identification:_identify(ver0/esp_agent) by extension 'colcon_meta'
[0.339s] Level 1:colcon.colcon_core.package_identification:_identify(ver0/esp_agent) by extensions ['ros']
[0.339s] Level 1:colcon.colcon_core.package_identification:_identify(ver0/esp_agent) by extension 'ros'
[0.340s] DEBUG:colcon.colcon_core.package_identification:Package 'ver0/esp_agent' with type 'ros.ament_cmake' and name 'esp_agent'
[0.340s] Level 1:colcon.colcon_core.package_identification:_identify(ver0/launcher) by extensions ['ignore', 'ignore_ament_install']
[0.340s] Level 1:colcon.colcon_core.package_identification:_identify(ver0/launcher) by extension 'ignore'
[0.340s] Level 1:colcon.colcon_core.package_identification:_identify(ver0/launcher) by extension 'ignore_ament_install'
[0.340s] Level 1:colcon.colcon_core.package_identification:_identify(ver0/launcher) by extensions ['colcon_pkg']
[0.340s] Level 1:colcon.colcon_core.package_identification:_identify(ver0/launcher) by extension 'colcon_pkg'
[0.340s] Level 1:colcon.colcon_core.package_identification:_identify(ver0/launcher) by extensions ['colcon_meta']
[0.341s] Level 1:colcon.colcon_core.package_identification:_identify(ver0/launcher) by extension 'colcon_meta'
[0.341s] Level 1:colcon.colcon_core.package_identification:_identify(ver0/launcher) by extensions ['ros']
[0.341s] Level 1:colcon.colcon_core.package_identification:_identify(ver0/launcher) by extension 'ros'
[0.341s] DEBUG:colcon.colcon_core.package_identification:Package 'ver0/launcher' with type 'ros.ament_cmake' and name 'launcher'
[0.341s] Level 1:colcon.colcon_core.package_identification:_identify(ver0/mast) by extensions ['ignore', 'ignore_ament_install']
[0.341s] Level 1:colcon.colcon_core.package_identification:_identify(ver0/mast) by extension 'ignore'
[0.342s] Level 1:colcon.colcon_core.package_identification:_identify(ver0/mast) by extension 'ignore_ament_install'
[0.342s] Level 1:colcon.colcon_core.package_identification:_identify(ver0/mast) by extensions ['colcon_pkg']
[0.342s] Level 1:colcon.colcon_core.package_identification:_identify(ver0/mast) by extension 'colcon_pkg'
[0.342s] Level 1:colcon.colcon_core.package_identification:_identify(ver0/mast) by extensions ['colcon_meta']
[0.342s] Level 1:colcon.colcon_core.package_identification:_identify(ver0/mast) by extension 'colcon_meta'
[0.342s] Level 1:colcon.colcon_core.package_identification:_identify(ver0/mast) by extensions ['ros']
[0.342s] Level 1:colcon.colcon_core.package_identification:_identify(ver0/mast) by extension 'ros'
[0.343s] DEBUG:colcon.colcon_core.package_identification:Package 'ver0/mast' with type 'ros.ament_cmake' and name 'mast'
[0.343s] Level 1:colcon.colcon_core.package_identification:_identify(ver0/mola_conf) by extensions ['ignore', 'ignore_ament_install']
[0.343s] Level 1:colcon.colcon_core.package_identification:_identify(ver0/mola_conf) by extension 'ignore'
[0.343s] Level 1:colcon.colcon_core.package_identification:_identify(ver0/mola_conf) by extension 'ignore_ament_install'
[0.343s] Level 1:colcon.colcon_core.package_identification:_identify(ver0/mola_conf) by extensions ['colcon_pkg']
[0.344s] Level 1:colcon.colcon_core.package_identification:_identify(ver0/mola_conf) by extension 'colcon_pkg'
[0.344s] Level 1:colcon.colcon_core.package_identification:_identify(ver0/mola_conf) by extensions ['colcon_meta']
[0.344s] Level 1:colcon.colcon_core.package_identification:_identify(ver0/mola_conf) by extension 'colcon_meta'
[0.344s] Level 1:colcon.colcon_core.package_identification:_identify(ver0/mola_conf) by extensions ['ros']
[0.344s] Level 1:colcon.colcon_core.package_identification:_identify(ver0/mola_conf) by extension 'ros'
[0.345s] DEBUG:colcon.colcon_core.package_identification:Package 'ver0/mola_conf' with type 'ros.ament_cmake' and name 'mola_conf'
[0.345s] Level 1:colcon.colcon_core.package_identification:_identify(ver0/my_cart2) by extensions ['ignore', 'ignore_ament_install']
[0.345s] Level 1:colcon.colcon_core.package_identification:_identify(ver0/my_cart2) by extension 'ignore'
[0.345s] Level 1:colcon.colcon_core.package_identification:_identify(ver0/my_cart2) by extension 'ignore_ament_install'
[0.345s] Level 1:colcon.colcon_core.package_identification:_identify(ver0/my_cart2) by extensions ['colcon_pkg']
[0.345s] Level 1:colcon.colcon_core.package_identification:_identify(ver0/my_cart2) by extension 'colcon_pkg'
[0.345s] Level 1:colcon.colcon_core.package_identification:_identify(ver0/my_cart2) by extensions ['colcon_meta']
[0.345s] Level 1:colcon.colcon_core.package_identification:_identify(ver0/my_cart2) by extension 'colcon_meta'
[0.345s] Level 1:colcon.colcon_core.package_identification:_identify(ver0/my_cart2) by extensions ['ros']
[0.345s] Level 1:colcon.colcon_core.package_identification:_identify(ver0/my_cart2) by extension 'ros'
[0.347s] DEBUG:colcon.colcon_core.package_identification:Package 'ver0/my_cart2' with type 'ros.ament_cmake' and name 'my_cart2'
[0.347s] Level 1:colcon.colcon_core.package_discovery:discover_packages(recursive) using defaults
[0.347s] Level 1:colcon.colcon_core.package_discovery:discover_packages(ignore) discover
[0.347s] Level 1:colcon.colcon_core.package_discovery:discover_packages(ignore) using defaults
[0.347s] Level 1:colcon.colcon_core.package_discovery:discover_packages(path) discover
[0.347s] Level 1:colcon.colcon_core.package_discovery:discover_packages(path) using defaults
[0.379s] Level 1:colcon.colcon_core.package_discovery:discover_packages(prefix_path) check parameters
[0.379s] Level 1:colcon.colcon_core.package_discovery:discover_packages(prefix_path) discover
[0.383s] DEBUG:colcon.colcon_installed_package_information.package_discovery:Found 9 installed packages in /home/kazusa/kazusa/install
[0.384s] DEBUG:colcon.colcon_installed_package_information.package_discovery:Found 1 installed packages in /home/kazusa/ros2_deps_ws/install
[0.387s] DEBUG:colcon.colcon_installed_package_information.package_discovery:Found 434 installed packages in /opt/ros/jazzy
[0.389s] Level 1:colcon.colcon_core.package_discovery:discover_packages(prefix_path) using defaults
[0.461s] Level 5:colcon.colcon_core.verb:set package 'amcl_config' build argument 'cmake_args' from command line to 'None'
[0.461s] Level 5:colcon.colcon_core.verb:set package 'amcl_config' build argument 'cmake_target' from command line to 'None'
[0.461s] Level 5:colcon.colcon_core.verb:set package 'amcl_config' build argument 'cmake_target_skip_unavailable' from command line to 'False'
[0.461s] Level 5:colcon.colcon_core.verb:set package 'amcl_config' build argument 'cmake_clean_cache' from command line to 'False'
[0.461s] Level 5:colcon.colcon_core.verb:set package 'amcl_config' build argument 'cmake_clean_first' from command line to 'False'
[0.461s] Level 5:colcon.colcon_core.verb:set package 'amcl_config' build argument 'cmake_force_configure' from command line to 'False'
[0.461s] Level 5:colcon.colcon_core.verb:set package 'amcl_config' build argument 'ament_cmake_args' from command line to 'None'
[0.461s] Level 5:colcon.colcon_core.verb:set package 'amcl_config' build argument 'catkin_cmake_args' from command line to 'None'
[0.461s] Level 5:colcon.colcon_core.verb:set package 'amcl_config' build argument 'catkin_skip_building_tests' from command line to 'False'
[0.461s] DEBUG:colcon.colcon_core.verb:Building package 'amcl_config' with the following arguments: {'ament_cmake_args': None, 'build_base': '/home/kazusa/kazusa/build/amcl_config', 'catkin_cmake_args': None, 'catkin_skip_building_tests': False, 'cmake_args': None, 'cmake_clean_cache': False, 'cmake_clean_first': False, 'cmake_force_configure': False, 'cmake_target': None, 'cmake_target_skip_unavailable': False, 'install_base': '/home/kazusa/kazusa/install/amcl_config', 'merge_install': False, 'path': '/home/kazusa/kazusa/ver0/amcl_config', 'symlink_install': False, 'test_result_base': None}
[0.462s] Level 5:colcon.colcon_core.verb:set package 'controller' build argument 'cmake_args' from command line to 'None'
[0.462s] Level 5:colcon.colcon_core.verb:set package 'controller' build argument 'cmake_target' from command line to 'None'
[0.462s] Level 5:colcon.colcon_core.verb:set package 'controller' build argument 'cmake_target_skip_unavailable' from command line to 'False'
[0.462s] Level 5:colcon.colcon_core.verb:set package 'controller' build argument 'cmake_clean_cache' from command line to 'False'
[0.462s] Level 5:colcon.colcon_core.verb:set package 'controller' build argument 'cmake_clean_first' from command line to 'False'
[0.462s] Level 5:colcon.colcon_core.verb:set package 'controller' build argument 'cmake_force_configure' from command line to 'False'
[0.462s] Level 5:colcon.colcon_core.verb:set package 'controller' build argument 'ament_cmake_args' from command line to 'None'
[0.462s] Level 5:colcon.colcon_core.verb:set package 'controller' build argument 'catkin_cmake_args' from command line to 'None'
[0.462s] Level 5:colcon.colcon_core.verb:set package 'controller' build argument 'catkin_skip_building_tests' from command line to 'False'
[0.462s] DEBUG:colcon.colcon_core.verb:Building package 'controller' with the following arguments: {'ament_cmake_args': None, 'build_base': '/home/kazusa/kazusa/build/controller', 'catkin_cmake_args': None, 'catkin_skip_building_tests': False, 'cmake_args': None, 'cmake_clean_cache': False, 'cmake_clean_first': False, 'cmake_force_configure': False, 'cmake_target': None, 'cmake_target_skip_unavailable': False, 'install_base': '/home/kazusa/kazusa/install/controller', 'merge_install': False, 'path': '/home/kazusa/kazusa/ver0/controller', 'symlink_install': False, 'test_result_base': None}
[0.462s] Level 5:colcon.colcon_core.verb:set package 'custom_msgs' build argument 'cmake_args' from command line to 'None'
[0.462s] Level 5:colcon.colcon_core.verb:set package 'custom_msgs' build argument 'cmake_target' from command line to 'None'
[0.462s] Level 5:colcon.colcon_core.verb:set package 'custom_msgs' build argument 'cmake_target_skip_unavailable' from command line to 'False'
[0.462s] Level 5:colcon.colcon_core.verb:set package 'custom_msgs' build argument 'cmake_clean_cache' from command line to 'False'
[0.462s] Level 5:colcon.colcon_core.verb:set package 'custom_msgs' build argument 'cmake_clean_first' from command line to 'False'
[0.462s] Level 5:colcon.colcon_core.verb:set package 'custom_msgs' build argument 'cmake_force_configure' from command line to 'False'
[0.462s] Level 5:colcon.colcon_core.verb:set package 'custom_msgs' build argument 'ament_cmake_args' from command line to 'None'
[0.462s] Level 5:colcon.colcon_core.verb:set package 'custom_msgs' build argument 'catkin_cmake_args' from command line to 'None'
[0.463s] Level 5:colcon.colcon_core.verb:set package 'custom_msgs' build argument 'catkin_skip_building_tests' from command line to 'False'
[0.463s] DEBUG:colcon.colcon_core.verb:Building package 'custom_msgs' with the following arguments: {'ament_cmake_args': None, 'build_base': '/home/kazusa/kazusa/build/custom_msgs', 'catkin_cmake_args': None, 'catkin_skip_building_tests': False, 'cmake_args': None, 'cmake_clean_cache': False, 'cmake_clean_first': False, 'cmake_force_configure': False, 'cmake_target': None, 'cmake_target_skip_unavailable': False, 'install_base': '/home/kazusa/kazusa/install/custom_msgs', 'merge_install': False, 'path': '/home/kazusa/kazusa/ver0/custom_msgs', 'symlink_install': False, 'test_result_base': None}
[0.463s] Level 5:colcon.colcon_core.verb:set package 'launcher' build argument 'cmake_args' from command line to 'None'
[0.463s] Level 5:colcon.colcon_core.verb:set package 'launcher' build argument 'cmake_target' from command line to 'None'
[0.463s] Level 5:colcon.colcon_core.verb:set package 'launcher' build argument 'cmake_target_skip_unavailable' from command line to 'False'
[0.463s] Level 5:colcon.colcon_core.verb:set package 'launcher' build argument 'cmake_clean_cache' from command line to 'False'
[0.463s] Level 5:colcon.colcon_core.verb:set package 'launcher' build argument 'cmake_clean_first' from command line to 'False'
[0.463s] Level 5:colcon.colcon_core.verb:set package 'launcher' build argument 'cmake_force_configure' from command line to 'False'
[0.463s] Level 5:colcon.colcon_core.verb:set package 'launcher' build argument 'ament_cmake_args' from command line to 'None'
[0.463s] Level 5:colcon.colcon_core.verb:set package 'launcher' build argument 'catkin_cmake_args' from command line to 'None'
[0.463s] Level 5:colcon.colcon_core.verb:set package 'launcher' build argument 'catkin_skip_building_tests' from command line to 'False'
[0.463s] DEBUG:colcon.colcon_core.verb:Building package 'launcher' with the following arguments: {'ament_cmake_args': None, 'build_base': '/home/kazusa/kazusa/build/launcher', 'catkin_cmake_args': None, 'catkin_skip_building_tests': False, 'cmake_args': None, 'cmake_clean_cache': False, 'cmake_clean_first': False, 'cmake_force_configure': False, 'cmake_target': None, 'cmake_target_skip_unavailable': False, 'install_base': '/home/kazusa/kazusa/install/launcher', 'merge_install': False, 'path': '/home/kazusa/kazusa/ver0/launcher', 'symlink_install': False, 'test_result_base': None}
[0.463s] Level 5:colcon.colcon_core.verb:set package 'mola_conf' build argument 'cmake_args' from command line to 'None'
[0.463s] Level 5:colcon.colcon_core.verb:set package 'mola_conf' build argument 'cmake_target' from command line to 'None'
[0.463s] Level 5:colcon.colcon_core.verb:set package 'mola_conf' build argument 'cmake_target_skip_unavailable' from command line to 'False'
[0.463s] Level 5:colcon.colcon_core.verb:set package 'mola_conf' build argument 'cmake_clean_cache' from command line to 'False'
[0.463s] Level 5:colcon.colcon_core.verb:set package 'mola_conf' build argument 'cmake_clean_first' from command line to 'False'
[0.464s] Level 5:colcon.colcon_core.verb:set package 'mola_conf' build argument 'cmake_force_configure' from command line to 'False'
[0.464s] Level 5:colcon.colcon_core.verb:set package 'mola_conf' build argument 'ament_cmake_args' from command line to 'None'
[0.464s] Level 5:colcon.colcon_core.verb:set package 'mola_conf' build argument 'catkin_cmake_args' from command line to 'None'
[0.464s] Level 5:colcon.colcon_core.verb:set package 'mola_conf' build argument 'catkin_skip_building_tests' from command line to 'False'
[0.464s] DEBUG:colcon.colcon_core.verb:Building package 'mola_conf' with the following arguments: {'ament_cmake_args': None, 'build_base': '/home/kazusa/kazusa/build/mola_conf', 'catkin_cmake_args': None, 'catkin_skip_building_tests': False, 'cmake_args': None, 'cmake_clean_cache': False, 'cmake_clean_first': False, 'cmake_force_configure': False, 'cmake_target': None, 'cmake_target_skip_unavailable': False, 'install_base': '/home/kazusa/kazusa/install/mola_conf', 'merge_install': False, 'path': '/home/kazusa/kazusa/ver0/mola_conf', 'symlink_install': False, 'test_result_base': None}
[0.464s] Level 5:colcon.colcon_core.verb:set package 'my_cart2' build argument 'cmake_args' from command line to 'None'
[0.464s] Level 5:colcon.colcon_core.verb:set package 'my_cart2' build argument 'cmake_target' from command line to 'None'
[0.464s] Level 5:colcon.colcon_core.verb:set package 'my_cart2' build argument 'cmake_target_skip_unavailable' from command line to 'False'
[0.464s] Level 5:colcon.colcon_core.verb:set package 'my_cart2' build argument 'cmake_clean_cache' from command line to 'False'
[0.464s] Level 5:colcon.colcon_core.verb:set package 'my_cart2' build argument 'cmake_clean_first' from command line to 'False'
[0.464s] Level 5:colcon.colcon_core.verb:set package 'my_cart2' build argument 'cmake_force_configure' from command line to 'False'
[0.464s] Level 5:colcon.colcon_core.verb:set package 'my_cart2' build argument 'ament_cmake_args' from command line to 'None'
[0.464s] Level 5:colcon.colcon_core.verb:set package 'my_cart2' build argument 'catkin_cmake_args' from command line to 'None'
[0.464s] Level 5:colcon.colcon_core.verb:set package 'my_cart2' build argument 'catkin_skip_building_tests' from command line to 'False'
[0.464s] DEBUG:colcon.colcon_core.verb:Building package 'my_cart2' with the following arguments: {'ament_cmake_args': None, 'build_base': '/home/kazusa/kazusa/build/my_cart2', 'catkin_cmake_args': None, 'catkin_skip_building_tests': False, 'cmake_args': None, 'cmake_clean_cache': False, 'cmake_clean_first': False, 'cmake_force_configure': False, 'cmake_target': None, 'cmake_target_skip_unavailable': False, 'install_base': '/home/kazusa/kazusa/install/my_cart2', 'merge_install': False, 'path': '/home/kazusa/kazusa/ver0/my_cart2', 'symlink_install': False, 'test_result_base': None}
[0.464s] Level 5:colcon.colcon_core.verb:set package 'controller_src' build argument 'cmake_args' from command line to 'None'
[0.464s] Level 5:colcon.colcon_core.verb:set package 'controller_src' build argument 'cmake_target' from command line to 'None'
[0.464s] Level 5:colcon.colcon_core.verb:set package 'controller_src' build argument 'cmake_target_skip_unavailable' from command line to 'False'
[0.464s] Level 5:colcon.colcon_core.verb:set package 'controller_src' build argument 'cmake_clean_cache' from command line to 'False'
[0.464s] Level 5:colcon.colcon_core.verb:set package 'controller_src' build argument 'cmake_clean_first' from command line to 'False'
[0.465s] Level 5:colcon.colcon_core.verb:set package 'controller_src' build argument 'cmake_force_configure' from command line to 'False'
[0.465s] Level 5:colcon.colcon_core.verb:set package 'controller_src' build argument 'ament_cmake_args' from command line to 'None'
[0.465s] Level 5:colcon.colcon_core.verb:set package 'controller_src' build argument 'catkin_cmake_args' from command line to 'None'
[0.465s] Level 5:colcon.colcon_core.verb:set package 'controller_src' build argument 'catkin_skip_building_tests' from command line to 'False'
[0.465s] DEBUG:colcon.colcon_core.verb:Building package 'controller_src' with the following arguments: {'ament_cmake_args': None, 'build_base': '/home/kazusa/kazusa/build/controller_src', 'catkin_cmake_args': None, 'catkin_skip_building_tests': False, 'cmake_args': None, 'cmake_clean_cache': False, 'cmake_clean_first': False, 'cmake_force_configure': False, 'cmake_target': None, 'cmake_target_skip_unavailable': False, 'install_base': '/home/kazusa/kazusa/install/controller_src', 'merge_install': False, 'path': '/home/kazusa/kazusa/ver0/controller_src', 'symlink_install': False, 'test_result_base': None}
[0.465s] Level 5:colcon.colcon_core.verb:set package 'esp_agent' build argument 'cmake_args' from command line to 'None'
[0.465s] Level 5:colcon.colcon_core.verb:set package 'esp_agent' build argument 'cmake_target' from command line to 'None'
[0.465s] Level 5:colcon.colcon_core.verb:set package 'esp_agent' build argument 'cmake_target_skip_unavailable' from command line to 'False'
[0.465s] Level 5:colcon.colcon_core.verb:set package 'esp_agent' build argument 'cmake_clean_cache' from command line to 'False'
[0.465s] Level 5:colcon.colcon_core.verb:set package 'esp_agent' build argument 'cmake_clean_first' from command line to 'False'
[0.465s] Level 5:colcon.colcon_core.verb:set package 'esp_agent' build argument 'cmake_force_configure' from command line to 'False'
[0.465s] Level 5:colcon.colcon_core.verb:set package 'esp_agent' build argument 'ament_cmake_args' from command line to 'None'
[0.465s] Level 5:colcon.colcon_core.verb:set package 'esp_agent' build argument 'catkin_cmake_args' from command line to 'None'
[0.465s] Level 5:colcon.colcon_core.verb:set package 'esp_agent' build argument 'catkin_skip_building_tests' from command line to 'False'
[0.465s] DEBUG:colcon.colcon_core.verb:Building package 'esp_agent' with the following arguments: {'ament_cmake_args': None, 'build_base': '/home/kazusa/kazusa/build/esp_agent', 'catkin_cmake_args': None, 'catkin_skip_building_tests': False, 'cmake_args': None, 'cmake_clean_cache': False, 'cmake_clean_first': False, 'cmake_force_configure': False, 'cmake_target': None, 'cmake_target_skip_unavailable': False, 'install_base': '/home/kazusa/kazusa/install/esp_agent', 'merge_install': False, 'path': '/home/kazusa/kazusa/ver0/esp_agent', 'symlink_install': False, 'test_result_base': None}
[0.465s] Level 5:colcon.colcon_core.verb:set package 'mast' build argument 'cmake_args' from command line to 'None'
[0.465s] Level 5:colcon.colcon_core.verb:set package 'mast' build argument 'cmake_target' from command line to 'None'
[0.465s] Level 5:colcon.colcon_core.verb:set package 'mast' build argument 'cmake_target_skip_unavailable' from command line to 'False'
[0.465s] Level 5:colcon.colcon_core.verb:set package 'mast' build argument 'cmake_clean_cache' from command line to 'False'
[0.465s] Level 5:colcon.colcon_core.verb:set package 'mast' build argument 'cmake_clean_first' from command line to 'False'
[0.465s] Level 5:colcon.colcon_core.verb:set package 'mast' build argument 'cmake_force_configure' from command line to 'False'
[0.466s] Level 5:colcon.colcon_core.verb:set package 'mast' build argument 'ament_cmake_args' from command line to 'None'
[0.466s] Level 5:colcon.colcon_core.verb:set package 'mast' build argument 'catkin_cmake_args' from command line to 'None'
[0.466s] Level 5:colcon.colcon_core.verb:set package 'mast' build argument 'catkin_skip_building_tests' from command line to 'False'
[0.466s] DEBUG:colcon.colcon_core.verb:Building package 'mast' with the following arguments: {'ament_cmake_args': None, 'build_base': '/home/kazusa/kazusa/build/mast', 'catkin_cmake_args': None, 'catkin_skip_building_tests': False, 'cmake_args': None, 'cmake_clean_cache': False, 'cmake_clean_first': False, 'cmake_force_configure': False, 'cmake_target': None, 'cmake_target_skip_unavailable': False, 'install_base': '/home/kazusa/kazusa/install/mast', 'merge_install': False, 'path': '/home/kazusa/kazusa/ver0/mast', 'symlink_install': False, 'test_result_base': None}
[0.466s] INFO:colcon.colcon_core.executor:Executing jobs using 'parallel' executor
[0.467s] DEBUG:colcon.colcon_parallel_executor.executor.parallel:run_until_complete
[0.467s] INFO:colcon.colcon_ros.task.ament_cmake.build:Building ROS package in '/home/kazusa/kazusa/ver0/controller' with build type 'ament_cmake'
[0.467s] INFO:colcon.colcon_cmake.task.cmake.build:Building CMake package in '/home/kazusa/kazusa/ver0/controller'
[0.474s] INFO:colcon.colcon_core.plugin_system:Skipping extension 'colcon_core.shell.bat': Not used on non-Windows systems
[0.474s] INFO:colcon.colcon_core.shell:Skip shell extension 'powershell' for command environment: Not usable outside of PowerShell
[0.474s] DEBUG:colcon.colcon_core.shell:Skip shell extension 'dsv' for command environment
[0.482s] INFO:colcon.colcon_ros.task.ament_cmake.build:Building ROS package in '/home/kazusa/kazusa/ver0/custom_msgs' with build type 'ament_cmake'
[0.482s] INFO:colcon.colcon_cmake.task.cmake.build:Building CMake package in '/home/kazusa/kazusa/ver0/custom_msgs'
[0.482s] INFO:colcon.colcon_core.shell:Skip shell extension 'powershell' for command environment: Not usable outside of PowerShell
[0.483s] DEBUG:colcon.colcon_core.shell:Skip shell extension 'dsv' for command environment
[0.490s] INFO:colcon.colcon_ros.task.ament_cmake.build:Building ROS package in '/home/kazusa/kazusa/ver0/amcl_config' with build type 'ament_cmake'
[0.490s] INFO:colcon.colcon_cmake.task.cmake.build:Building CMake package in '/home/kazusa/kazusa/ver0/amcl_config'
[0.491s] INFO:colcon.colcon_core.shell:Skip shell extension 'powershell' for command environment: Not usable outside of PowerShell
[0.491s] DEBUG:colcon.colcon_core.shell:Skip shell extension 'dsv' for command environment
[0.497s] INFO:colcon.colcon_ros.task.ament_cmake.build:Building ROS package in '/home/kazusa/kazusa/ver0/launcher' with build type 'ament_cmake'
[0.498s] INFO:colcon.colcon_cmake.task.cmake.build:Building CMake package in '/home/kazusa/kazusa/ver0/launcher'
[0.498s] INFO:colcon.colcon_core.shell:Skip shell extension 'powershell' for command environment: Not usable outside of PowerShell
[0.498s] DEBUG:colcon.colcon_core.shell:Skip shell extension 'dsv' for command environment
[0.504s] INFO:colcon.colcon_ros.task.ament_cmake.build:Building ROS package in '/home/kazusa/kazusa/ver0/mola_conf' with build type 'ament_cmake'
[0.504s] INFO:colcon.colcon_cmake.task.cmake.build:Building CMake package in '/home/kazusa/kazusa/ver0/mola_conf'
[0.505s] INFO:colcon.colcon_core.shell:Skip shell extension 'powershell' for command environment: Not usable outside of PowerShell
[0.505s] DEBUG:colcon.colcon_core.shell:Skip shell extension 'dsv' for command environment
[0.512s] INFO:colcon.colcon_ros.task.ament_cmake.build:Building ROS package in '/home/kazusa/kazusa/ver0/my_cart2' with build type 'ament_cmake'
[0.512s] INFO:colcon.colcon_cmake.task.cmake.build:Building CMake package in '/home/kazusa/kazusa/ver0/my_cart2'
[0.512s] INFO:colcon.colcon_core.shell:Skip shell extension 'powershell' for command environment: Not usable outside of PowerShell
[0.512s] DEBUG:colcon.colcon_core.shell:Skip shell extension 'dsv' for command environment
[0.526s] DEBUG:colcon.colcon_core.event_handler.log_command:Invoking command in '/home/kazusa/kazusa/build/controller': CMAKE_PREFIX_PATH=${CMAKE_PREFIX_PATH}:/opt/ros/jazzy DEBUGINFOD_URLS=https://debuginfod.ubuntu.com /usr/bin/cmake --build /home/kazusa/kazusa/build/controller -- -j12 -l12
[0.529s] DEBUG:colcon.colcon_core.event_handler.log_command:Invoking command in '/home/kazusa/kazusa/build/custom_msgs': CMAKE_PREFIX_PATH=${CMAKE_PREFIX_PATH}:/opt/ros/jazzy DEBUGINFOD_URLS=https://debuginfod.ubuntu.com /usr/bin/cmake --build /home/kazusa/kazusa/build/custom_msgs -- -j12 -l12
[0.531s] DEBUG:colcon.colcon_core.event_handler.log_command:Invoking command in '/home/kazusa/kazusa/build/amcl_config': CMAKE_PREFIX_PATH=${CMAKE_PREFIX_PATH}:/opt/ros/jazzy DEBUGINFOD_URLS=https://debuginfod.ubuntu.com /usr/bin/cmake --build /home/kazusa/kazusa/build/amcl_config -- -j12 -l12
[0.534s] DEBUG:colcon.colcon_core.event_handler.log_command:Invoking command in '/home/kazusa/kazusa/build/launcher': CMAKE_PREFIX_PATH=${CMAKE_PREFIX_PATH}:/opt/ros/jazzy DEBUGINFOD_URLS=https://debuginfod.ubuntu.com /usr/bin/cmake --build /home/kazusa/kazusa/build/launcher -- -j12 -l12
[0.538s] DEBUG:colcon.colcon_core.event_handler.log_command:Invoking command in '/home/kazusa/kazusa/build/mola_conf': CMAKE_PREFIX_PATH=${CMAKE_PREFIX_PATH}:/opt/ros/jazzy DEBUGINFOD_URLS=https://debuginfod.ubuntu.com /usr/bin/cmake --build /home/kazusa/kazusa/build/mola_conf -- -j12 -l12
[0.582s] DEBUG:colcon.colcon_core.event_handler.log_command:Invoking command in '/home/kazusa/kazusa/build/my_cart2': CMAKE_PREFIX_PATH=${CMAKE_PREFIX_PATH}:/opt/ros/jazzy DEBUGINFOD_URLS=https://debuginfod.ubuntu.com /usr/bin/cmake --build /home/kazusa/kazusa/build/my_cart2 -- -j12 -l12
[0.609s] DEBUG:colcon.colcon_core.event_handler.log_command:Invoked command in '/home/kazusa/kazusa/build/launcher' returned '0': CMAKE_PREFIX_PATH=${CMAKE_PREFIX_PATH}:/opt/ros/jazzy DEBUGINFOD_URLS=https://debuginfod.ubuntu.com /usr/bin/cmake --build /home/kazusa/kazusa/build/launcher -- -j12 -l12
[0.631s] DEBUG:colcon.colcon_core.event_handler.log_command:Invoking command in '/home/kazusa/kazusa/build/launcher': CMAKE_PREFIX_PATH=${CMAKE_PREFIX_PATH}:/opt/ros/jazzy DEBUGINFOD_URLS=https://debuginfod.ubuntu.com /usr/bin/cmake --install /home/kazusa/kazusa/build/launcher
[0.635s] DEBUG:colcon.colcon_core.event_handler.log_command:Invoked command in '/home/kazusa/kazusa/build/mola_conf' returned '0': CMAKE_PREFIX_PATH=${CMAKE_PREFIX_PATH}:/opt/ros/jazzy DEBUGINFOD_URLS=https://debuginfod.ubuntu.com /usr/bin/cmake --build /home/kazusa/kazusa/build/mola_conf -- -j12 -l12
[0.638s] DEBUG:colcon.colcon_core.event_handler.log_command:Invoking command in '/home/kazusa/kazusa/build/mola_conf': CMAKE_PREFIX_PATH=${CMAKE_PREFIX_PATH}:/opt/ros/jazzy DEBUGINFOD_URLS=https://debuginfod.ubuntu.com /usr/bin/cmake --install /home/kazusa/kazusa/build/mola_conf
[0.638s] DEBUG:colcon.colcon_core.event_handler.log_command:Invoked command in '/home/kazusa/kazusa/build/amcl_config' returned '0': CMAKE_PREFIX_PATH=${CMAKE_PREFIX_PATH}:/opt/ros/jazzy DEBUGINFOD_URLS=https://debuginfod.ubuntu.com /usr/bin/cmake --build /home/kazusa/kazusa/build/amcl_config -- -j12 -l12
[0.640s] DEBUG:colcon.colcon_core.event_handler.log_command:Invoking command in '/home/kazusa/kazusa/build/amcl_config': CMAKE_PREFIX_PATH=${CMAKE_PREFIX_PATH}:/opt/ros/jazzy DEBUGINFOD_URLS=https://debuginfod.ubuntu.com /usr/bin/cmake --install /home/kazusa/kazusa/build/amcl_config
[0.656s] Level 1:colcon.colcon_core.environment:create_environment_scripts_only(launcher)
[0.669s] Level 1:colcon.colcon_core.environment:checking '/home/kazusa/kazusa/install/launcher' for CMake module files
[0.670s] DEBUG:colcon.colcon_core.event_handler.log_command:Invoked command in '/home/kazusa/kazusa/build/launcher' returned '0': CMAKE_PREFIX_PATH=${CMAKE_PREFIX_PATH}:/opt/ros/jazzy DEBUGINFOD_URLS=https://debuginfod.ubuntu.com /usr/bin/cmake --install /home/kazusa/kazusa/build/launcher
[0.674s] Level 1:colcon.colcon_core.environment:checking '/home/kazusa/kazusa/install/launcher' for CMake config files
[0.675s] Level 1:colcon.colcon_core.shell:create_environment_hook('launcher', 'cmake_prefix_path')
[0.675s] INFO:colcon.colcon_core.shell:Creating environment hook '/home/kazusa/kazusa/install/launcher/share/launcher/hook/cmake_prefix_path.ps1'
[0.677s] INFO:colcon.colcon_core.shell:Creating environment descriptor '/home/kazusa/kazusa/install/launcher/share/launcher/hook/cmake_prefix_path.dsv'
[0.678s] INFO:colcon.colcon_core.shell:Creating environment hook '/home/kazusa/kazusa/install/launcher/share/launcher/hook/cmake_prefix_path.sh'
[0.683s] Level 1:colcon.colcon_core.environment:checking '/home/kazusa/kazusa/install/launcher/bin'
[0.683s] Level 1:colcon.colcon_core.environment:checking '/home/kazusa/kazusa/install/launcher/lib/pkgconfig/launcher.pc'
[0.684s] Level 1:colcon.colcon_core.environment:checking '/home/kazusa/kazusa/install/launcher/lib/python3.12/site-packages'
[0.684s] Level 1:colcon.colcon_core.environment:checking '/home/kazusa/kazusa/install/launcher/bin'
[0.685s] INFO:colcon.colcon_core.shell:Creating package script '/home/kazusa/kazusa/install/launcher/share/launcher/package.ps1'
[0.687s] INFO:colcon.colcon_core.shell:Creating package descriptor '/home/kazusa/kazusa/install/launcher/share/launcher/package.dsv'
[0.691s] INFO:colcon.colcon_core.shell:Creating package script '/home/kazusa/kazusa/install/launcher/share/launcher/package.sh'
[0.693s] INFO:colcon.colcon_core.shell:Creating package script '/home/kazusa/kazusa/install/launcher/share/launcher/package.bash'
[0.694s] INFO:colcon.colcon_core.shell:Creating package script '/home/kazusa/kazusa/install/launcher/share/launcher/package.zsh'
[0.696s] Level 1:colcon.colcon_core.environment:create_file_with_runtime_dependencies(/home/kazusa/kazusa/install/launcher/share/colcon-core/packages/launcher)
[0.698s] Level 1:colcon.colcon_core.environment:create_environment_scripts_only(launcher)
[0.698s] Level 1:colcon.colcon_core.environment:checking '/home/kazusa/kazusa/install/launcher' for CMake module files
[0.699s] Level 1:colcon.colcon_core.environment:checking '/home/kazusa/kazusa/install/launcher' for CMake config files
[0.700s] Level 1:colcon.colcon_core.shell:create_environment_hook('launcher', 'cmake_prefix_path')
[0.700s] INFO:colcon.colcon_core.shell:Creating environment hook '/home/kazusa/kazusa/install/launcher/share/launcher/hook/cmake_prefix_path.ps1'
[0.702s] INFO:colcon.colcon_core.shell:Creating environment descriptor '/home/kazusa/kazusa/install/launcher/share/launcher/hook/cmake_prefix_path.dsv'
[0.703s] INFO:colcon.colcon_core.shell:Creating environment hook '/home/kazusa/kazusa/install/launcher/share/launcher/hook/cmake_prefix_path.sh'
[0.705s] Level 1:colcon.colcon_core.environment:checking '/home/kazusa/kazusa/install/launcher/bin'
[0.705s] Level 1:colcon.colcon_core.environment:checking '/home/kazusa/kazusa/install/launcher/lib/pkgconfig/launcher.pc'
[0.705s] Level 1:colcon.colcon_core.environment:checking '/home/kazusa/kazusa/install/launcher/lib/python3.12/site-packages'
[0.708s] Level 1:colcon.colcon_core.environment:checking '/home/kazusa/kazusa/install/launcher/bin'
[0.708s] INFO:colcon.colcon_core.shell:Creating package script '/home/kazusa/kazusa/install/launcher/share/launcher/package.ps1'
[0.710s] INFO:colcon.colcon_core.shell:Creating package descriptor '/home/kazusa/kazusa/install/launcher/share/launcher/package.dsv'
[0.710s] INFO:colcon.colcon_core.shell:Creating package script '/home/kazusa/kazusa/install/launcher/share/launcher/package.sh'
[0.711s] INFO:colcon.colcon_core.shell:Creating package script '/home/kazusa/kazusa/install/launcher/share/launcher/package.bash'
[0.712s] INFO:colcon.colcon_core.shell:Creating package script '/home/kazusa/kazusa/install/launcher/share/launcher/package.zsh'
[0.713s] Level 1:colcon.colcon_core.environment:create_file_with_runtime_dependencies(/home/kazusa/kazusa/install/launcher/share/colcon-core/packages/launcher)
[0.717s] Level 1:colcon.colcon_core.environment:create_environment_scripts_only(mola_conf)
[0.718s] Level 1:colcon.colcon_core.environment:checking '/home/kazusa/kazusa/install/mola_conf' for CMake module files
[0.725s] Level 1:colcon.colcon_core.environment:checking '/home/kazusa/kazusa/install/mola_conf' for CMake config files
[0.727s] Level 1:colcon.colcon_core.shell:create_environment_hook('mola_conf', 'cmake_prefix_path')
[0.727s] INFO:colcon.colcon_core.shell:Creating environment hook '/home/kazusa/kazusa/install/mola_conf/share/mola_conf/hook/cmake_prefix_path.ps1'
[0.726s] DEBUG:colcon.colcon_core.event_handler.log_command:Invoked command in '/home/kazusa/kazusa/build/mola_conf' returned '0': CMAKE_PREFIX_PATH=${CMAKE_PREFIX_PATH}:/opt/ros/jazzy DEBUGINFOD_URLS=https://debuginfod.ubuntu.com /usr/bin/cmake --install /home/kazusa/kazusa/build/mola_conf
[0.729s] INFO:colcon.colcon_core.shell:Creating environment descriptor '/home/kazusa/kazusa/install/mola_conf/share/mola_conf/hook/cmake_prefix_path.dsv'
[0.732s] INFO:colcon.colcon_core.shell:Creating environment hook '/home/kazusa/kazusa/install/mola_conf/share/mola_conf/hook/cmake_prefix_path.sh'
[0.733s] Level 1:colcon.colcon_core.environment:checking '/home/kazusa/kazusa/install/mola_conf/bin'
[0.734s] Level 1:colcon.colcon_core.environment:checking '/home/kazusa/kazusa/install/mola_conf/lib/pkgconfig/mola_conf.pc'
[0.734s] Level 1:colcon.colcon_core.environment:checking '/home/kazusa/kazusa/install/mola_conf/lib/python3.12/site-packages'
[0.735s] Level 1:colcon.colcon_core.environment:checking '/home/kazusa/kazusa/install/mola_conf/bin'
[0.735s] INFO:colcon.colcon_core.shell:Creating package script '/home/kazusa/kazusa/install/mola_conf/share/mola_conf/package.ps1'
[0.736s] INFO:colcon.colcon_core.shell:Creating package descriptor '/home/kazusa/kazusa/install/mola_conf/share/mola_conf/package.dsv'
[0.737s] INFO:colcon.colcon_core.shell:Creating package script '/home/kazusa/kazusa/install/mola_conf/share/mola_conf/package.sh'
[0.738s] INFO:colcon.colcon_core.shell:Creating package script '/home/kazusa/kazusa/install/mola_conf/share/mola_conf/package.bash'
[0.738s] INFO:colcon.colcon_core.shell:Creating package script '/home/kazusa/kazusa/install/mola_conf/share/mola_conf/package.zsh'
[0.739s] Level 1:colcon.colcon_core.environment:create_file_with_runtime_dependencies(/home/kazusa/kazusa/install/mola_conf/share/colcon-core/packages/mola_conf)
[0.740s] Level 1:colcon.colcon_core.environment:create_environment_scripts_only(mola_conf)
[0.741s] Level 1:colcon.colcon_core.environment:checking '/home/kazusa/kazusa/install/mola_conf' for CMake module files
[0.742s] Level 1:colcon.colcon_core.environment:checking '/home/kazusa/kazusa/install/mola_conf' for CMake config files
[0.742s] Level 1:colcon.colcon_core.shell:create_environment_hook('mola_conf', 'cmake_prefix_path')
[0.742s] INFO:colcon.colcon_core.shell:Creating environment hook '/home/kazusa/kazusa/install/mola_conf/share/mola_conf/hook/cmake_prefix_path.ps1'
[0.743s] INFO:colcon.colcon_core.shell:Creating environment descriptor '/home/kazusa/kazusa/install/mola_conf/share/mola_conf/hook/cmake_prefix_path.dsv'
[0.743s] INFO:colcon.colcon_core.shell:Creating environment hook '/home/kazusa/kazusa/install/mola_conf/share/mola_conf/hook/cmake_prefix_path.sh'
[0.745s] Level 1:colcon.colcon_core.environment:checking '/home/kazusa/kazusa/install/mola_conf/bin'
[0.745s] Level 1:colcon.colcon_core.environment:checking '/home/kazusa/kazusa/install/mola_conf/lib/pkgconfig/mola_conf.pc'
[0.745s] Level 1:colcon.colcon_core.environment:checking '/home/kazusa/kazusa/install/mola_conf/lib/python3.12/site-packages'
[0.746s] Level 1:colcon.colcon_core.environment:checking '/home/kazusa/kazusa/install/mola_conf/bin'
[0.746s] INFO:colcon.colcon_core.shell:Creating package script '/home/kazusa/kazusa/install/mola_conf/share/mola_conf/package.ps1'
[0.747s] INFO:colcon.colcon_core.shell:Creating package descriptor '/home/kazusa/kazusa/install/mola_conf/share/mola_conf/package.dsv'
[0.749s] INFO:colcon.colcon_core.shell:Creating package script '/home/kazusa/kazusa/install/mola_conf/share/mola_conf/package.sh'
[0.750s] INFO:colcon.colcon_core.shell:Creating package script '/home/kazusa/kazusa/install/mola_conf/share/mola_conf/package.bash'
[0.751s] INFO:colcon.colcon_core.shell:Creating package script '/home/kazusa/kazusa/install/mola_conf/share/mola_conf/package.zsh'
[0.752s] Level 1:colcon.colcon_core.environment:create_file_with_runtime_dependencies(/home/kazusa/kazusa/install/mola_conf/share/colcon-core/packages/mola_conf)
[0.752s] Level 1:colcon.colcon_core.environment:create_environment_scripts_only(amcl_config)
[0.752s] Level 1:colcon.colcon_core.environment:checking '/home/kazusa/kazusa/install/amcl_config' for CMake module files
[0.754s] DEBUG:colcon.colcon_core.event_handler.log_command:Invoked command in '/home/kazusa/kazusa/build/amcl_config' returned '0': CMAKE_PREFIX_PATH=${CMAKE_PREFIX_PATH}:/opt/ros/jazzy DEBUGINFOD_URLS=https://debuginfod.ubuntu.com /usr/bin/cmake --install /home/kazusa/kazusa/build/amcl_config
[0.755s] Level 1:colcon.colcon_core.environment:checking '/home/kazusa/kazusa/install/amcl_config' for CMake config files
[0.755s] Level 1:colcon.colcon_core.shell:create_environment_hook('amcl_config', 'cmake_prefix_path')
[0.755s] INFO:colcon.colcon_core.shell:Creating environment hook '/home/kazusa/kazusa/install/amcl_config/share/amcl_config/hook/cmake_prefix_path.ps1'
[0.756s] INFO:colcon.colcon_core.shell:Creating environment descriptor '/home/kazusa/kazusa/install/amcl_config/share/amcl_config/hook/cmake_prefix_path.dsv'
[0.757s] INFO:colcon.colcon_core.shell:Creating environment hook '/home/kazusa/kazusa/install/amcl_config/share/amcl_config/hook/cmake_prefix_path.sh'
[0.761s] Level 1:colcon.colcon_core.environment:checking '/home/kazusa/kazusa/install/amcl_config/bin'
[0.761s] Level 1:colcon.colcon_core.environment:checking '/home/kazusa/kazusa/install/amcl_config/lib/pkgconfig/amcl_config.pc'
[0.761s] Level 1:colcon.colcon_core.environment:checking '/home/kazusa/kazusa/install/amcl_config/lib/python3.12/site-packages'
[0.762s] Level 1:colcon.colcon_core.environment:checking '/home/kazusa/kazusa/install/amcl_config/bin'
[0.762s] INFO:colcon.colcon_core.shell:Creating package script '/home/kazusa/kazusa/install/amcl_config/share/amcl_config/package.ps1'
[0.763s] INFO:colcon.colcon_core.shell:Creating package descriptor '/home/kazusa/kazusa/install/amcl_config/share/amcl_config/package.dsv'
[0.764s] INFO:colcon.colcon_core.shell:Creating package script '/home/kazusa/kazusa/install/amcl_config/share/amcl_config/package.sh'
[0.764s] INFO:colcon.colcon_core.shell:Creating package script '/home/kazusa/kazusa/install/amcl_config/share/amcl_config/package.bash'
[0.765s] INFO:colcon.colcon_core.shell:Creating package script '/home/kazusa/kazusa/install/amcl_config/share/amcl_config/package.zsh'
[0.765s] Level 1:colcon.colcon_core.environment:create_file_with_runtime_dependencies(/home/kazusa/kazusa/install/amcl_config/share/colcon-core/packages/amcl_config)
[0.766s] Level 1:colcon.colcon_core.environment:create_environment_scripts_only(amcl_config)
[0.766s] Level 1:colcon.colcon_core.environment:checking '/home/kazusa/kazusa/install/amcl_config' for CMake module files
[0.767s] Level 1:colcon.colcon_core.environment:checking '/home/kazusa/kazusa/install/amcl_config' for CMake config files
[0.767s] Level 1:colcon.colcon_core.shell:create_environment_hook('amcl_config', 'cmake_prefix_path')
[0.768s] INFO:colcon.colcon_core.shell:Creating environment hook '/home/kazusa/kazusa/install/amcl_config/share/amcl_config/hook/cmake_prefix_path.ps1'
[0.768s] INFO:colcon.colcon_core.shell:Creating environment descriptor '/home/kazusa/kazusa/install/amcl_config/share/amcl_config/hook/cmake_prefix_path.dsv'
[0.769s] INFO:colcon.colcon_core.shell:Creating environment hook '/home/kazusa/kazusa/install/amcl_config/share/amcl_config/hook/cmake_prefix_path.sh'
[0.769s] Level 1:colcon.colcon_core.environment:checking '/home/kazusa/kazusa/install/amcl_config/bin'
[0.769s] Level 1:colcon.colcon_core.environment:checking '/home/kazusa/kazusa/install/amcl_config/lib/pkgconfig/amcl_config.pc'
[0.770s] Level 1:colcon.colcon_core.environment:checking '/home/kazusa/kazusa/install/amcl_config/lib/python3.12/site-packages'
[0.770s] Level 1:colcon.colcon_core.environment:checking '/home/kazusa/kazusa/install/amcl_config/bin'
[0.770s] INFO:colcon.colcon_core.shell:Creating package script '/home/kazusa/kazusa/install/amcl_config/share/amcl_config/package.ps1'
[0.771s] INFO:colcon.colcon_core.shell:Creating package descriptor '/home/kazusa/kazusa/install/amcl_config/share/amcl_config/package.dsv'
[0.771s] INFO:colcon.colcon_core.shell:Creating package script '/home/kazusa/kazusa/install/amcl_config/share/amcl_config/package.sh'
[0.772s] INFO:colcon.colcon_core.shell:Creating package script '/home/kazusa/kazusa/install/amcl_config/share/amcl_config/package.bash'
[0.772s] INFO:colcon.colcon_core.shell:Creating package script '/home/kazusa/kazusa/install/amcl_config/share/amcl_config/package.zsh'
[0.773s] Level 1:colcon.colcon_core.environment:create_file_with_runtime_dependencies(/home/kazusa/kazusa/install/amcl_config/share/colcon-core/packages/amcl_config)
[0.775s] DEBUG:colcon.colcon_core.event_handler.log_command:Invoked command in '/home/kazusa/kazusa/build/my_cart2' returned '0': CMAKE_PREFIX_PATH=${CMAKE_PREFIX_PATH}:/opt/ros/jazzy DEBUGINFOD_URLS=https://debuginfod.ubuntu.com /usr/bin/cmake --build /home/kazusa/kazusa/build/my_cart2 -- -j12 -l12
[0.777s] DEBUG:colcon.colcon_core.event_handler.log_command:Invoking command in '/home/kazusa/kazusa/build/my_cart2': CMAKE_PREFIX_PATH=${CMAKE_PREFIX_PATH}:/opt/ros/jazzy DEBUGINFOD_URLS=https://debuginfod.ubuntu.com /usr/bin/cmake --install /home/kazusa/kazusa/build/my_cart2
[0.797s] Level 1:colcon.colcon_core.environment:create_environment_scripts_only(my_cart2)
[0.797s] Level 1:colcon.colcon_core.environment:checking '/home/kazusa/kazusa/install/my_cart2' for CMake module files
[0.798s] DEBUG:colcon.colcon_core.event_handler.log_command:Invoked command in '/home/kazusa/kazusa/build/my_cart2' returned '0': CMAKE_PREFIX_PATH=${CMAKE_PREFIX_PATH}:/opt/ros/jazzy DEBUGINFOD_URLS=https://debuginfod.ubuntu.com /usr/bin/cmake --install /home/kazusa/kazusa/build/my_cart2
[0.798s] Level 1:colcon.colcon_core.environment:checking '/home/kazusa/kazusa/install/my_cart2' for CMake config files
[0.799s] Level 1:colcon.colcon_core.shell:create_environment_hook('my_cart2', 'cmake_prefix_path')
[0.799s] INFO:colcon.colcon_core.shell:Creating environment hook '/home/kazusa/kazusa/install/my_cart2/share/my_cart2/hook/cmake_prefix_path.ps1'
[0.800s] INFO:colcon.colcon_core.shell:Creating environment descriptor '/home/kazusa/kazusa/install/my_cart2/share/my_cart2/hook/cmake_prefix_path.dsv'
[0.800s] INFO:colcon.colcon_core.shell:Creating environment hook '/home/kazusa/kazusa/install/my_cart2/share/my_cart2/hook/cmake_prefix_path.sh'
[0.801s] Level 1:colcon.colcon_core.environment:checking '/home/kazusa/kazusa/install/my_cart2/lib'
[0.801s] Level 1:colcon.colcon_core.environment:checking '/home/kazusa/kazusa/install/my_cart2/bin'
[0.801s] Level 1:colcon.colcon_core.environment:checking '/home/kazusa/kazusa/install/my_cart2/lib/pkgconfig/my_cart2.pc'
[0.801s] Level 1:colcon.colcon_core.environment:checking '/home/kazusa/kazusa/install/my_cart2/lib/python3.12/site-packages'
[0.802s] Level 1:colcon.colcon_core.environment:checking '/home/kazusa/kazusa/install/my_cart2/bin'
[0.803s] INFO:colcon.colcon_core.shell:Creating package script '/home/kazusa/kazusa/install/my_cart2/share/my_cart2/package.ps1'
[0.804s] INFO:colcon.colcon_core.shell:Creating package descriptor '/home/kazusa/kazusa/install/my_cart2/share/my_cart2/package.dsv'
[0.804s] INFO:colcon.colcon_core.shell:Creating package script '/home/kazusa/kazusa/install/my_cart2/share/my_cart2/package.sh'
[0.805s] INFO:colcon.colcon_core.shell:Creating package script '/home/kazusa/kazusa/install/my_cart2/share/my_cart2/package.bash'
[0.806s] INFO:colcon.colcon_core.shell:Creating package script '/home/kazusa/kazusa/install/my_cart2/share/my_cart2/package.zsh'
[0.806s] Level 1:colcon.colcon_core.environment:create_file_with_runtime_dependencies(/home/kazusa/kazusa/install/my_cart2/share/colcon-core/packages/my_cart2)
[0.807s] Level 1:colcon.colcon_core.environment:create_environment_scripts_only(my_cart2)
[0.807s] Level 1:colcon.colcon_core.environment:checking '/home/kazusa/kazusa/install/my_cart2' for CMake module files
[0.808s] Level 1:colcon.colcon_core.environment:checking '/home/kazusa/kazusa/install/my_cart2' for CMake config files
[0.809s] Level 1:colcon.colcon_core.shell:create_environment_hook('my_cart2', 'cmake_prefix_path')
[0.809s] INFO:colcon.colcon_core.shell:Creating environment hook '/home/kazusa/kazusa/install/my_cart2/share/my_cart2/hook/cmake_prefix_path.ps1'
[0.810s] INFO:colcon.colcon_core.shell:Creating environment descriptor '/home/kazusa/kazusa/install/my_cart2/share/my_cart2/hook/cmake_prefix_path.dsv'
[0.810s] INFO:colcon.colcon_core.shell:Creating environment hook '/home/kazusa/kazusa/install/my_cart2/share/my_cart2/hook/cmake_prefix_path.sh'
[0.811s] Level 1:colcon.colcon_core.environment:checking '/home/kazusa/kazusa/install/my_cart2/lib'
[0.811s] Level 1:colcon.colcon_core.environment:checking '/home/kazusa/kazusa/install/my_cart2/bin'
[0.811s] Level 1:colcon.colcon_core.environment:checking '/home/kazusa/kazusa/install/my_cart2/lib/pkgconfig/my_cart2.pc'
[0.811s] Level 1:colcon.colcon_core.environment:checking '/home/kazusa/kazusa/install/my_cart2/lib/python3.12/site-packages'
[0.812s] Level 1:colcon.colcon_core.environment:checking '/home/kazusa/kazusa/install/my_cart2/bin'
[0.812s] INFO:colcon.colcon_core.shell:Creating package script '/home/kazusa/kazusa/install/my_cart2/share/my_cart2/package.ps1'
[0.812s] INFO:colcon.colcon_core.shell:Creating package descriptor '/home/kazusa/kazusa/install/my_cart2/share/my_cart2/package.dsv'
[0.813s] INFO:colcon.colcon_core.shell:Creating package script '/home/kazusa/kazusa/install/my_cart2/share/my_cart2/package.sh'
[0.813s] INFO:colcon.colcon_core.shell:Creating package script '/home/kazusa/kazusa/install/my_cart2/share/my_cart2/package.bash'
[0.814s] INFO:colcon.colcon_core.shell:Creating package script '/home/kazusa/kazusa/install/my_cart2/share/my_cart2/package.zsh'
[0.814s] Level 1:colcon.colcon_core.environment:create_file_with_runtime_dependencies(/home/kazusa/kazusa/install/my_cart2/share/colcon-core/packages/my_cart2)
[1.131s] DEBUG:colcon.colcon_core.event_handler.log_command:Invoked command in '/home/kazusa/kazusa/build/custom_msgs' returned '0': CMAKE_PREFIX_PATH=${CMAKE_PREFIX_PATH}:/opt/ros/jazzy DEBUGINFOD_URLS=https://debuginfod.ubuntu.com /usr/bin/cmake --build /home/kazusa/kazusa/build/custom_msgs -- -j12 -l12
[1.134s] DEBUG:colcon.colcon_core.event_handler.log_command:Invoking command in '/home/kazusa/kazusa/build/custom_msgs': CMAKE_PREFIX_PATH=${CMAKE_PREFIX_PATH}:/opt/ros/jazzy DEBUGINFOD_URLS=https://debuginfod.ubuntu.com /usr/bin/cmake --install /home/kazusa/kazusa/build/custom_msgs
[1.143s] DEBUG:colcon.colcon_core.event_handler.log_command:Invoked command in '/home/kazusa/kazusa/build/controller' returned '0': CMAKE_PREFIX_PATH=${CMAKE_PREFIX_PATH}:/opt/ros/jazzy DEBUGINFOD_URLS=https://debuginfod.ubuntu.com /usr/bin/cmake --build /home/kazusa/kazusa/build/controller -- -j12 -l12
[1.144s] DEBUG:colcon.colcon_core.event_handler.log_command:Invoking command in '/home/kazusa/kazusa/build/controller': CMAKE_PREFIX_PATH=${CMAKE_PREFIX_PATH}:/opt/ros/jazzy DEBUGINFOD_URLS=https://debuginfod.ubuntu.com /usr/bin/cmake --install /home/kazusa/kazusa/build/controller
[1.191s] Level 1:colcon.colcon_core.environment:create_environment_scripts_only(custom_msgs)
[1.191s] Level 1:colcon.colcon_core.environment:checking '/home/kazusa/kazusa/install/custom_msgs' for CMake module files
[1.191s] DEBUG:colcon.colcon_core.event_handler.log_command:Invoked command in '/home/kazusa/kazusa/build/custom_msgs' returned '0': CMAKE_PREFIX_PATH=${CMAKE_PREFIX_PATH}:/opt/ros/jazzy DEBUGINFOD_URLS=https://debuginfod.ubuntu.com /usr/bin/cmake --install /home/kazusa/kazusa/build/custom_msgs
[1.192s] Level 1:colcon.colcon_core.environment:checking '/home/kazusa/kazusa/install/custom_msgs' for CMake config files
[1.192s] Level 1:colcon.colcon_core.shell:create_environment_hook('custom_msgs', 'cmake_prefix_path')
[1.193s] INFO:colcon.colcon_core.shell:Creating environment hook '/home/kazusa/kazusa/install/custom_msgs/share/custom_msgs/hook/cmake_prefix_path.ps1'
[1.193s] INFO:colcon.colcon_core.shell:Creating environment descriptor '/home/kazusa/kazusa/install/custom_msgs/share/custom_msgs/hook/cmake_prefix_path.dsv'
[1.193s] INFO:colcon.colcon_core.shell:Creating environment hook '/home/kazusa/kazusa/install/custom_msgs/share/custom_msgs/hook/cmake_prefix_path.sh'
[1.194s] Level 1:colcon.colcon_core.environment:checking '/home/kazusa/kazusa/install/custom_msgs/lib'
[1.194s] Level 1:colcon.colcon_core.shell:create_environment_hook('custom_msgs', 'ld_library_path_lib')
[1.194s] INFO:colcon.colcon_core.shell:Creating environment hook '/home/kazusa/kazusa/install/custom_msgs/share/custom_msgs/hook/ld_library_path_lib.ps1'
[1.194s] INFO:colcon.colcon_core.shell:Creating environment descriptor '/home/kazusa/kazusa/install/custom_msgs/share/custom_msgs/hook/ld_library_path_lib.dsv'
[1.195s] INFO:colcon.colcon_core.shell:Creating environment hook '/home/kazusa/kazusa/install/custom_msgs/share/custom_msgs/hook/ld_library_path_lib.sh'
[1.195s] Level 1:colcon.colcon_core.environment:checking '/home/kazusa/kazusa/install/custom_msgs/bin'
[1.195s] Level 1:colcon.colcon_core.environment:checking '/home/kazusa/kazusa/install/custom_msgs/lib/pkgconfig/custom_msgs.pc'
[1.195s] Level 1:colcon.colcon_core.environment:checking '/home/kazusa/kazusa/install/custom_msgs/lib/python3.12/site-packages'
[1.195s] Level 1:colcon.colcon_core.shell:create_environment_hook('custom_msgs', 'pythonpath')
[1.195s] INFO:colcon.colcon_core.shell:Creating environment hook '/home/kazusa/kazusa/install/custom_msgs/share/custom_msgs/hook/pythonpath.ps1'
[1.196s] INFO:colcon.colcon_core.shell:Creating environment descriptor '/home/kazusa/kazusa/install/custom_msgs/share/custom_msgs/hook/pythonpath.dsv'
[1.196s] INFO:colcon.colcon_core.shell:Creating environment hook '/home/kazusa/kazusa/install/custom_msgs/share/custom_msgs/hook/pythonpath.sh'
[1.197s] Level 1:colcon.colcon_core.environment:checking '/home/kazusa/kazusa/install/custom_msgs/bin'
[1.197s] INFO:colcon.colcon_core.shell:Creating package script '/home/kazusa/kazusa/install/custom_msgs/share/custom_msgs/package.ps1'
[1.197s] INFO:colcon.colcon_core.shell:Creating package descriptor '/home/kazusa/kazusa/install/custom_msgs/share/custom_msgs/package.dsv'
[1.198s] INFO:colcon.colcon_core.shell:Creating package script '/home/kazusa/kazusa/install/custom_msgs/share/custom_msgs/package.sh'
[1.198s] INFO:colcon.colcon_core.shell:Creating package script '/home/kazusa/kazusa/install/custom_msgs/share/custom_msgs/package.bash'
[1.198s] INFO:colcon.colcon_core.shell:Creating package script '/home/kazusa/kazusa/install/custom_msgs/share/custom_msgs/package.zsh'
[1.199s] Level 1:colcon.colcon_core.environment:create_file_with_runtime_dependencies(/home/kazusa/kazusa/install/custom_msgs/share/colcon-core/packages/custom_msgs)
[1.199s] Level 1:colcon.colcon_core.environment:create_environment_scripts_only(custom_msgs)
[1.199s] Level 1:colcon.colcon_core.environment:checking '/home/kazusa/kazusa/install/custom_msgs' for CMake module files
[1.202s] Level 1:colcon.colcon_core.environment:checking '/home/kazusa/kazusa/install/custom_msgs' for CMake config files
[1.202s] Level 1:colcon.colcon_core.shell:create_environment_hook('custom_msgs', 'cmake_prefix_path')
[1.202s] INFO:colcon.colcon_core.shell:Creating environment hook '/home/kazusa/kazusa/install/custom_msgs/share/custom_msgs/hook/cmake_prefix_path.ps1'
[1.203s] INFO:colcon.colcon_core.shell:Creating environment descriptor '/home/kazusa/kazusa/install/custom_msgs/share/custom_msgs/hook/cmake_prefix_path.dsv'
[1.203s] INFO:colcon.colcon_core.shell:Creating environment hook '/home/kazusa/kazusa/install/custom_msgs/share/custom_msgs/hook/cmake_prefix_path.sh'
[1.204s] Level 1:colcon.colcon_core.environment:checking '/home/kazusa/kazusa/install/custom_msgs/lib'
[1.204s] Level 1:colcon.colcon_core.shell:create_environment_hook('custom_msgs', 'ld_library_path_lib')
[1.204s] INFO:colcon.colcon_core.shell:Creating environment hook '/home/kazusa/kazusa/install/custom_msgs/share/custom_msgs/hook/ld_library_path_lib.ps1'
[1.204s] INFO:colcon.colcon_core.shell:Creating environment descriptor '/home/kazusa/kazusa/install/custom_msgs/share/custom_msgs/hook/ld_library_path_lib.dsv'
[1.204s] INFO:colcon.colcon_core.shell:Creating environment hook '/home/kazusa/kazusa/install/custom_msgs/share/custom_msgs/hook/ld_library_path_lib.sh'
[1.205s] Level 1:colcon.colcon_core.environment:checking '/home/kazusa/kazusa/install/custom_msgs/bin'
[1.205s] Level 1:colcon.colcon_core.environment:checking '/home/kazusa/kazusa/install/custom_msgs/lib/pkgconfig/custom_msgs.pc'
[1.205s] Level 1:colcon.colcon_core.environment:checking '/home/kazusa/kazusa/install/custom_msgs/lib/python3.12/site-packages'
[1.205s] Level 1:colcon.colcon_core.shell:create_environment_hook('custom_msgs', 'pythonpath')
[1.205s] INFO:colcon.colcon_core.shell:Creating environment hook '/home/kazusa/kazusa/install/custom_msgs/share/custom_msgs/hook/pythonpath.ps1'
[1.205s] INFO:colcon.colcon_core.shell:Creating environment descriptor '/home/kazusa/kazusa/install/custom_msgs/share/custom_msgs/hook/pythonpath.dsv'
[1.206s] INFO:colcon.colcon_core.shell:Creating environment hook '/home/kazusa/kazusa/install/custom_msgs/share/custom_msgs/hook/pythonpath.sh'
[1.206s] Level 1:colcon.colcon_core.environment:checking '/home/kazusa/kazusa/install/custom_msgs/bin'
[1.206s] INFO:colcon.colcon_core.shell:Creating package script '/home/kazusa/kazusa/install/custom_msgs/share/custom_msgs/package.ps1'
[1.207s] INFO:colcon.colcon_core.shell:Creating package descriptor '/home/kazusa/kazusa/install/custom_msgs/share/custom_msgs/package.dsv'
[1.207s] INFO:colcon.colcon_core.shell:Creating package script '/home/kazusa/kazusa/install/custom_msgs/share/custom_msgs/package.sh'
[1.208s] INFO:colcon.colcon_core.shell:Creating package script '/home/kazusa/kazusa/install/custom_msgs/share/custom_msgs/package.bash'
[1.208s] INFO:colcon.colcon_core.shell:Creating package script '/home/kazusa/kazusa/install/custom_msgs/share/custom_msgs/package.zsh'
[1.208s] Level 1:colcon.colcon_core.environment:create_file_with_runtime_dependencies(/home/kazusa/kazusa/install/custom_msgs/share/colcon-core/packages/custom_msgs)
[1.209s] INFO:colcon.colcon_ros.task.ament_cmake.build:Building ROS package in '/home/kazusa/kazusa/ver0/esp_agent' with build type 'ament_cmake'
[1.209s] INFO:colcon.colcon_cmake.task.cmake.build:Building CMake package in '/home/kazusa/kazusa/ver0/esp_agent'
[1.209s] INFO:colcon.colcon_core.shell:Skip shell extension 'powershell' for command environment: Not usable outside of PowerShell
[1.209s] DEBUG:colcon.colcon_core.shell:Skip shell extension 'dsv' for command environment
[1.214s] Level 1:colcon.colcon_core.environment:create_environment_scripts_only(controller)
[1.214s] Level 1:colcon.colcon_core.environment:checking '/home/kazusa/kazusa/install/controller' for CMake module files
[1.215s] DEBUG:colcon.colcon_core.event_handler.log_command:Invoked command in '/home/kazusa/kazusa/build/controller' returned '0': CMAKE_PREFIX_PATH=${CMAKE_PREFIX_PATH}:/opt/ros/jazzy DEBUGINFOD_URLS=https://debuginfod.ubuntu.com /usr/bin/cmake --install /home/kazusa/kazusa/build/controller
[1.215s] Level 1:colcon.colcon_core.environment:checking '/home/kazusa/kazusa/install/controller' for CMake config files
[1.215s] Level 1:colcon.colcon_core.shell:create_environment_hook('controller', 'cmake_prefix_path')
[1.216s] INFO:colcon.colcon_core.shell:Creating environment hook '/home/kazusa/kazusa/install/controller/share/controller/hook/cmake_prefix_path.ps1'
[1.216s] INFO:colcon.colcon_core.shell:Creating environment descriptor '/home/kazusa/kazusa/install/controller/share/controller/hook/cmake_prefix_path.dsv'
[1.216s] INFO:colcon.colcon_core.shell:Creating environment hook '/home/kazusa/kazusa/install/controller/share/controller/hook/cmake_prefix_path.sh'
[1.217s] Level 1:colcon.colcon_core.environment:checking '/home/kazusa/kazusa/install/controller/lib'
[1.217s] Level 1:colcon.colcon_core.shell:create_environment_hook('controller', 'ld_library_path_lib')
[1.217s] INFO:colcon.colcon_core.shell:Creating environment hook '/home/kazusa/kazusa/install/controller/share/controller/hook/ld_library_path_lib.ps1'
[1.217s] INFO:colcon.colcon_core.shell:Creating environment descriptor '/home/kazusa/kazusa/install/controller/share/controller/hook/ld_library_path_lib.dsv'
[1.217s] INFO:colcon.colcon_core.shell:Creating environment hook '/home/kazusa/kazusa/install/controller/share/controller/hook/ld_library_path_lib.sh'
[1.218s] Level 1:colcon.colcon_core.environment:checking '/home/kazusa/kazusa/install/controller/bin'
[1.218s] Level 1:colcon.colcon_core.environment:checking '/home/kazusa/kazusa/install/controller/lib/pkgconfig/controller.pc'
[1.218s] Level 1:colcon.colcon_core.environment:checking '/home/kazusa/kazusa/install/controller/lib/python3.12/site-packages'
[1.218s] Level 1:colcon.colcon_core.shell:create_environment_hook('controller', 'pythonpath')
[1.218s] INFO:colcon.colcon_core.shell:Creating environment hook '/home/kazusa/kazusa/install/controller/share/controller/hook/pythonpath.ps1'
[1.219s] INFO:colcon.colcon_core.shell:Creating environment descriptor '/home/kazusa/kazusa/install/controller/share/controller/hook/pythonpath.dsv'
[1.219s] INFO:colcon.colcon_core.shell:Creating environment hook '/home/kazusa/kazusa/install/controller/share/controller/hook/pythonpath.sh'
[1.219s] Level 1:colcon.colcon_core.environment:checking '/home/kazusa/kazusa/install/controller/bin'
[1.220s] INFO:colcon.colcon_core.shell:Creating package script '/home/kazusa/kazusa/install/controller/share/controller/package.ps1'
[1.220s] INFO:colcon.colcon_core.shell:Creating package descriptor '/home/kazusa/kazusa/install/controller/share/controller/package.dsv'
[1.221s] INFO:colcon.colcon_core.shell:Creating package script '/home/kazusa/kazusa/install/controller/share/controller/package.sh'
[1.221s] INFO:colcon.colcon_core.shell:Creating package script '/home/kazusa/kazusa/install/controller/share/controller/package.bash'
[1.221s] INFO:colcon.colcon_core.shell:Creating package script '/home/kazusa/kazusa/install/controller/share/controller/package.zsh'
[1.222s] Level 1:colcon.colcon_core.environment:create_file_with_runtime_dependencies(/home/kazusa/kazusa/install/controller/share/colcon-core/packages/controller)
[1.222s] Level 1:colcon.colcon_core.environment:create_environment_scripts_only(controller)
[1.222s] Level 1:colcon.colcon_core.environment:checking '/home/kazusa/kazusa/install/controller' for CMake module files
[1.223s] Level 1:colcon.colcon_core.environment:checking '/home/kazusa/kazusa/install/controller' for CMake config files
[1.223s] Level 1:colcon.colcon_core.shell:create_environment_hook('controller', 'cmake_prefix_path')
[1.223s] INFO:colcon.colcon_core.shell:Creating environment hook '/home/kazusa/kazusa/install/controller/share/controller/hook/cmake_prefix_path.ps1'
[1.224s] INFO:colcon.colcon_core.shell:Creating environment descriptor '/home/kazusa/kazusa/install/controller/share/controller/hook/cmake_prefix_path.dsv'
[1.224s] INFO:colcon.colcon_core.shell:Creating environment hook '/home/kazusa/kazusa/install/controller/share/controller/hook/cmake_prefix_path.sh'
[1.224s] Level 1:colcon.colcon_core.environment:checking '/home/kazusa/kazusa/install/controller/lib'
[1.224s] Level 1:colcon.colcon_core.shell:create_environment_hook('controller', 'ld_library_path_lib')
[1.225s] INFO:colcon.colcon_core.shell:Creating environment hook '/home/kazusa/kazusa/install/controller/share/controller/hook/ld_library_path_lib.ps1'
[1.225s] INFO:colcon.colcon_core.shell:Creating environment descriptor '/home/kazusa/kazusa/install/controller/share/controller/hook/ld_library_path_lib.dsv'
[1.225s] INFO:colcon.colcon_core.shell:Creating environment hook '/home/kazusa/kazusa/install/controller/share/controller/hook/ld_library_path_lib.sh'
[1.225s] Level 1:colcon.colcon_core.environment:checking '/home/kazusa/kazusa/install/controller/bin'
[1.226s] Level 1:colcon.colcon_core.environment:checking '/home/kazusa/kazusa/install/controller/lib/pkgconfig/controller.pc'
[1.226s] Level 1:colcon.colcon_core.environment:checking '/home/kazusa/kazusa/install/controller/lib/python3.12/site-packages'
[1.226s] Level 1:colcon.colcon_core.shell:create_environment_hook('controller', 'pythonpath')
[1.226s] INFO:colcon.colcon_core.shell:Creating environment hook '/home/kazusa/kazusa/install/controller/share/controller/hook/pythonpath.ps1'
[1.226s] INFO:colcon.colcon_core.shell:Creating environment descriptor '/home/kazusa/kazusa/install/controller/share/controller/hook/pythonpath.dsv'
[1.227s] INFO:colcon.colcon_core.shell:Creating environment hook '/home/kazusa/kazusa/install/controller/share/controller/hook/pythonpath.sh'
[1.227s] Level 1:colcon.colcon_core.environment:checking '/home/kazusa/kazusa/install/controller/bin'
[1.227s] INFO:colcon.colcon_core.shell:Creating package script '/home/kazusa/kazusa/install/controller/share/controller/package.ps1'
[1.228s] INFO:colcon.colcon_core.shell:Creating package descriptor '/home/kazusa/kazusa/install/controller/share/controller/package.dsv'
[1.228s] INFO:colcon.colcon_core.shell:Creating package script '/home/kazusa/kazusa/install/controller/share/controller/package.sh'
[1.229s] INFO:colcon.colcon_core.shell:Creating package script '/home/kazusa/kazusa/install/controller/share/controller/package.bash'
[1.229s] INFO:colcon.colcon_core.shell:Creating package script '/home/kazusa/kazusa/install/controller/share/controller/package.zsh'
[1.230s] Level 1:colcon.colcon_core.environment:create_file_with_runtime_dependencies(/home/kazusa/kazusa/install/controller/share/colcon-core/packages/controller)
[1.231s] INFO:colcon.colcon_ros.task.ament_cmake.build:Building ROS package in '/home/kazusa/kazusa/ver0/controller_src' with build type 'ament_cmake'
[1.231s] INFO:colcon.colcon_cmake.task.cmake.build:Building CMake package in '/home/kazusa/kazusa/ver0/controller_src'
[1.231s] INFO:colcon.colcon_core.shell:Skip shell extension 'powershell' for command environment: Not usable outside of PowerShell
[1.231s] DEBUG:colcon.colcon_core.shell:Skip shell extension 'dsv' for command environment
[1.234s] INFO:colcon.colcon_ros.task.ament_cmake.build:Building ROS package in '/home/kazusa/kazusa/ver0/mast' with build type 'ament_cmake'
[1.234s] INFO:colcon.colcon_cmake.task.cmake.build:Building CMake package in '/home/kazusa/kazusa/ver0/mast'
[1.234s] INFO:colcon.colcon_core.shell:Skip shell extension 'powershell' for command environment: Not usable outside of PowerShell
[1.234s] DEBUG:colcon.colcon_core.shell:Skip shell extension 'dsv' for command environment
[1.240s] DEBUG:colcon.colcon_core.event_handler.log_command:Invoking command in '/home/kazusa/kazusa/build/esp_agent': CMAKE_PREFIX_PATH=/home/kazusa/kazusa/install/custom_msgs:/home/kazusa/kazusa/install/my_cart2:/home/kazusa/kazusa/install/mola_conf:/home/kazusa/kazusa/install/mast:/home/kazusa/kazusa/install/launcher:/home/kazusa/kazusa/install/esp_agent:/home/kazusa/kazusa/install/controller_src:/home/kazusa/kazusa/install/controller:/home/kazusa/kazusa/install/amcl_config:/home/kazusa/ros2_deps_ws/install/emcl2:/opt/ros/jazzy/opt/gz_sim_vendor:/opt/ros/jazzy/opt/gz_sensors_vendor:/opt/ros/jazzy/opt/gz_physics_vendor:/opt/ros/jazzy/opt/sdformat_vendor:/opt/ros/jazzy/opt/gz_gui_vendor:/opt/ros/jazzy/opt/gz_transport_vendor:/opt/ros/jazzy/opt/gz_rendering_vendor:/opt/ros/jazzy/opt/gz_plugin_vendor:/opt/ros/jazzy/opt/gz_fuel_tools_vendor:/opt/ros/jazzy/opt/gz_msgs_vendor:/opt/ros/jazzy/opt/gz_common_vendor:/opt/ros/jazzy/opt/gz_math_vendor:/opt/ros/jazzy/opt/gz_utils_vendor:/opt/ros/jazzy/opt/gz_tools_vendor:/opt/ros/jazzy/opt/gz_ogre_next_vendor:/opt/ros/jazzy/opt/gz_dartsim_vendor:/opt/ros/jazzy/opt/gz_cmake_vendor:/opt/ros/jazzy DEBUGINFOD_URLS=https://debuginfod.ubuntu.com /usr/bin/cmake --build /home/kazusa/kazusa/build/esp_agent -- -j12 -l12
[1.241s] DEBUG:colcon.colcon_core.event_handler.log_command:Invoking command in '/home/kazusa/kazusa/build/controller_src': CMAKE_PREFIX_PATH=/home/kazusa/kazusa/install/controller:/home/kazusa/kazusa/install/my_cart2:/home/kazusa/kazusa/install/mola_conf:/home/kazusa/kazusa/install/mast:/home/kazusa/kazusa/install/launcher:/home/kazusa/kazusa/install/esp_agent:/home/kazusa/kazusa/install/custom_msgs:/home/kazusa/kazusa/install/controller_src:/home/kazusa/kazusa/install/amcl_config:/home/kazusa/ros2_deps_ws/install/emcl2:/opt/ros/jazzy/opt/gz_sim_vendor:/opt/ros/jazzy/opt/gz_sensors_vendor:/opt/ros/jazzy/opt/gz_physics_vendor:/opt/ros/jazzy/opt/sdformat_vendor:/opt/ros/jazzy/opt/gz_gui_vendor:/opt/ros/jazzy/opt/gz_transport_vendor:/opt/ros/jazzy/opt/gz_rendering_vendor:/opt/ros/jazzy/opt/gz_plugin_vendor:/opt/ros/jazzy/opt/gz_fuel_tools_vendor:/opt/ros/jazzy/opt/gz_msgs_vendor:/opt/ros/jazzy/opt/gz_common_vendor:/opt/ros/jazzy/opt/gz_math_vendor:/opt/ros/jazzy/opt/gz_utils_vendor:/opt/ros/jazzy/opt/gz_tools_vendor:/opt/ros/jazzy/opt/gz_ogre_next_vendor:/opt/ros/jazzy/opt/gz_dartsim_vendor:/opt/ros/jazzy/opt/gz_cmake_vendor:/opt/ros/jazzy DEBUGINFOD_URLS=https://debuginfod.ubuntu.com LD_LIBRARY_PATH=/home/kazusa/kazusa/install/controller/lib:/home/kazusa/kazusa/install/custom_msgs/lib:/opt/ros/jazzy/opt/gz_sim_vendor/lib:/opt/ros/jazzy/opt/gz_sensors_vendor/lib:/opt/ros/jazzy/opt/gz_physics_vendor/lib:/opt/ros/jazzy/opt/sdformat_vendor/lib:/opt/ros/jazzy/opt/rviz_ogre_vendor/lib:/opt/ros/jazzy/lib/x86_64-linux-gnu:/opt/ros/jazzy/opt/gz_gui_vendor/lib:/opt/ros/jazzy/opt/gz_transport_vendor/lib:/opt/ros/jazzy/opt/gz_rendering_vendor/lib:/opt/ros/jazzy/opt/gz_plugin_vendor/lib:/opt/ros/jazzy/opt/gz_fuel_tools_vendor/lib:/opt/ros/jazzy/opt/gz_msgs_vendor/lib:/opt/ros/jazzy/opt/gz_common_vendor/lib:/opt/ros/jazzy/opt/gz_math_vendor/lib:/opt/ros/jazzy/opt/gz_utils_vendor/lib:/opt/ros/jazzy/opt/gz_tools_vendor/lib:/opt/ros/jazzy/opt/gz_ogre_next_vendor/lib:/opt/ros/jazzy/opt/gz_dartsim_vendor/lib:/opt/ros/jazzy/opt/gz_cmake_vendor/lib:/opt/ros/jazzy/lib PYTHONPATH=/home/kazusa/kazusa/install/controller/lib/python3.12/site-packages:/home/kazusa/kazusa/install/custom_msgs/lib/python3.12/site-packages:/opt/ros/jazzy/lib/python3.12/site-packages /usr/bin/cmake --build /home/kazusa/kazusa/build/controller_src -- -j12 -l12
[1.248s] DEBUG:colcon.colcon_core.event_handler.log_command:Invoking command in '/home/kazusa/kazusa/build/mast': CMAKE_PREFIX_PATH=/home/kazusa/kazusa/install/custom_msgs:/home/kazusa/kazusa/install/controller:/home/kazusa/kazusa/install/my_cart2:/home/kazusa/kazusa/install/mola_conf:/home/kazusa/kazusa/install/mast:/home/kazusa/kazusa/install/launcher:/home/kazusa/kazusa/install/esp_agent:/home/kazusa/kazusa/install/controller_src:/home/kazusa/kazusa/install/amcl_config:/home/kazusa/ros2_deps_ws/install/emcl2:/opt/ros/jazzy/opt/gz_sim_vendor:/opt/ros/jazzy/opt/gz_sensors_vendor:/opt/ros/jazzy/opt/gz_physics_vendor:/opt/ros/jazzy/opt/sdformat_vendor:/opt/ros/jazzy/opt/gz_gui_vendor:/opt/ros/jazzy/opt/gz_transport_vendor:/opt/ros/jazzy/opt/gz_rendering_vendor:/opt/ros/jazzy/opt/gz_plugin_vendor:/opt/ros/jazzy/opt/gz_fuel_tools_vendor:/opt/ros/jazzy/opt/gz_msgs_vendor:/opt/ros/jazzy/opt/gz_common_vendor:/opt/ros/jazzy/opt/gz_math_vendor:/opt/ros/jazzy/opt/gz_utils_vendor:/opt/ros/jazzy/opt/gz_tools_vendor:/opt/ros/jazzy/opt/gz_ogre_next_vendor:/opt/ros/jazzy/opt/gz_dartsim_vendor:/opt/ros/jazzy/opt/gz_cmake_vendor:/opt/ros/jazzy DEBUGINFOD_URLS=https://debuginfod.ubuntu.com /usr/bin/cmake --build /home/kazusa/kazusa/build/mast -- -j12 -l12
[1.282s] DEBUG:colcon.colcon_core.event_handler.log_command:Invoked command in '/home/kazusa/kazusa/build/controller_src' returned '0': CMAKE_PREFIX_PATH=/home/kazusa/kazusa/install/controller:/home/kazusa/kazusa/install/my_cart2:/home/kazusa/kazusa/install/mola_conf:/home/kazusa/kazusa/install/mast:/home/kazusa/kazusa/install/launcher:/home/kazusa/kazusa/install/esp_agent:/home/kazusa/kazusa/install/custom_msgs:/home/kazusa/kazusa/install/controller_src:/home/kazusa/kazusa/install/amcl_config:/home/kazusa/ros2_deps_ws/install/emcl2:/opt/ros/jazzy/opt/gz_sim_vendor:/opt/ros/jazzy/opt/gz_sensors_vendor:/opt/ros/jazzy/opt/gz_physics_vendor:/opt/ros/jazzy/opt/sdformat_vendor:/opt/ros/jazzy/opt/gz_gui_vendor:/opt/ros/jazzy/opt/gz_transport_vendor:/opt/ros/jazzy/opt/gz_rendering_vendor:/opt/ros/jazzy/opt/gz_plugin_vendor:/opt/ros/jazzy/opt/gz_fuel_tools_vendor:/opt/ros/jazzy/opt/gz_msgs_vendor:/opt/ros/jazzy/opt/gz_common_vendor:/opt/ros/jazzy/opt/gz_math_vendor:/opt/ros/jazzy/opt/gz_utils_vendor:/opt/ros/jazzy/opt/gz_tools_vendor:/opt/ros/jazzy/opt/gz_ogre_next_vendor:/opt/ros/jazzy/opt/gz_dartsim_vendor:/opt/ros/jazzy/opt/gz_cmake_vendor:/opt/ros/jazzy DEBUGINFOD_URLS=https://debuginfod.ubuntu.com LD_LIBRARY_PATH=/home/kazusa/kazusa/install/controller/lib:/home/kazusa/kazusa/install/custom_msgs/lib:/opt/ros/jazzy/opt/gz_sim_vendor/lib:/opt/ros/jazzy/opt/gz_sensors_vendor/lib:/opt/ros/jazzy/opt/gz_physics_vendor/lib:/opt/ros/jazzy/opt/sdformat_vendor/lib:/opt/ros/jazzy/opt/rviz_ogre_vendor/lib:/opt/ros/jazzy/lib/x86_64-linux-gnu:/opt/ros/jazzy/opt/gz_gui_vendor/lib:/opt/ros/jazzy/opt/gz_transport_vendor/lib:/opt/ros/jazzy/opt/gz_rendering_vendor/lib:/opt/ros/jazzy/opt/gz_plugin_vendor/lib:/opt/ros/jazzy/opt/gz_fuel_tools_vendor/lib:/opt/ros/jazzy/opt/gz_msgs_vendor/lib:/opt/ros/jazzy/opt/gz_common_vendor/lib:/opt/ros/jazzy/opt/gz_math_vendor/lib:/opt/ros/jazzy/opt/gz_utils_vendor/lib:/opt/ros/jazzy/opt/gz_tools_vendor/lib:/opt/ros/jazzy/opt/gz_ogre_next_vendor/lib:/opt/ros/jazzy/opt/gz_dartsim_vendor/lib:/opt/ros/jazzy/opt/gz_cmake_vendor/lib:/opt/ros/jazzy/lib PYTHONPATH=/home/kazusa/kazusa/install/controller/lib/python3.12/site-packages:/home/kazusa/kazusa/install/custom_msgs/lib/python3.12/site-packages:/opt/ros/jazzy/lib/python3.12/site-packages /usr/bin/cmake --build /home/kazusa/kazusa/build/controller_src -- -j12 -l12
[1.283s] DEBUG:colcon.colcon_core.event_handler.log_command:Invoking command in '/home/kazusa/kazusa/build/controller_src': CMAKE_PREFIX_PATH=/home/kazusa/kazusa/install/controller:/home/kazusa/kazusa/install/my_cart2:/home/kazusa/kazusa/install/mola_conf:/home/kazusa/kazusa/install/mast:/home/kazusa/kazusa/install/launcher:/home/kazusa/kazusa/install/esp_agent:/home/kazusa/kazusa/install/custom_msgs:/home/kazusa/kazusa/install/controller_src:/home/kazusa/kazusa/install/amcl_config:/home/kazusa/ros2_deps_ws/install/emcl2:/opt/ros/jazzy/opt/gz_sim_vendor:/opt/ros/jazzy/opt/gz_sensors_vendor:/opt/ros/jazzy/opt/gz_physics_vendor:/opt/ros/jazzy/opt/sdformat_vendor:/opt/ros/jazzy/opt/gz_gui_vendor:/opt/ros/jazzy/opt/gz_transport_vendor:/opt/ros/jazzy/opt/gz_rendering_vendor:/opt/ros/jazzy/opt/gz_plugin_vendor:/opt/ros/jazzy/opt/gz_fuel_tools_vendor:/opt/ros/jazzy/opt/gz_msgs_vendor:/opt/ros/jazzy/opt/gz_common_vendor:/opt/ros/jazzy/opt/gz_math_vendor:/opt/ros/jazzy/opt/gz_utils_vendor:/opt/ros/jazzy/opt/gz_tools_vendor:/opt/ros/jazzy/opt/gz_ogre_next_vendor:/opt/ros/jazzy/opt/gz_dartsim_vendor:/opt/ros/jazzy/opt/gz_cmake_vendor:/opt/ros/jazzy DEBUGINFOD_URLS=https://debuginfod.ubuntu.com LD_LIBRARY_PATH=/home/kazusa/kazusa/install/controller/lib:/home/kazusa/kazusa/install/custom_msgs/lib:/opt/ros/jazzy/opt/gz_sim_vendor/lib:/opt/ros/jazzy/opt/gz_sensors_vendor/lib:/opt/ros/jazzy/opt/gz_physics_vendor/lib:/opt/ros/jazzy/opt/sdformat_vendor/lib:/opt/ros/jazzy/opt/rviz_ogre_vendor/lib:/opt/ros/jazzy/lib/x86_64-linux-gnu:/opt/ros/jazzy/opt/gz_gui_vendor/lib:/opt/ros/jazzy/opt/gz_transport_vendor/lib:/opt/ros/jazzy/opt/gz_rendering_vendor/lib:/opt/ros/jazzy/opt/gz_plugin_vendor/lib:/opt/ros/jazzy/opt/gz_fuel_tools_vendor/lib:/opt/ros/jazzy/opt/gz_msgs_vendor/lib:/opt/ros/jazzy/opt/gz_common_vendor/lib:/opt/ros/jazzy/opt/gz_math_vendor/lib:/opt/ros/jazzy/opt/gz_utils_vendor/lib:/opt/ros/jazzy/opt/gz_tools_vendor/lib:/opt/ros/jazzy/opt/gz_ogre_next_vendor/lib:/opt/ros/jazzy/opt/gz_dartsim_vendor/lib:/opt/ros/jazzy/opt/gz_cmake_vendor/lib:/opt/ros/jazzy/lib PYTHONPATH=/home/kazusa/kazusa/install/controller/lib/python3.12/site-packages:/home/kazusa/kazusa/install/custom_msgs/lib/python3.12/site-packages:/opt/ros/jazzy/lib/python3.12/site-packages /usr/bin/cmake --install /home/kazusa/kazusa/build/controller_src
[1.297s] Level 1:colcon.colcon_core.environment:create_environment_scripts_only(controller_src)
[1.298s] Level 1:colcon.colcon_core.environment:checking '/home/kazusa/kazusa/install/controller_src' for CMake module files
[1.298s] DEBUG:colcon.colcon_core.event_handler.log_command:Invoked command in '/home/kazusa/kazusa/build/controller_src' returned '0': CMAKE_PREFIX_PATH=/home/kazusa/kazusa/install/controller:/home/kazusa/kazusa/install/my_cart2:/home/kazusa/kazusa/install/mola_conf:/home/kazusa/kazusa/install/mast:/home/kazusa/kazusa/install/launcher:/home/kazusa/kazusa/install/esp_agent:/home/kazusa/kazusa/install/custom_msgs:/home/kazusa/kazusa/install/controller_src:/home/kazusa/kazusa/install/amcl_config:/home/kazusa/ros2_deps_ws/install/emcl2:/opt/ros/jazzy/opt/gz_sim_vendor:/opt/ros/jazzy/opt/gz_sensors_vendor:/opt/ros/jazzy/opt/gz_physics_vendor:/opt/ros/jazzy/opt/sdformat_vendor:/opt/ros/jazzy/opt/gz_gui_vendor:/opt/ros/jazzy/opt/gz_transport_vendor:/opt/ros/jazzy/opt/gz_rendering_vendor:/opt/ros/jazzy/opt/gz_plugin_vendor:/opt/ros/jazzy/opt/gz_fuel_tools_vendor:/opt/ros/jazzy/opt/gz_msgs_vendor:/opt/ros/jazzy/opt/gz_common_vendor:/opt/ros/jazzy/opt/gz_math_vendor:/opt/ros/jazzy/opt/gz_utils_vendor:/opt/ros/jazzy/opt/gz_tools_vendor:/opt/ros/jazzy/opt/gz_ogre_next_vendor:/opt/ros/jazzy/opt/gz_dartsim_vendor:/opt/ros/jazzy/opt/gz_cmake_vendor:/opt/ros/jazzy DEBUGINFOD_URLS=https://debuginfod.ubuntu.com LD_LIBRARY_PATH=/home/kazusa/kazusa/install/controller/lib:/home/kazusa/kazusa/install/custom_msgs/lib:/opt/ros/jazzy/opt/gz_sim_vendor/lib:/opt/ros/jazzy/opt/gz_sensors_vendor/lib:/opt/ros/jazzy/opt/gz_physics_vendor/lib:/opt/ros/jazzy/opt/sdformat_vendor/lib:/opt/ros/jazzy/opt/rviz_ogre_vendor/lib:/opt/ros/jazzy/lib/x86_64-linux-gnu:/opt/ros/jazzy/opt/gz_gui_vendor/lib:/opt/ros/jazzy/opt/gz_transport_vendor/lib:/opt/ros/jazzy/opt/gz_rendering_vendor/lib:/opt/ros/jazzy/opt/gz_plugin_vendor/lib:/opt/ros/jazzy/opt/gz_fuel_tools_vendor/lib:/opt/ros/jazzy/opt/gz_msgs_vendor/lib:/opt/ros/jazzy/opt/gz_common_vendor/lib:/opt/ros/jazzy/opt/gz_math_vendor/lib:/opt/ros/jazzy/opt/gz_utils_vendor/lib:/opt/ros/jazzy/opt/gz_tools_vendor/lib:/opt/ros/jazzy/opt/gz_ogre_next_vendor/lib:/opt/ros/jazzy/opt/gz_dartsim_vendor/lib:/opt/ros/jazzy/opt/gz_cmake_vendor/lib:/opt/ros/jazzy/lib PYTHONPATH=/home/kazusa/kazusa/install/controller/lib/python3.12/site-packages:/home/kazusa/kazusa/install/custom_msgs/lib/python3.12/site-packages:/opt/ros/jazzy/lib/python3.12/site-packages /usr/bin/cmake --install /home/kazusa/kazusa/build/controller_src
[1.298s] Level 1:colcon.colcon_core.environment:checking '/home/kazusa/kazusa/install/controller_src' for CMake config files
[1.298s] Level 1:colcon.colcon_core.shell:create_environment_hook('controller_src', 'cmake_prefix_path')
[1.299s] INFO:colcon.colcon_core.shell:Creating environment hook '/home/kazusa/kazusa/install/controller_src/share/controller_src/hook/cmake_prefix_path.ps1'
[1.299s] INFO:colcon.colcon_core.shell:Creating environment descriptor '/home/kazusa/kazusa/install/controller_src/share/controller_src/hook/cmake_prefix_path.dsv'
[1.299s] INFO:colcon.colcon_core.shell:Creating environment hook '/home/kazusa/kazusa/install/controller_src/share/controller_src/hook/cmake_prefix_path.sh'
[1.300s] Level 1:colcon.colcon_core.environment:checking '/home/kazusa/kazusa/install/controller_src/lib'
[1.300s] Level 1:colcon.colcon_core.environment:checking '/home/kazusa/kazusa/install/controller_src/bin'
[1.300s] Level 1:colcon.colcon_core.environment:checking '/home/kazusa/kazusa/install/controller_src/lib/pkgconfig/controller_src.pc'
[1.300s] Level 1:colcon.colcon_core.environment:checking '/home/kazusa/kazusa/install/controller_src/lib/python3.12/site-packages'
[1.300s] Level 1:colcon.colcon_core.environment:checking '/home/kazusa/kazusa/install/controller_src/bin'
[1.300s] INFO:colcon.colcon_core.shell:Creating package script '/home/kazusa/kazusa/install/controller_src/share/controller_src/package.ps1'
[1.301s] INFO:colcon.colcon_core.shell:Creating package descriptor '/home/kazusa/kazusa/install/controller_src/share/controller_src/package.dsv'
[1.301s] INFO:colcon.colcon_core.shell:Creating package script '/home/kazusa/kazusa/install/controller_src/share/controller_src/package.sh'
[1.301s] INFO:colcon.colcon_core.shell:Creating package script '/home/kazusa/kazusa/install/controller_src/share/controller_src/package.bash'
[1.302s] INFO:colcon.colcon_core.shell:Creating package script '/home/kazusa/kazusa/install/controller_src/share/controller_src/package.zsh'
[1.302s] Level 1:colcon.colcon_core.environment:create_file_with_runtime_dependencies(/home/kazusa/kazusa/install/controller_src/share/colcon-core/packages/controller_src)
[1.303s] Level 1:colcon.colcon_core.environment:create_environment_scripts_only(controller_src)
[1.303s] Level 1:colcon.colcon_core.environment:checking '/home/kazusa/kazusa/install/controller_src' for CMake module files
[1.303s] Level 1:colcon.colcon_core.environment:checking '/home/kazusa/kazusa/install/controller_src' for CMake config files
[1.303s] Level 1:colcon.colcon_core.shell:create_environment_hook('controller_src', 'cmake_prefix_path')
[1.303s] INFO:colcon.colcon_core.shell:Creating environment hook '/home/kazusa/kazusa/install/controller_src/share/controller_src/hook/cmake_prefix_path.ps1'
[1.304s] INFO:colcon.colcon_core.shell:Creating environment descriptor '/home/kazusa/kazusa/install/controller_src/share/controller_src/hook/cmake_prefix_path.dsv'
[1.304s] INFO:colcon.colcon_core.shell:Creating environment hook '/home/kazusa/kazusa/install/controller_src/share/controller_src/hook/cmake_prefix_path.sh'
[1.305s] Level 1:colcon.colcon_core.environment:checking '/home/kazusa/kazusa/install/controller_src/lib'
[1.305s] Level 1:colcon.colcon_core.environment:checking '/home/kazusa/kazusa/install/controller_src/bin'
[1.305s] Level 1:colcon.colcon_core.environment:checking '/home/kazusa/kazusa/install/controller_src/lib/pkgconfig/controller_src.pc'
[1.305s] Level 1:colcon.colcon_core.environment:checking '/home/kazusa/kazusa/install/controller_src/lib/python3.12/site-packages'
[1.305s] Level 1:colcon.colcon_core.environment:checking '/home/kazusa/kazusa/install/controller_src/bin'
[1.305s] INFO:colcon.colcon_core.shell:Creating package script '/home/kazusa/kazusa/install/controller_src/share/controller_src/package.ps1'
[1.306s] INFO:colcon.colcon_core.shell:Creating package descriptor '/home/kazusa/kazusa/install/controller_src/share/controller_src/package.dsv'
[1.306s] INFO:colcon.colcon_core.shell:Creating package script '/home/kazusa/kazusa/install/controller_src/share/controller_src/package.sh'
[1.307s] INFO:colcon.colcon_core.shell:Creating package script '/home/kazusa/kazusa/install/controller_src/share/controller_src/package.bash'
[1.307s] INFO:colcon.colcon_core.shell:Creating package script '/home/kazusa/kazusa/install/controller_src/share/controller_src/package.zsh'
[1.307s] Level 1:colcon.colcon_core.environment:create_file_with_runtime_dependencies(/home/kazusa/kazusa/install/controller_src/share/colcon-core/packages/controller_src)
[1.332s] DEBUG:colcon.colcon_core.event_handler.log_command:Invoked command in '/home/kazusa/kazusa/build/esp_agent' returned '0': CMAKE_PREFIX_PATH=/home/kazusa/kazusa/install/custom_msgs:/home/kazusa/kazusa/install/my_cart2:/home/kazusa/kazusa/install/mola_conf:/home/kazusa/kazusa/install/mast:/home/kazusa/kazusa/install/launcher:/home/kazusa/kazusa/install/esp_agent:/home/kazusa/kazusa/install/controller_src:/home/kazusa/kazusa/install/controller:/home/kazusa/kazusa/install/amcl_config:/home/kazusa/ros2_deps_ws/install/emcl2:/opt/ros/jazzy/opt/gz_sim_vendor:/opt/ros/jazzy/opt/gz_sensors_vendor:/opt/ros/jazzy/opt/gz_physics_vendor:/opt/ros/jazzy/opt/sdformat_vendor:/opt/ros/jazzy/opt/gz_gui_vendor:/opt/ros/jazzy/opt/gz_transport_vendor:/opt/ros/jazzy/opt/gz_rendering_vendor:/opt/ros/jazzy/opt/gz_plugin_vendor:/opt/ros/jazzy/opt/gz_fuel_tools_vendor:/opt/ros/jazzy/opt/gz_msgs_vendor:/opt/ros/jazzy/opt/gz_common_vendor:/opt/ros/jazzy/opt/gz_math_vendor:/opt/ros/jazzy/opt/gz_utils_vendor:/opt/ros/jazzy/opt/gz_tools_vendor:/opt/ros/jazzy/opt/gz_ogre_next_vendor:/opt/ros/jazzy/opt/gz_dartsim_vendor:/opt/ros/jazzy/opt/gz_cmake_vendor:/opt/ros/jazzy DEBUGINFOD_URLS=https://debuginfod.ubuntu.com /usr/bin/cmake --build /home/kazusa/kazusa/build/esp_agent -- -j12 -l12
[1.333s] DEBUG:colcon.colcon_core.event_handler.log_command:Invoking command in '/home/kazusa/kazusa/build/esp_agent': CMAKE_PREFIX_PATH=/home/kazusa/kazusa/install/custom_msgs:/home/kazusa/kazusa/install/my_cart2:/home/kazusa/kazusa/install/mola_conf:/home/kazusa/kazusa/install/mast:/home/kazusa/kazusa/install/launcher:/home/kazusa/kazusa/install/esp_agent:/home/kazusa/kazusa/install/controller_src:/home/kazusa/kazusa/install/controller:/home/kazusa/kazusa/install/amcl_config:/home/kazusa/ros2_deps_ws/install/emcl2:/opt/ros/jazzy/opt/gz_sim_vendor:/opt/ros/jazzy/opt/gz_sensors_vendor:/opt/ros/jazzy/opt/gz_physics_vendor:/opt/ros/jazzy/opt/sdformat_vendor:/opt/ros/jazzy/opt/gz_gui_vendor:/opt/ros/jazzy/opt/gz_transport_vendor:/opt/ros/jazzy/opt/gz_rendering_vendor:/opt/ros/jazzy/opt/gz_plugin_vendor:/opt/ros/jazzy/opt/gz_fuel_tools_vendor:/opt/ros/jazzy/opt/gz_msgs_vendor:/opt/ros/jazzy/opt/gz_common_vendor:/opt/ros/jazzy/opt/gz_math_vendor:/opt/ros/jazzy/opt/gz_utils_vendor:/opt/ros/jazzy/opt/gz_tools_vendor:/opt/ros/jazzy/opt/gz_ogre_next_vendor:/opt/ros/jazzy/opt/gz_dartsim_vendor:/opt/ros/jazzy/opt/gz_cmake_vendor:/opt/ros/jazzy DEBUGINFOD_URLS=https://debuginfod.ubuntu.com /usr/bin/cmake --install /home/kazusa/kazusa/build/esp_agent
[1.344s] Level 1:colcon.colcon_core.environment:create_environment_scripts_only(esp_agent)
[1.344s] Level 1:colcon.colcon_core.environment:checking '/home/kazusa/kazusa/install/esp_agent' for CMake module files
[1.344s] DEBUG:colcon.colcon_core.event_handler.log_command:Invoked command in '/home/kazusa/kazusa/build/esp_agent' returned '0': CMAKE_PREFIX_PATH=/home/kazusa/kazusa/install/custom_msgs:/home/kazusa/kazusa/install/my_cart2:/home/kazusa/kazusa/install/mola_conf:/home/kazusa/kazusa/install/mast:/home/kazusa/kazusa/install/launcher:/home/kazusa/kazusa/install/esp_agent:/home/kazusa/kazusa/install/controller_src:/home/kazusa/kazusa/install/controller:/home/kazusa/kazusa/install/amcl_config:/home/kazusa/ros2_deps_ws/install/emcl2:/opt/ros/jazzy/opt/gz_sim_vendor:/opt/ros/jazzy/opt/gz_sensors_vendor:/opt/ros/jazzy/opt/gz_physics_vendor:/opt/ros/jazzy/opt/sdformat_vendor:/opt/ros/jazzy/opt/gz_gui_vendor:/opt/ros/jazzy/opt/gz_transport_vendor:/opt/ros/jazzy/opt/gz_rendering_vendor:/opt/ros/jazzy/opt/gz_plugin_vendor:/opt/ros/jazzy/opt/gz_fuel_tools_vendor:/opt/ros/jazzy/opt/gz_msgs_vendor:/opt/ros/jazzy/opt/gz_common_vendor:/opt/ros/jazzy/opt/gz_math_vendor:/opt/ros/jazzy/opt/gz_utils_vendor:/opt/ros/jazzy/opt/gz_tools_vendor:/opt/ros/jazzy/opt/gz_ogre_next_vendor:/opt/ros/jazzy/opt/gz_dartsim_vendor:/opt/ros/jazzy/opt/gz_cmake_vendor:/opt/ros/jazzy DEBUGINFOD_URLS=https://debuginfod.ubuntu.com /usr/bin/cmake --install /home/kazusa/kazusa/build/esp_agent
[1.345s] Level 1:colcon.colcon_core.environment:checking '/home/kazusa/kazusa/install/esp_agent' for CMake config files
[1.345s] Level 1:colcon.colcon_core.shell:create_environment_hook('esp_agent', 'cmake_prefix_path')
[1.345s] INFO:colcon.colcon_core.shell:Creating environment hook '/home/kazusa/kazusa/install/esp_agent/share/esp_agent/hook/cmake_prefix_path.ps1'
[1.345s] INFO:colcon.colcon_core.shell:Creating environment descriptor '/home/kazusa/kazusa/install/esp_agent/share/esp_agent/hook/cmake_prefix_path.dsv'
[1.346s] INFO:colcon.colcon_core.shell:Creating environment hook '/home/kazusa/kazusa/install/esp_agent/share/esp_agent/hook/cmake_prefix_path.sh'
[1.346s] Level 1:colcon.colcon_core.environment:checking '/home/kazusa/kazusa/install/esp_agent/lib'
[1.346s] Level 1:colcon.colcon_core.environment:checking '/home/kazusa/kazusa/install/esp_agent/bin'
[1.346s] Level 1:colcon.colcon_core.environment:checking '/home/kazusa/kazusa/install/esp_agent/lib/pkgconfig/esp_agent.pc'
[1.346s] Level 1:colcon.colcon_core.environment:checking '/home/kazusa/kazusa/install/esp_agent/lib/python3.12/site-packages'
[1.346s] Level 1:colcon.colcon_core.environment:checking '/home/kazusa/kazusa/install/esp_agent/bin'
[1.347s] INFO:colcon.colcon_core.shell:Creating package script '/home/kazusa/kazusa/install/esp_agent/share/esp_agent/package.ps1'
[1.347s] INFO:colcon.colcon_core.shell:Creating package descriptor '/home/kazusa/kazusa/install/esp_agent/share/esp_agent/package.dsv'
[1.347s] INFO:colcon.colcon_core.shell:Creating package script '/home/kazusa/kazusa/install/esp_agent/share/esp_agent/package.sh'
[1.347s] INFO:colcon.colcon_core.shell:Creating package script '/home/kazusa/kazusa/install/esp_agent/share/esp_agent/package.bash'
[1.347s] INFO:colcon.colcon_core.shell:Creating package script '/home/kazusa/kazusa/install/esp_agent/share/esp_agent/package.zsh'
[1.348s] Level 1:colcon.colcon_core.environment:create_file_with_runtime_dependencies(/home/kazusa/kazusa/install/esp_agent/share/colcon-core/packages/esp_agent)
[1.348s] Level 1:colcon.colcon_core.environment:create_environment_scripts_only(esp_agent)
[1.348s] Level 1:colcon.colcon_core.environment:checking '/home/kazusa/kazusa/install/esp_agent' for CMake module files
[1.348s] Level 1:colcon.colcon_core.environment:checking '/home/kazusa/kazusa/install/esp_agent' for CMake config files
[1.348s] Level 1:colcon.colcon_core.shell:create_environment_hook('esp_agent', 'cmake_prefix_path')
[1.348s] INFO:colcon.colcon_core.shell:Creating environment hook '/home/kazusa/kazusa/install/esp_agent/share/esp_agent/hook/cmake_prefix_path.ps1'
[1.349s] INFO:colcon.colcon_core.shell:Creating environment descriptor '/home/kazusa/kazusa/install/esp_agent/share/esp_agent/hook/cmake_prefix_path.dsv'
[1.349s] INFO:colcon.colcon_core.shell:Creating environment hook '/home/kazusa/kazusa/install/esp_agent/share/esp_agent/hook/cmake_prefix_path.sh'
[1.349s] Level 1:colcon.colcon_core.environment:checking '/home/kazusa/kazusa/install/esp_agent/lib'
[1.349s] Level 1:colcon.colcon_core.environment:checking '/home/kazusa/kazusa/install/esp_agent/bin'
[1.349s] Level 1:colcon.colcon_core.environment:checking '/home/kazusa/kazusa/install/esp_agent/lib/pkgconfig/esp_agent.pc'
[1.349s] Level 1:colcon.colcon_core.environment:checking '/home/kazusa/kazusa/install/esp_agent/lib/python3.12/site-packages'
[1.349s] Level 1:colcon.colcon_core.environment:checking '/home/kazusa/kazusa/install/esp_agent/bin'
[1.350s] INFO:colcon.colcon_core.shell:Creating package script '/home/kazusa/kazusa/install/esp_agent/share/esp_agent/package.ps1'
[1.350s] INFO:colcon.colcon_core.shell:Creating package descriptor '/home/kazusa/kazusa/install/esp_agent/share/esp_agent/package.dsv'
[1.350s] INFO:colcon.colcon_core.shell:Creating package script '/home/kazusa/kazusa/install/esp_agent/share/esp_agent/package.sh'
[1.350s] INFO:colcon.colcon_core.shell:Creating package script '/home/kazusa/kazusa/install/esp_agent/share/esp_agent/package.bash'
[1.350s] INFO:colcon.colcon_core.shell:Creating package script '/home/kazusa/kazusa/install/esp_agent/share/esp_agent/package.zsh'
[1.351s] Level 1:colcon.colcon_core.environment:create_file_with_runtime_dependencies(/home/kazusa/kazusa/install/esp_agent/share/colcon-core/packages/esp_agent)
[10.748s] DEBUG:colcon.colcon_core.event_handler.log_command:Invoked command in '/home/kazusa/kazusa/build/mast' returned '0': CMAKE_PREFIX_PATH=/home/kazusa/kazusa/install/custom_msgs:/home/kazusa/kazusa/install/controller:/home/kazusa/kazusa/install/my_cart2:/home/kazusa/kazusa/install/mola_conf:/home/kazusa/kazusa/install/mast:/home/kazusa/kazusa/install/launcher:/home/kazusa/kazusa/install/esp_agent:/home/kazusa/kazusa/install/controller_src:/home/kazusa/kazusa/install/amcl_config:/home/kazusa/ros2_deps_ws/install/emcl2:/opt/ros/jazzy/opt/gz_sim_vendor:/opt/ros/jazzy/opt/gz_sensors_vendor:/opt/ros/jazzy/opt/gz_physics_vendor:/opt/ros/jazzy/opt/sdformat_vendor:/opt/ros/jazzy/opt/gz_gui_vendor:/opt/ros/jazzy/opt/gz_transport_vendor:/opt/ros/jazzy/opt/gz_rendering_vendor:/opt/ros/jazzy/opt/gz_plugin_vendor:/opt/ros/jazzy/opt/gz_fuel_tools_vendor:/opt/ros/jazzy/opt/gz_msgs_vendor:/opt/ros/jazzy/opt/gz_common_vendor:/opt/ros/jazzy/opt/gz_math_vendor:/opt/ros/jazzy/opt/gz_utils_vendor:/opt/ros/jazzy/opt/gz_tools_vendor:/opt/ros/jazzy/opt/gz_ogre_next_vendor:/opt/ros/jazzy/opt/gz_dartsim_vendor:/opt/ros/jazzy/opt/gz_cmake_vendor:/opt/ros/jazzy DEBUGINFOD_URLS=https://debuginfod.ubuntu.com /usr/bin/cmake --build /home/kazusa/kazusa/build/mast -- -j12 -l12
[10.749s] DEBUG:colcon.colcon_core.event_handler.log_command:Invoking command in '/home/kazusa/kazusa/build/mast': CMAKE_PREFIX_PATH=/home/kazusa/kazusa/install/custom_msgs:/home/kazusa/kazusa/install/controller:/home/kazusa/kazusa/install/my_cart2:/home/kazusa/kazusa/install/mola_conf:/home/kazusa/kazusa/install/mast:/home/kazusa/kazusa/install/launcher:/home/kazusa/kazusa/install/esp_agent:/home/kazusa/kazusa/install/controller_src:/home/kazusa/kazusa/install/amcl_config:/home/kazusa/ros2_deps_ws/install/emcl2:/opt/ros/jazzy/opt/gz_sim_vendor:/opt/ros/jazzy/opt/gz_sensors_vendor:/opt/ros/jazzy/opt/gz_physics_vendor:/opt/ros/jazzy/opt/sdformat_vendor:/opt/ros/jazzy/opt/gz_gui_vendor:/opt/ros/jazzy/opt/gz_transport_vendor:/opt/ros/jazzy/opt/gz_rendering_vendor:/opt/ros/jazzy/opt/gz_plugin_vendor:/opt/ros/jazzy/opt/gz_fuel_tools_vendor:/opt/ros/jazzy/opt/gz_msgs_vendor:/opt/ros/jazzy/opt/gz_common_vendor:/opt/ros/jazzy/opt/gz_math_vendor:/opt/ros/jazzy/opt/gz_utils_vendor:/opt/ros/jazzy/opt/gz_tools_vendor:/opt/ros/jazzy/opt/gz_ogre_next_vendor:/opt/ros/jazzy/opt/gz_dartsim_vendor:/opt/ros/jazzy/opt/gz_cmake_vendor:/opt/ros/jazzy DEBUGINFOD_URLS=https://debuginfod.ubuntu.com /usr/bin/cmake --install /home/kazusa/kazusa/build/mast
[10.772s] Level 1:colcon.colcon_core.environment:create_environment_scripts_only(mast)
[10.773s] Level 1:colcon.colcon_core.environment:checking '/home/kazusa/kazusa/install/mast' for CMake module files
[10.773s] DEBUG:colcon.colcon_core.event_handler.log_command:Invoked command in '/home/kazusa/kazusa/build/mast' returned '0': CMAKE_PREFIX_PATH=/home/kazusa/kazusa/install/custom_msgs:/home/kazusa/kazusa/install/controller:/home/kazusa/kazusa/install/my_cart2:/home/kazusa/kazusa/install/mola_conf:/home/kazusa/kazusa/install/mast:/home/kazusa/kazusa/install/launcher:/home/kazusa/kazusa/install/esp_agent:/home/kazusa/kazusa/install/controller_src:/home/kazusa/kazusa/install/amcl_config:/home/kazusa/ros2_deps_ws/install/emcl2:/opt/ros/jazzy/opt/gz_sim_vendor:/opt/ros/jazzy/opt/gz_sensors_vendor:/opt/ros/jazzy/opt/gz_physics_vendor:/opt/ros/jazzy/opt/sdformat_vendor:/opt/ros/jazzy/opt/gz_gui_vendor:/opt/ros/jazzy/opt/gz_transport_vendor:/opt/ros/jazzy/opt/gz_rendering_vendor:/opt/ros/jazzy/opt/gz_plugin_vendor:/opt/ros/jazzy/opt/gz_fuel_tools_vendor:/opt/ros/jazzy/opt/gz_msgs_vendor:/opt/ros/jazzy/opt/gz_common_vendor:/opt/ros/jazzy/opt/gz_math_vendor:/opt/ros/jazzy/opt/gz_utils_vendor:/opt/ros/jazzy/opt/gz_tools_vendor:/opt/ros/jazzy/opt/gz_ogre_next_vendor:/opt/ros/jazzy/opt/gz_dartsim_vendor:/opt/ros/jazzy/opt/gz_cmake_vendor:/opt/ros/jazzy DEBUGINFOD_URLS=https://debuginfod.ubuntu.com /usr/bin/cmake --install /home/kazusa/kazusa/build/mast
[10.773s] Level 1:colcon.colcon_core.environment:checking '/home/kazusa/kazusa/install/mast' for CMake config files
[10.773s] Level 1:colcon.colcon_core.shell:create_environment_hook('mast', 'cmake_prefix_path')
[10.774s] INFO:colcon.colcon_core.shell:Creating environment hook '/home/kazusa/kazusa/install/mast/share/mast/hook/cmake_prefix_path.ps1'
[10.774s] INFO:colcon.colcon_core.shell:Creating environment descriptor '/home/kazusa/kazusa/install/mast/share/mast/hook/cmake_prefix_path.dsv'
[10.774s] INFO:colcon.colcon_core.shell:Creating environment hook '/home/kazusa/kazusa/install/mast/share/mast/hook/cmake_prefix_path.sh'
[10.774s] Level 1:colcon.colcon_core.environment:checking '/home/kazusa/kazusa/install/mast/lib'
[10.774s] Level 1:colcon.colcon_core.environment:checking '/home/kazusa/kazusa/install/mast/bin'
[10.775s] Level 1:colcon.colcon_core.environment:checking '/home/kazusa/kazusa/install/mast/lib/pkgconfig/mast.pc'
[10.775s] Level 1:colcon.colcon_core.environment:checking '/home/kazusa/kazusa/install/mast/lib/python3.12/site-packages'
[10.775s] Level 1:colcon.colcon_core.environment:checking '/home/kazusa/kazusa/install/mast/bin'
[10.775s] INFO:colcon.colcon_core.shell:Creating package script '/home/kazusa/kazusa/install/mast/share/mast/package.ps1'
[10.775s] INFO:colcon.colcon_core.shell:Creating package descriptor '/home/kazusa/kazusa/install/mast/share/mast/package.dsv'
[10.776s] INFO:colcon.colcon_core.shell:Creating package script '/home/kazusa/kazusa/install/mast/share/mast/package.sh'
[10.776s] INFO:colcon.colcon_core.shell:Creating package script '/home/kazusa/kazusa/install/mast/share/mast/package.bash'
[10.776s] INFO:colcon.colcon_core.shell:Creating package script '/home/kazusa/kazusa/install/mast/share/mast/package.zsh'
[10.776s] Level 1:colcon.colcon_core.environment:create_file_with_runtime_dependencies(/home/kazusa/kazusa/install/mast/share/colcon-core/packages/mast)
[10.776s] Level 1:colcon.colcon_core.environment:create_environment_scripts_only(mast)
[10.777s] Level 1:colcon.colcon_core.environment:checking '/home/kazusa/kazusa/install/mast' for CMake module files
[10.777s] Level 1:colcon.colcon_core.environment:checking '/home/kazusa/kazusa/install/mast' for CMake config files
[10.777s] Level 1:colcon.colcon_core.shell:create_environment_hook('mast', 'cmake_prefix_path')
[10.777s] INFO:colcon.colcon_core.shell:Creating environment hook '/home/kazusa/kazusa/install/mast/share/mast/hook/cmake_prefix_path.ps1'
[10.777s] INFO:colcon.colcon_core.shell:Creating environment descriptor '/home/kazusa/kazusa/install/mast/share/mast/hook/cmake_prefix_path.dsv'
[10.777s] INFO:colcon.colcon_core.shell:Creating environment hook '/home/kazusa/kazusa/install/mast/share/mast/hook/cmake_prefix_path.sh'
[10.778s] Level 1:colcon.colcon_core.environment:checking '/home/kazusa/kazusa/install/mast/lib'
[10.778s] Level 1:colcon.colcon_core.environment:checking '/home/kazusa/kazusa/install/mast/bin'
[10.778s] Level 1:colcon.colcon_core.environment:checking '/home/kazusa/kazusa/install/mast/lib/pkgconfig/mast.pc'
[10.778s] Level 1:colcon.colcon_core.environment:checking '/home/kazusa/kazusa/install/mast/lib/python3.12/site-packages'
[10.778s] Level 1:colcon.colcon_core.environment:checking '/home/kazusa/kazusa/install/mast/bin'
[10.778s] INFO:colcon.colcon_core.shell:Creating package script '/home/kazusa/kazusa/install/mast/share/mast/package.ps1'
[10.779s] INFO:colcon.colcon_core.shell:Creating package descriptor '/home/kazusa/kazusa/install/mast/share/mast/package.dsv'
[10.779s] INFO:colcon.colcon_core.shell:Creating package script '/home/kazusa/kazusa/install/mast/share/mast/package.sh'
[10.779s] INFO:colcon.colcon_core.shell:Creating package script '/home/kazusa/kazusa/install/mast/share/mast/package.bash'
[10.780s] INFO:colcon.colcon_core.shell:Creating package script '/home/kazusa/kazusa/install/mast/share/mast/package.zsh'
[10.780s] Level 1:colcon.colcon_core.environment:create_file_with_runtime_dependencies(/home/kazusa/kazusa/install/mast/share/colcon-core/packages/mast)
[10.780s] DEBUG:colcon.colcon_parallel_executor.executor.parallel:closing loop
[10.780s] DEBUG:colcon.colcon_parallel_executor.executor.parallel:loop closed
[10.780s] DEBUG:colcon.colcon_parallel_executor.executor.parallel:run_until_complete finished with '0'
[10.780s] DEBUG:colcon.colcon_core.event_reactor:joining thread
[10.789s] INFO:colcon.colcon_core.plugin_system:Skipping extension 'colcon_notification.desktop_notification.terminal_notifier': Not used on non-Darwin systems
[10.790s] INFO:colcon.colcon_core.plugin_system:Skipping extension 'colcon_notification.desktop_notification.win32': Not used on non-Windows systems
[10.790s] INFO:colcon.colcon_notification.desktop_notification:Sending desktop notification using 'notify2'
[10.802s] DEBUG:colcon.colcon_core.event_reactor:joined thread
[10.802s] INFO:colcon.colcon_core.shell:Creating prefix script '/home/kazusa/kazusa/install/local_setup.ps1'
[10.803s] INFO:colcon.colcon_core.shell:Creating prefix util module '/home/kazusa/kazusa/install/_local_setup_util_ps1.py'
[10.804s] INFO:colcon.colcon_core.shell:Creating prefix chain script '/home/kazusa/kazusa/install/setup.ps1'
[10.806s] INFO:colcon.colcon_core.shell:Creating prefix script '/home/kazusa/kazusa/install/local_setup.sh'
[10.807s] INFO:colcon.colcon_core.shell:Creating prefix util module '/home/kazusa/kazusa/install/_local_setup_util_sh.py'
[10.808s] INFO:colcon.colcon_core.shell:Creating prefix chain script '/home/kazusa/kazusa/install/setup.sh'
[10.809s] INFO:colcon.colcon_core.shell:Creating prefix script '/home/kazusa/kazusa/install/local_setup.bash'
[10.809s] INFO:colcon.colcon_core.shell:Creating prefix chain script '/home/kazusa/kazusa/install/setup.bash'
[10.810s] INFO:colcon.colcon_core.shell:Creating prefix script '/home/kazusa/kazusa/install/local_setup.zsh'
[10.810s] INFO:colcon.colcon_core.shell:Creating prefix chain script '/home/kazusa/kazusa/install/setup.zsh'
